solid OpenSCAD_Model
  facet normal -1 0 0
    outer loop
      vertex 16.4 -3.27 2.4
      vertex 16.4 -2.02 5.4
      vertex 16.4 -2.02 2.4
    endloop
  endfacet
  facet normal -1 -0 0
    outer loop
      vertex 16.4 -2.02 5.4
      vertex 16.4 -3.27 2.4
      vertex 16.4 -3.27 5.4
    endloop
  endfacet
  facet normal 0 0 1
    outer loop
      vertex 7.6 -6.7 2.4
      vertex 3.16642 -4.56854 2.4
      vertex 7.6394 -7.20059 2.4
    endloop
  endfacet
  facet normal 0 0 1
    outer loop
      vertex 7.94878 -21.5472 2.4
      vertex 3.74805 -26.0608 2.4
      vertex 3.775 -26.3 2.4
    endloop
  endfacet
  facet normal -0 0 1
    outer loop
      vertex 2.93921 -4.64805 2.4
      vertex 7.6394 -7.20059 2.4
      vertex 3.16642 -4.56854 2.4
    endloop
  endfacet
  facet normal 0 0 1
    outer loop
      vertex 7.94878 -21.5472 2.4
      vertex 3.66854 -25.8336 2.4
      vertex 3.74805 -26.0608 2.4
    endloop
  endfacet
  facet normal 0 0 1
    outer loop
      vertex 7.6394 -7.20059 2.4
      vertex 2.93921 -4.64805 2.4
      vertex 7.75662 -7.68885 2.4
    endloop
  endfacet
  facet normal 0 0 1
    outer loop
      vertex 7.94878 -21.5472 2.4
      vertex 3.54047 -25.6297 2.4
      vertex 3.66854 -25.8336 2.4
    endloop
  endfacet
  facet normal -0 0 1
    outer loop
      vertex 2.7 -4.675 2.4
      vertex 7.75662 -7.68885 2.4
      vertex 2.93921 -4.64805 2.4
    endloop
  endfacet
  facet normal 0 0 1
    outer loop
      vertex 7.94878 -21.5472 2.4
      vertex 3.37025 -25.4595 2.4
      vertex 3.54047 -25.6297 2.4
    endloop
  endfacet
  facet normal 0 0 1
    outer loop
      vertex 7.75662 -7.68885 2.4
      vertex 2.7 -4.675 2.4
      vertex 7.94878 -8.15277 2.4
    endloop
  endfacet
  facet normal 0 0 1
    outer loop
      vertex 7.94878 -21.5472 2.4
      vertex 3.16642 -25.3315 2.4
      vertex 3.37025 -25.4595 2.4
    endloop
  endfacet
  facet normal 0 0 1
    outer loop
      vertex 2.46079 -4.64805 2.4
      vertex 7.94878 -8.15277 2.4
      vertex 2.7 -4.675 2.4
    endloop
  endfacet
  facet normal 0 0 1
    outer loop
      vertex 7.94878 -21.5472 2.4
      vertex 2.93921 -25.252 2.4
      vertex 3.16642 -25.3315 2.4
    endloop
  endfacet
  facet normal 0 0 1
    outer loop
      vertex 7.94878 -8.15277 2.4
      vertex 2.46079 -4.64805 2.4
      vertex 7.94878 -21.5472 2.4
    endloop
  endfacet
  facet normal 0 0 1
    outer loop
      vertex 7.94878 -21.5472 2.4
      vertex 2.7 -25.225 2.4
      vertex 2.93921 -25.252 2.4
    endloop
  endfacet
  facet normal 0 0 1
    outer loop
      vertex 2.46079 -25.252 2.4
      vertex 7.94878 -21.5472 2.4
      vertex 2.46079 -4.64805 2.4
    endloop
  endfacet
  facet normal 0 0 1
    outer loop
      vertex 7.94878 -21.5472 2.4
      vertex 2.46079 -25.252 2.4
      vertex 2.7 -25.225 2.4
    endloop
  endfacet
  facet normal 0 0 1
    outer loop
      vertex 2.23358 -4.56854 2.4
      vertex 2.46079 -25.252 2.4
      vertex 2.46079 -4.64805 2.4
    endloop
  endfacet
  facet normal 0 0 1
    outer loop
      vertex 2.23358 -4.56854 2.4
      vertex 2.23358 -25.3315 2.4
      vertex 2.46079 -25.252 2.4
    endloop
  endfacet
  facet normal 0 0 1
    outer loop
      vertex 2.02975 -4.44047 2.4
      vertex 2.23358 -25.3315 2.4
      vertex 2.23358 -4.56854 2.4
    endloop
  endfacet
  facet normal 0 0 1
    outer loop
      vertex 2.02975 -4.44047 2.4
      vertex 2.02975 -25.4595 2.4
      vertex 2.23358 -25.3315 2.4
    endloop
  endfacet
  facet normal 0 0 1
    outer loop
      vertex 0 -3.2 2.4
      vertex 2.02975 -4.44047 2.4
      vertex 1.85953 -4.27025 2.4
    endloop
  endfacet
  facet normal 0 0 1
    outer loop
      vertex 2.02975 -4.44047 2.4
      vertex 0 -3.2 2.4
      vertex 2.02975 -25.4595 2.4
    endloop
  endfacet
  facet normal 0 0 1
    outer loop
      vertex 0 -3.2 2.4
      vertex 1.85953 -4.27025 2.4
      vertex 1.73146 -4.06642 2.4
    endloop
  endfacet
  facet normal 0 0 1
    outer loop
      vertex 0 -26.7 2.4
      vertex 2.02975 -25.4595 2.4
      vertex 0 -3.2 2.4
    endloop
  endfacet
  facet normal 0 0 1
    outer loop
      vertex 0 -3.2 2.4
      vertex 1.73146 -4.06642 2.4
      vertex 1.65195 -3.83921 2.4
    endloop
  endfacet
  facet normal 0 0 1
    outer loop
      vertex 2.02975 -25.4595 2.4
      vertex 0 -26.7 2.4
      vertex 1.85953 -25.6297 2.4
    endloop
  endfacet
  facet normal 0 0 1
    outer loop
      vertex 0 -3.2 2.4
      vertex 1.65195 -3.83921 2.4
      vertex 1.625 -3.6 2.4
    endloop
  endfacet
  facet normal 0 0 1
    outer loop
      vertex 1.85953 -25.6297 2.4
      vertex 0 -26.7 2.4
      vertex 1.73146 -25.8336 2.4
    endloop
  endfacet
  facet normal 0 0 1
    outer loop
      vertex 27.65 -19.6 2.4
      vertex 14 -23 2.4
      vertex 16.4 -26.63 2.4
    endloop
  endfacet
  facet normal 0 0 1
    outer loop
      vertex 27.65 -19.6 2.4
      vertex 13.9606 -22.4994 2.4
      vertex 14 -23 2.4
    endloop
  endfacet
  facet normal -0 0 1
    outer loop
      vertex 13.3889 -8.58091 2.4
      vertex 27.65 -10.4 2.4
      vertex 13.6512 -8.15277 2.4
    endloop
  endfacet
  facet normal 0 0 1
    outer loop
      vertex 27.65 -19.6 2.4
      vertex 13.8434 -22.0111 2.4
      vertex 13.9606 -22.4994 2.4
    endloop
  endfacet
  facet normal -0 0 1
    outer loop
      vertex 13.0627 -8.96274 2.4
      vertex 27.65 -10.4 2.4
      vertex 13.3889 -8.58091 2.4
    endloop
  endfacet
  facet normal 0 0 1
    outer loop
      vertex 27.65 -19.6 2.4
      vertex 13.6512 -21.5472 2.4
      vertex 13.8434 -22.0111 2.4
    endloop
  endfacet
  facet normal 0 0 1
    outer loop
      vertex 13.0627 -20.7373 2.4
      vertex 27.65 -10.4 2.4
      vertex 13.0627 -8.96274 2.4
    endloop
  endfacet
  facet normal 0 0 1
    outer loop
      vertex 27.65 -19.6 2.4
      vertex 13.3889 -21.1191 2.4
      vertex 13.6512 -21.5472 2.4
    endloop
  endfacet
  facet normal 0 0 1
    outer loop
      vertex 27.65 -10.4 2.4
      vertex 13.0627 -20.7373 2.4
      vertex 27.65 -19.6 2.4
    endloop
  endfacet
  facet normal 0 0 1
    outer loop
      vertex 27.65 -19.6 2.4
      vertex 13.0627 -20.7373 2.4
      vertex 13.3889 -21.1191 2.4
    endloop
  endfacet
  facet normal -0 0 1
    outer loop
      vertex 12.6809 -9.28885 2.4
      vertex 13.0627 -20.7373 2.4
      vertex 13.0627 -8.96274 2.4
    endloop
  endfacet
  facet normal 0 0 1
    outer loop
      vertex 12.6809 -9.28885 2.4
      vertex 12.6809 -20.4111 2.4
      vertex 13.0627 -20.7373 2.4
    endloop
  endfacet
  facet normal -0 0 1
    outer loop
      vertex 12.2528 -9.55122 2.4
      vertex 12.6809 -20.4111 2.4
      vertex 12.6809 -9.28885 2.4
    endloop
  endfacet
  facet normal 0 0 1
    outer loop
      vertex 12.2528 -9.55122 2.4
      vertex 12.2528 -20.1488 2.4
      vertex 12.6809 -20.4111 2.4
    endloop
  endfacet
  facet normal -0 0 1
    outer loop
      vertex 11.7889 -9.74338 2.4
      vertex 12.2528 -20.1488 2.4
      vertex 12.2528 -9.55122 2.4
    endloop
  endfacet
  facet normal 0 0 1
    outer loop
      vertex 11.7889 -9.74338 2.4
      vertex 11.7889 -19.9566 2.4
      vertex 12.2528 -20.1488 2.4
    endloop
  endfacet
  facet normal -0 0 1
    outer loop
      vertex 11.3006 -9.8606 2.4
      vertex 11.7889 -19.9566 2.4
      vertex 11.7889 -9.74338 2.4
    endloop
  endfacet
  facet normal 0 0 1
    outer loop
      vertex 11.3006 -9.8606 2.4
      vertex 11.3006 -19.8394 2.4
      vertex 11.7889 -19.9566 2.4
    endloop
  endfacet
  facet normal -0 0 1
    outer loop
      vertex 10.8 -9.9 2.4
      vertex 11.3006 -19.8394 2.4
      vertex 11.3006 -9.8606 2.4
    endloop
  endfacet
  facet normal 0 0 1
    outer loop
      vertex 10.8 -9.9 2.4
      vertex 10.8 -19.8 2.4
      vertex 11.3006 -19.8394 2.4
    endloop
  endfacet
  facet normal 0 0 1
    outer loop
      vertex 10.2994 -9.8606 2.4
      vertex 10.8 -19.8 2.4
      vertex 10.8 -9.9 2.4
    endloop
  endfacet
  facet normal 0 0 1
    outer loop
      vertex 10.2994 -9.8606 2.4
      vertex 10.2994 -19.8394 2.4
      vertex 10.8 -19.8 2.4
    endloop
  endfacet
  facet normal 0 0 1
    outer loop
      vertex 9.81114 -9.74338 2.4
      vertex 10.2994 -19.8394 2.4
      vertex 10.2994 -9.8606 2.4
    endloop
  endfacet
  facet normal 0 0 1
    outer loop
      vertex 9.81114 -9.74338 2.4
      vertex 9.81114 -19.9566 2.4
      vertex 10.2994 -19.8394 2.4
    endloop
  endfacet
  facet normal 0 0 1
    outer loop
      vertex 9.34723 -9.55122 2.4
      vertex 9.81114 -19.9566 2.4
      vertex 9.81114 -9.74338 2.4
    endloop
  endfacet
  facet normal 0 0 1
    outer loop
      vertex 9.34723 -9.55122 2.4
      vertex 9.34723 -20.1488 2.4
      vertex 9.81114 -19.9566 2.4
    endloop
  endfacet
  facet normal 0 0 1
    outer loop
      vertex 8.91909 -9.28885 2.4
      vertex 9.34723 -20.1488 2.4
      vertex 9.34723 -9.55122 2.4
    endloop
  endfacet
  facet normal 0 0 1
    outer loop
      vertex 8.91909 -9.28885 2.4
      vertex 8.91909 -20.4111 2.4
      vertex 9.34723 -20.1488 2.4
    endloop
  endfacet
  facet normal 0 0 1
    outer loop
      vertex 8.53726 -8.96274 2.4
      vertex 8.91909 -20.4111 2.4
      vertex 8.91909 -9.28885 2.4
    endloop
  endfacet
  facet normal 0 0 1
    outer loop
      vertex 8.53726 -8.96274 2.4
      vertex 8.53726 -20.7373 2.4
      vertex 8.91909 -20.4111 2.4
    endloop
  endfacet
  facet normal 0 0 1
    outer loop
      vertex 8.21115 -8.58091 2.4
      vertex 8.53726 -20.7373 2.4
      vertex 8.53726 -8.96274 2.4
    endloop
  endfacet
  facet normal 0 0 1
    outer loop
      vertex 8.21115 -8.58091 2.4
      vertex 8.21115 -21.1191 2.4
      vertex 8.53726 -20.7373 2.4
    endloop
  endfacet
  facet normal 0 0 1
    outer loop
      vertex 7.94878 -8.15277 2.4
      vertex 8.21115 -21.1191 2.4
      vertex 8.21115 -8.58091 2.4
    endloop
  endfacet
  facet normal 0 0 1
    outer loop
      vertex 7.94878 -8.15277 2.4
      vertex 7.94878 -21.5472 2.4
      vertex 8.21115 -21.1191 2.4
    endloop
  endfacet
  facet normal -0 0 1
    outer loop
      vertex 3.37025 -4.44047 2.4
      vertex 7.6394 -6.19941 2.4
      vertex 3.54047 -4.27025 2.4
    endloop
  endfacet
  facet normal 0 0 1
    outer loop
      vertex 7.6394 -6.19941 2.4
      vertex 3.37025 -4.44047 2.4
      vertex 7.6 -6.7 2.4
    endloop
  endfacet
  facet normal 0 0 1
    outer loop
      vertex 7.75662 -5.71115 2.4
      vertex 3.54047 -4.27025 2.4
      vertex 7.6394 -6.19941 2.4
    endloop
  endfacet
  facet normal -0 0 1
    outer loop
      vertex 3.16642 -4.56854 2.4
      vertex 7.6 -6.7 2.4
      vertex 3.37025 -4.44047 2.4
    endloop
  endfacet
  facet normal -0 0 1
    outer loop
      vertex 3.54047 -4.27025 2.4
      vertex 7.75662 -5.71115 2.4
      vertex 3.66854 -4.06642 2.4
    endloop
  endfacet
  facet normal 0 0 1
    outer loop
      vertex 7.94878 -21.5472 2.4
      vertex 3.775 -26.3 2.4
      vertex 7.75662 -22.0111 2.4
    endloop
  endfacet
  facet normal 0 0 1
    outer loop
      vertex 61.9405 -4.27025 2.4
      vertex 63.8 -3.2 2.4
      vertex 62.0685 -4.06642 2.4
    endloop
  endfacet
  facet normal 0 0 1
    outer loop
      vertex 63.8 -26.7 2.4
      vertex 62.148 -26.0608 2.4
      vertex 62.175 -26.3 2.4
    endloop
  endfacet
  facet normal 0 0 1
    outer loop
      vertex 61.7703 -4.44047 2.4
      vertex 63.8 -3.2 2.4
      vertex 61.9405 -4.27025 2.4
    endloop
  endfacet
  facet normal 0 0 1
    outer loop
      vertex 63.8 -26.7 2.4
      vertex 62.0685 -25.8336 2.4
      vertex 62.148 -26.0608 2.4
    endloop
  endfacet
  facet normal 0 0 1
    outer loop
      vertex 63.8 -3.2 2.4
      vertex 61.7703 -4.44047 2.4
      vertex 63.8 -26.7 2.4
    endloop
  endfacet
  facet normal 0 0 1
    outer loop
      vertex 63.8 -26.7 2.4
      vertex 61.9405 -25.6297 2.4
      vertex 62.0685 -25.8336 2.4
    endloop
  endfacet
  facet normal -0 0 1
    outer loop
      vertex 61.7703 -25.4595 2.4
      vertex 63.8 -26.7 2.4
      vertex 61.7703 -4.44047 2.4
    endloop
  endfacet
  facet normal 0 0 1
    outer loop
      vertex 63.8 -26.7 2.4
      vertex 61.7703 -25.4595 2.4
      vertex 61.9405 -25.6297 2.4
    endloop
  endfacet
  facet normal -0 0 1
    outer loop
      vertex 61.5664 -4.56854 2.4
      vertex 61.7703 -25.4595 2.4
      vertex 61.7703 -4.44047 2.4
    endloop
  endfacet
  facet normal 0 0 1
    outer loop
      vertex 61.5664 -4.56854 2.4
      vertex 61.5664 -25.3315 2.4
      vertex 61.7703 -25.4595 2.4
    endloop
  endfacet
  facet normal -0 0 1
    outer loop
      vertex 61.3392 -4.64805 2.4
      vertex 61.5664 -25.3315 2.4
      vertex 61.5664 -4.56854 2.4
    endloop
  endfacet
  facet normal 0 0 1
    outer loop
      vertex 61.3392 -4.64805 2.4
      vertex 61.3392 -25.252 2.4
      vertex 61.5664 -25.3315 2.4
    endloop
  endfacet
  facet normal -0 0 1
    outer loop
      vertex 61.1 -4.675 2.4
      vertex 61.3392 -25.252 2.4
      vertex 61.3392 -4.64805 2.4
    endloop
  endfacet
  facet normal 0 0 1
    outer loop
      vertex 61.1 -4.675 2.4
      vertex 61.1 -25.225 2.4
      vertex 61.3392 -25.252 2.4
    endloop
  endfacet
  facet normal 0 0 1
    outer loop
      vertex 60.8608 -4.64805 2.4
      vertex 61.1 -25.225 2.4
      vertex 61.1 -4.675 2.4
    endloop
  endfacet
  facet normal 0 0 1
    outer loop
      vertex 60.8608 -4.64805 2.4
      vertex 60.8608 -25.252 2.4
      vertex 61.1 -25.225 2.4
    endloop
  endfacet
  facet normal 0 0 1
    outer loop
      vertex 60.6336 -4.56854 2.4
      vertex 60.8608 -25.252 2.4
      vertex 60.8608 -4.64805 2.4
    endloop
  endfacet
  facet normal 0 0 1
    outer loop
      vertex 60.6336 -4.56854 2.4
      vertex 60.6336 -25.3315 2.4
      vertex 60.8608 -25.252 2.4
    endloop
  endfacet
  facet normal 0 0 1
    outer loop
      vertex 60.4297 -4.44047 2.4
      vertex 60.6336 -25.3315 2.4
      vertex 60.6336 -4.56854 2.4
    endloop
  endfacet
  facet normal 0 0 1
    outer loop
      vertex 60.4297 -4.44047 2.4
      vertex 60.4297 -25.4595 2.4
      vertex 60.6336 -25.3315 2.4
    endloop
  endfacet
  facet normal 0 0 1
    outer loop
      vertex 60.2595 -4.27025 2.4
      vertex 60.4297 -25.4595 2.4
      vertex 60.4297 -4.44047 2.4
    endloop
  endfacet
  facet normal 0 0 1
    outer loop
      vertex 60.2595 -4.27025 2.4
      vertex 60.2595 -25.6297 2.4
      vertex 60.4297 -25.4595 2.4
    endloop
  endfacet
  facet normal 0 0 1
    outer loop
      vertex 57.46 -2.02 2.4
      vertex 60.2595 -4.27025 2.4
      vertex 60.1315 -4.06642 2.4
    endloop
  endfacet
  facet normal 0 0 1
    outer loop
      vertex 60.2595 -4.27025 2.4
      vertex 57.46 -2.02 2.4
      vertex 60.2595 -25.6297 2.4
    endloop
  endfacet
  facet normal 0 0 1
    outer loop
      vertex 57.46 -2.02 2.4
      vertex 60.1315 -4.06642 2.4
      vertex 60.052 -3.83921 2.4
    endloop
  endfacet
  facet normal 0 0 1
    outer loop
      vertex 57.46 -27.88 2.4
      vertex 60.2595 -25.6297 2.4
      vertex 57.46 -2.02 2.4
    endloop
  endfacet
  facet normal 0 0 1
    outer loop
      vertex 57.46 -2.02 2.4
      vertex 60.052 -3.83921 2.4
      vertex 60.025 -3.6 2.4
    endloop
  endfacet
  facet normal 0 0 1
    outer loop
      vertex 60.2595 -25.6297 2.4
      vertex 57.46 -27.88 2.4
      vertex 60.1315 -25.8336 2.4
    endloop
  endfacet
  facet normal 0 0 1
    outer loop
      vertex 62.148 -3.36079 2.4
      vertex 63.8 -3.2 2.4
      vertex 63.7846 -2.88634 2.4
    endloop
  endfacet
  facet normal 0 0 1
    outer loop
      vertex 62.148 -3.83921 2.4
      vertex 63.8 -3.2 2.4
      vertex 62.175 -3.6 2.4
    endloop
  endfacet
  facet normal 0 0 1
    outer loop
      vertex 62.0685 -3.13357 2.4
      vertex 63.7846 -2.88634 2.4
      vertex 63.7385 -2.57571 2.4
    endloop
  endfacet
  facet normal 0 0 1
    outer loop
      vertex 62.0685 -4.06642 2.4
      vertex 63.8 -3.2 2.4
      vertex 62.148 -3.83921 2.4
    endloop
  endfacet
  facet normal 0 0 1
    outer loop
      vertex 62.0685 -3.13357 2.4
      vertex 63.7385 -2.57571 2.4
      vertex 63.6622 -2.27109 2.4
    endloop
  endfacet
  facet normal -0 0 1
    outer loop
      vertex 62.148 -26.5392 2.4
      vertex 63.8 -26.7 2.4
      vertex 62.175 -26.3 2.4
    endloop
  endfacet
  facet normal 0 0 1
    outer loop
      vertex 61.9405 -2.92975 2.4
      vertex 63.6622 -2.27109 2.4
      vertex 63.5564 -1.97541 2.4
    endloop
  endfacet
  facet normal 0 0 1
    outer loop
      vertex 63.8 -26.7 2.4
      vertex 62.148 -26.5392 2.4
      vertex 63.7846 -27.0137 2.4
    endloop
  endfacet
  facet normal 0 0 1
    outer loop
      vertex 61.9405 -2.92975 2.4
      vertex 63.5564 -1.97541 2.4
      vertex 63.4221 -1.69153 2.4
    endloop
  endfacet
  facet normal -0 0 1
    outer loop
      vertex 62.0685 -26.7664 2.4
      vertex 63.7846 -27.0137 2.4
      vertex 62.148 -26.5392 2.4
    endloop
  endfacet
  facet normal 0 0 1
    outer loop
      vertex 61.7703 -2.75953 2.4
      vertex 63.4221 -1.69153 2.4
      vertex 63.2607 -1.42217 2.4
    endloop
  endfacet
  facet normal 0 0 1
    outer loop
      vertex 63.7846 -27.0137 2.4
      vertex 62.0685 -26.7664 2.4
      vertex 63.7385 -27.3243 2.4
    endloop
  endfacet
  facet normal 0 0 1
    outer loop
      vertex 61.7703 -2.75953 2.4
      vertex 63.2607 -1.42217 2.4
      vertex 63.0736 -1.16994 2.4
    endloop
  endfacet
  facet normal 0 0 1
    outer loop
      vertex 63.7385 -27.3243 2.4
      vertex 62.0685 -26.7664 2.4
      vertex 63.6622 -27.6289 2.4
    endloop
  endfacet
  facet normal 0 0 1
    outer loop
      vertex 61.5664 -2.63146 2.4
      vertex 63.0736 -1.16994 2.4
      vertex 62.8627 -0.937258 2.4
    endloop
  endfacet
  facet normal -0 0 1
    outer loop
      vertex 61.9405 -26.9703 2.4
      vertex 63.6622 -27.6289 2.4
      vertex 62.0685 -26.7664 2.4
    endloop
  endfacet
  facet normal 0 0 1
    outer loop
      vertex 61.5664 -2.63146 2.4
      vertex 62.8627 -0.937258 2.4
      vertex 62.6301 -0.726366 2.4
    endloop
  endfacet
  facet normal 0 0 1
    outer loop
      vertex 63.6622 -27.6289 2.4
      vertex 61.9405 -26.9703 2.4
      vertex 63.5564 -27.9246 2.4
    endloop
  endfacet
  facet normal 0 0 1
    outer loop
      vertex 61.5664 -2.63146 2.4
      vertex 62.6301 -0.726366 2.4
      vertex 62.3778 -0.539297 2.4
    endloop
  endfacet
  facet normal 0 0 1
    outer loop
      vertex 63.5564 -27.9246 2.4
      vertex 61.9405 -26.9703 2.4
      vertex 63.4221 -28.2085 2.4
    endloop
  endfacet
  facet normal -0 0 1
    outer loop
      vertex 61.7703 -27.1405 2.4
      vertex 63.4221 -28.2085 2.4
      vertex 61.9405 -26.9703 2.4
    endloop
  endfacet
  facet normal 0 0 1
    outer loop
      vertex 63.8 -3.2 2.4
      vertex 62.148 -3.36079 2.4
      vertex 62.175 -3.6 2.4
    endloop
  endfacet
  facet normal 0 0 1
    outer loop
      vertex 61.3392 -2.55195 2.4
      vertex 62.3778 -0.539297 2.4
      vertex 62.1085 -0.377851 2.4
    endloop
  endfacet
  facet normal 0 0 1
    outer loop
      vertex 63.7846 -2.88634 2.4
      vertex 62.0685 -3.13357 2.4
      vertex 62.148 -3.36079 2.4
    endloop
  endfacet
  facet normal 0 0 1
    outer loop
      vertex 63.6622 -2.27109 2.4
      vertex 61.9405 -2.92975 2.4
      vertex 62.0685 -3.13357 2.4
    endloop
  endfacet
  facet normal 0 0 1
    outer loop
      vertex 61.3392 -2.55195 2.4
      vertex 62.1085 -0.377851 2.4
      vertex 61.8246 -0.243585 2.4
    endloop
  endfacet
  facet normal 0 0 1
    outer loop
      vertex 63.4221 -1.69153 2.4
      vertex 61.7703 -2.75953 2.4
      vertex 61.9405 -2.92975 2.4
    endloop
  endfacet
  facet normal 0 0 1
    outer loop
      vertex 63.0736 -1.16994 2.4
      vertex 61.5664 -2.63146 2.4
      vertex 61.7703 -2.75953 2.4
    endloop
  endfacet
  facet normal 0 0 1
    outer loop
      vertex 61.1 -2.525 2.4
      vertex 61.8246 -0.243585 2.4
      vertex 61.5289 -0.137791 2.4
    endloop
  endfacet
  facet normal 0 0 1
    outer loop
      vertex 62.3778 -0.539297 2.4
      vertex 61.3392 -2.55195 2.4
      vertex 61.5664 -2.63146 2.4
    endloop
  endfacet
  facet normal 0 0 1
    outer loop
      vertex 61.1 -2.525 2.4
      vertex 61.5289 -0.137791 2.4
      vertex 61.2243 -0.0614862 2.4
    endloop
  endfacet
  facet normal 0 0 1
    outer loop
      vertex 61.8246 -0.243585 2.4
      vertex 61.1 -2.525 2.4
      vertex 61.3392 -2.55195 2.4
    endloop
  endfacet
  facet normal 0 0 1
    outer loop
      vertex 60.9137 -0.0154085 2.4
      vertex 61.1 -2.525 2.4
      vertex 61.2243 -0.0614862 2.4
    endloop
  endfacet
  facet normal 0 0 1
    outer loop
      vertex 60.9137 -0.0154085 2.4
      vertex 60.8608 -2.55195 2.4
      vertex 61.1 -2.525 2.4
    endloop
  endfacet
  facet normal 0 0 1
    outer loop
      vertex 60.6 0 2.4
      vertex 60.8608 -2.55195 2.4
      vertex 60.9137 -0.0154085 2.4
    endloop
  endfacet
  facet normal 0 0 1
    outer loop
      vertex 60.8608 -2.55195 2.4
      vertex 60.6 0 2.4
      vertex 60.6336 -2.63146 2.4
    endloop
  endfacet
  facet normal 0 0 1
    outer loop
      vertex 60.6 0 2.4
      vertex 60.4297 -2.75953 2.4
      vertex 60.6336 -2.63146 2.4
    endloop
  endfacet
  facet normal -0 0 1
    outer loop
      vertex 57.46 -2.02 2.4
      vertex 60.4297 -2.75953 2.4
      vertex 60.6 0 2.4
    endloop
  endfacet
  facet normal 0 0 1
    outer loop
      vertex 60.4297 -2.75953 2.4
      vertex 57.46 -2.02 2.4
      vertex 60.2595 -2.92975 2.4
    endloop
  endfacet
  facet normal 0 0 1
    outer loop
      vertex 60.2595 -2.92975 2.4
      vertex 57.46 -2.02 2.4
      vertex 60.1315 -3.13357 2.4
    endloop
  endfacet
  facet normal 0 0 1
    outer loop
      vertex 60.1315 -25.8336 2.4
      vertex 57.46 -27.88 2.4
      vertex 60.052 -26.0608 2.4
    endloop
  endfacet
  facet normal 0 0 1
    outer loop
      vertex 60.052 -3.36079 2.4
      vertex 57.46 -2.02 2.4
      vertex 60.025 -3.6 2.4
    endloop
  endfacet
  facet normal 0 0 1
    outer loop
      vertex 60.1315 -3.13357 2.4
      vertex 57.46 -2.02 2.4
      vertex 60.052 -3.36079 2.4
    endloop
  endfacet
  facet normal 0 0 1
    outer loop
      vertex 60.6 0 2.4
      vertex 16.4 -2.02 2.4
      vertex 57.46 -2.02 2.4
    endloop
  endfacet
  facet normal 0 0 1
    outer loop
      vertex 13.0627 -4.43726 2.4
      vertex 16.4 -3.27 2.4
      vertex 16.4 -2.02 2.4
    endloop
  endfacet
  facet normal 0 0 1
    outer loop
      vertex 13.9606 -7.20059 2.4
      vertex 16.4 -3.27 2.4
      vertex 14 -6.7 2.4
    endloop
  endfacet
  facet normal -0 0 1
    outer loop
      vertex 13.6512 -8.15277 2.4
      vertex 27.65 -10.4 2.4
      vertex 13.8434 -7.68885 2.4
    endloop
  endfacet
  facet normal 0 0 1
    outer loop
      vertex 16.4 -3.27 2.4
      vertex 13.9606 -6.19941 2.4
      vertex 14 -6.7 2.4
    endloop
  endfacet
  facet normal 0 0 1
    outer loop
      vertex 16.4 -3.27 2.4
      vertex 13.8434 -5.71115 2.4
      vertex 13.9606 -6.19941 2.4
    endloop
  endfacet
  facet normal 0 0 1
    outer loop
      vertex 16.4 -3.27 2.4
      vertex 13.6512 -5.24723 2.4
      vertex 13.8434 -5.71115 2.4
    endloop
  endfacet
  facet normal 0 0 1
    outer loop
      vertex 16.4 -3.27 2.4
      vertex 13.3889 -4.81909 2.4
      vertex 13.6512 -5.24723 2.4
    endloop
  endfacet
  facet normal 0 0 1
    outer loop
      vertex 16.4 -3.27 2.4
      vertex 13.0627 -4.43726 2.4
      vertex 13.3889 -4.81909 2.4
    endloop
  endfacet
  facet normal 0 0 1
    outer loop
      vertex 16.4 -2.02 2.4
      vertex 12.6809 -4.11115 2.4
      vertex 13.0627 -4.43726 2.4
    endloop
  endfacet
  facet normal 0 0 1
    outer loop
      vertex 16.4 -2.02 2.4
      vertex 12.2528 -3.84878 2.4
      vertex 12.6809 -4.11115 2.4
    endloop
  endfacet
  facet normal 0 0 1
    outer loop
      vertex 16.4 -2.02 2.4
      vertex 11.7889 -3.65662 2.4
      vertex 12.2528 -3.84878 2.4
    endloop
  endfacet
  facet normal 0 0 1
    outer loop
      vertex 16.4 -2.02 2.4
      vertex 11.3006 -3.5394 2.4
      vertex 11.7889 -3.65662 2.4
    endloop
  endfacet
  facet normal 0 0 1
    outer loop
      vertex 16.4 -2.02 2.4
      vertex 10.8 -3.5 2.4
      vertex 11.3006 -3.5394 2.4
    endloop
  endfacet
  facet normal 0 0 1
    outer loop
      vertex 3.2 0 2.4
      vertex 10.8 -3.5 2.4
      vertex 16.4 -2.02 2.4
    endloop
  endfacet
  facet normal 0 0 1
    outer loop
      vertex 10.8 -3.5 2.4
      vertex 3.2 0 2.4
      vertex 10.2994 -3.5394 2.4
    endloop
  endfacet
  facet normal 0 0 1
    outer loop
      vertex 7.75662 -22.0111 2.4
      vertex 3.775 -26.3 2.4
      vertex 7.6394 -22.4994 2.4
    endloop
  endfacet
  facet normal -0 0 1
    outer loop
      vertex 3.66854 -4.06642 2.4
      vertex 7.75662 -5.71115 2.4
      vertex 3.74805 -3.83921 2.4
    endloop
  endfacet
  facet normal 0 0 1
    outer loop
      vertex 7.94878 -5.24723 2.4
      vertex 3.74805 -3.83921 2.4
      vertex 7.75662 -5.71115 2.4
    endloop
  endfacet
  facet normal -0 0 1
    outer loop
      vertex 3.74805 -3.83921 2.4
      vertex 7.94878 -5.24723 2.4
      vertex 3.775 -3.6 2.4
    endloop
  endfacet
  facet normal 0 0 1
    outer loop
      vertex 8.21115 -4.81909 2.4
      vertex 3.775 -3.6 2.4
      vertex 7.94878 -5.24723 2.4
    endloop
  endfacet
  facet normal 0 0 1
    outer loop
      vertex 3.74805 -3.36079 2.4
      vertex 8.21115 -4.81909 2.4
      vertex 8.53726 -4.43726 2.4
    endloop
  endfacet
  facet normal 0 0 1
    outer loop
      vertex 3.66854 -3.13357 2.4
      vertex 8.53726 -4.43726 2.4
      vertex 8.91909 -4.11115 2.4
    endloop
  endfacet
  facet normal 0 0 1
    outer loop
      vertex 3.2 0 2.4
      vertex 8.91909 -4.11115 2.4
      vertex 9.34723 -3.84878 2.4
    endloop
  endfacet
  facet normal 0 0 1
    outer loop
      vertex 3.2 0 2.4
      vertex 9.34723 -3.84878 2.4
      vertex 9.81114 -3.65662 2.4
    endloop
  endfacet
  facet normal 0 0 1
    outer loop
      vertex 10.2994 -3.5394 2.4
      vertex 3.2 0 2.4
      vertex 9.81114 -3.65662 2.4
    endloop
  endfacet
  facet normal 0 0 1
    outer loop
      vertex 8.21115 -4.81909 2.4
      vertex 3.74805 -3.36079 2.4
      vertex 3.775 -3.6 2.4
    endloop
  endfacet
  facet normal 0 0 1
    outer loop
      vertex 8.53726 -4.43726 2.4
      vertex 3.66854 -3.13357 2.4
      vertex 3.74805 -3.36079 2.4
    endloop
  endfacet
  facet normal 0 0 1
    outer loop
      vertex 8.91909 -4.11115 2.4
      vertex 3.2 0 2.4
      vertex 3.66854 -3.13357 2.4
    endloop
  endfacet
  facet normal 0 0 1
    outer loop
      vertex 3.66854 -3.13357 2.4
      vertex 3.2 0 2.4
      vertex 3.54047 -2.92975 2.4
    endloop
  endfacet
  facet normal -0 0 1
    outer loop
      vertex 3.2 0 2.4
      vertex 16.4 -2.02 2.4
      vertex 60.6 0 2.4
    endloop
  endfacet
  facet normal 0 0 1
    outer loop
      vertex 3.54047 -2.92975 2.4
      vertex 3.2 0 2.4
      vertex 3.37025 -2.75953 2.4
    endloop
  endfacet
  facet normal 0 0 1
    outer loop
      vertex 3.2 0 2.4
      vertex 3.16642 -2.63146 2.4
      vertex 3.37025 -2.75953 2.4
    endloop
  endfacet
  facet normal 0 0 1
    outer loop
      vertex 3.2 0 2.4
      vertex 2.93921 -2.55195 2.4
      vertex 3.16642 -2.63146 2.4
    endloop
  endfacet
  facet normal -0 0 1
    outer loop
      vertex 2.88634 -0.0154085 2.4
      vertex 2.93921 -2.55195 2.4
      vertex 3.2 0 2.4
    endloop
  endfacet
  facet normal 0 0 1
    outer loop
      vertex 2.88634 -0.0154085 2.4
      vertex 2.7 -2.525 2.4
      vertex 2.93921 -2.55195 2.4
    endloop
  endfacet
  facet normal -0 0 1
    outer loop
      vertex 2.57571 -0.0614862 2.4
      vertex 2.7 -2.525 2.4
      vertex 2.88634 -0.0154085 2.4
    endloop
  endfacet
  facet normal -0 0 1
    outer loop
      vertex 2.27109 -0.137791 2.4
      vertex 2.7 -2.525 2.4
      vertex 2.57571 -0.0614862 2.4
    endloop
  endfacet
  facet normal -0 0 1
    outer loop
      vertex 1.97541 -0.243585 2.4
      vertex 2.7 -2.525 2.4
      vertex 2.27109 -0.137791 2.4
    endloop
  endfacet
  facet normal 0 0 1
    outer loop
      vertex 2.7 -2.525 2.4
      vertex 1.97541 -0.243585 2.4
      vertex 2.46079 -2.55195 2.4
    endloop
  endfacet
  facet normal -0 0 1
    outer loop
      vertex 1.69153 -0.377851 2.4
      vertex 2.46079 -2.55195 2.4
      vertex 1.97541 -0.243585 2.4
    endloop
  endfacet
  facet normal -0 0 1
    outer loop
      vertex 1.42217 -0.539297 2.4
      vertex 2.46079 -2.55195 2.4
      vertex 1.69153 -0.377851 2.4
    endloop
  endfacet
  facet normal 0 0 1
    outer loop
      vertex 2.46079 -2.55195 2.4
      vertex 1.42217 -0.539297 2.4
      vertex 2.23358 -2.63146 2.4
    endloop
  endfacet
  facet normal -0 0 1
    outer loop
      vertex 1.16994 -0.726366 2.4
      vertex 2.23358 -2.63146 2.4
      vertex 1.42217 -0.539297 2.4
    endloop
  endfacet
  facet normal -0 0 1
    outer loop
      vertex 0.937258 -0.937258 2.4
      vertex 2.23358 -2.63146 2.4
      vertex 1.16994 -0.726366 2.4
    endloop
  endfacet
  facet normal -0 0 1
    outer loop
      vertex 0.726366 -1.16994 2.4
      vertex 2.23358 -2.63146 2.4
      vertex 0.937258 -0.937258 2.4
    endloop
  endfacet
  facet normal 0 0 1
    outer loop
      vertex 2.23358 -2.63146 2.4
      vertex 0.726366 -1.16994 2.4
      vertex 2.02975 -2.75953 2.4
    endloop
  endfacet
  facet normal -0 0 1
    outer loop
      vertex 0.377851 -1.69153 2.4
      vertex 2.02975 -2.75953 2.4
      vertex 0.539297 -1.42217 2.4
    endloop
  endfacet
  facet normal -0 0 1
    outer loop
      vertex 0.539297 -1.42217 2.4
      vertex 2.02975 -2.75953 2.4
      vertex 0.726366 -1.16994 2.4
    endloop
  endfacet
  facet normal 0 0 1
    outer loop
      vertex 63.4221 -28.2085 2.4
      vertex 61.7703 -27.1405 2.4
      vertex 63.2607 -28.4778 2.4
    endloop
  endfacet
  facet normal 0 0 1
    outer loop
      vertex 63.2607 -28.4778 2.4
      vertex 61.7703 -27.1405 2.4
      vertex 63.0736 -28.7301 2.4
    endloop
  endfacet
  facet normal -0 0 1
    outer loop
      vertex 61.5664 -27.2685 2.4
      vertex 63.0736 -28.7301 2.4
      vertex 61.7703 -27.1405 2.4
    endloop
  endfacet
  facet normal 0 0 1
    outer loop
      vertex 63.0736 -28.7301 2.4
      vertex 61.5664 -27.2685 2.4
      vertex 62.8627 -28.9627 2.4
    endloop
  endfacet
  facet normal 0 0 1
    outer loop
      vertex 62.8627 -28.9627 2.4
      vertex 61.5664 -27.2685 2.4
      vertex 62.6301 -29.1736 2.4
    endloop
  endfacet
  facet normal 0 0 1
    outer loop
      vertex 62.6301 -29.1736 2.4
      vertex 61.5664 -27.2685 2.4
      vertex 62.3778 -29.3607 2.4
    endloop
  endfacet
  facet normal -0 0 1
    outer loop
      vertex 61.3392 -27.348 2.4
      vertex 62.3778 -29.3607 2.4
      vertex 61.5664 -27.2685 2.4
    endloop
  endfacet
  facet normal 0 0 1
    outer loop
      vertex 62.3778 -29.3607 2.4
      vertex 61.3392 -27.348 2.4
      vertex 62.1085 -29.5221 2.4
    endloop
  endfacet
  facet normal 0 0 1
    outer loop
      vertex 62.1085 -29.5221 2.4
      vertex 61.3392 -27.348 2.4
      vertex 61.8246 -29.6564 2.4
    endloop
  endfacet
  facet normal -0 0 1
    outer loop
      vertex 61.1 -27.375 2.4
      vertex 61.8246 -29.6564 2.4
      vertex 61.3392 -27.348 2.4
    endloop
  endfacet
  facet normal 0 0 1
    outer loop
      vertex 61.8246 -29.6564 2.4
      vertex 61.1 -27.375 2.4
      vertex 61.5289 -29.7622 2.4
    endloop
  endfacet
  facet normal 0 0 1
    outer loop
      vertex 61.5289 -29.7622 2.4
      vertex 61.1 -27.375 2.4
      vertex 61.2243 -29.8385 2.4
    endloop
  endfacet
  facet normal 0 0 1
    outer loop
      vertex 61.1 -27.375 2.4
      vertex 60.9137 -29.8846 2.4
      vertex 61.2243 -29.8385 2.4
    endloop
  endfacet
  facet normal 0 0 1
    outer loop
      vertex 60.8608 -27.348 2.4
      vertex 60.9137 -29.8846 2.4
      vertex 61.1 -27.375 2.4
    endloop
  endfacet
  facet normal 0 0 1
    outer loop
      vertex 60.6 -29.9 2.4
      vertex 60.8608 -27.348 2.4
      vertex 60.6336 -27.2685 2.4
    endloop
  endfacet
  facet normal 0 0 1
    outer loop
      vertex 60.8608 -27.348 2.4
      vertex 60.6 -29.9 2.4
      vertex 60.9137 -29.8846 2.4
    endloop
  endfacet
  facet normal 0 0 1
    outer loop
      vertex 60.4297 -27.1405 2.4
      vertex 60.6 -29.9 2.4
      vertex 60.6336 -27.2685 2.4
    endloop
  endfacet
  facet normal 0 0 1
    outer loop
      vertex 57.46 -27.88 2.4
      vertex 60.4297 -27.1405 2.4
      vertex 60.2595 -26.9703 2.4
    endloop
  endfacet
  facet normal 0 0 1
    outer loop
      vertex 57.46 -27.88 2.4
      vertex 60.2595 -26.9703 2.4
      vertex 60.1315 -26.7664 2.4
    endloop
  endfacet
  facet normal 0 0 1
    outer loop
      vertex 57.46 -27.88 2.4
      vertex 60.1315 -26.7664 2.4
      vertex 60.052 -26.5392 2.4
    endloop
  endfacet
  facet normal 0 0 1
    outer loop
      vertex 60.052 -26.0608 2.4
      vertex 57.46 -27.88 2.4
      vertex 60.025 -26.3 2.4
    endloop
  endfacet
  facet normal 0 0 1
    outer loop
      vertex 57.46 -27.88 2.4
      vertex 60.052 -26.5392 2.4
      vertex 60.025 -26.3 2.4
    endloop
  endfacet
  facet normal 0 0 1
    outer loop
      vertex 60.4297 -27.1405 2.4
      vertex 57.46 -27.88 2.4
      vertex 60.6 -29.9 2.4
    endloop
  endfacet
  facet normal -0 0 1
    outer loop
      vertex 16.4 -27.88 2.4
      vertex 60.6 -29.9 2.4
      vertex 57.46 -27.88 2.4
    endloop
  endfacet
  facet normal -0 0 1
    outer loop
      vertex 13.9606 -23.5006 2.4
      vertex 16.4 -26.63 2.4
      vertex 14 -23 2.4
    endloop
  endfacet
  facet normal -0 0 1
    outer loop
      vertex 13.8434 -23.9889 2.4
      vertex 16.4 -26.63 2.4
      vertex 13.9606 -23.5006 2.4
    endloop
  endfacet
  facet normal -0 0 1
    outer loop
      vertex 13.6512 -24.4528 2.4
      vertex 16.4 -26.63 2.4
      vertex 13.8434 -23.9889 2.4
    endloop
  endfacet
  facet normal -0 0 1
    outer loop
      vertex 13.3889 -24.8809 2.4
      vertex 16.4 -26.63 2.4
      vertex 13.6512 -24.4528 2.4
    endloop
  endfacet
  facet normal -0 0 1
    outer loop
      vertex 13.0627 -25.2627 2.4
      vertex 16.4 -26.63 2.4
      vertex 13.3889 -24.8809 2.4
    endloop
  endfacet
  facet normal -0 0 1
    outer loop
      vertex 12.6809 -25.5889 2.4
      vertex 16.4 -26.63 2.4
      vertex 13.0627 -25.2627 2.4
    endloop
  endfacet
  facet normal 0 0 1
    outer loop
      vertex 16.4 -26.63 2.4
      vertex 12.6809 -25.5889 2.4
      vertex 16.4 -27.88 2.4
    endloop
  endfacet
  facet normal -0 0 1
    outer loop
      vertex 12.2528 -25.8512 2.4
      vertex 16.4 -27.88 2.4
      vertex 12.6809 -25.5889 2.4
    endloop
  endfacet
  facet normal -0 0 1
    outer loop
      vertex 11.7889 -26.0434 2.4
      vertex 16.4 -27.88 2.4
      vertex 12.2528 -25.8512 2.4
    endloop
  endfacet
  facet normal -0 0 1
    outer loop
      vertex 11.3006 -26.1606 2.4
      vertex 16.4 -27.88 2.4
      vertex 11.7889 -26.0434 2.4
    endloop
  endfacet
  facet normal -0 0 1
    outer loop
      vertex 10.8 -26.2 2.4
      vertex 16.4 -27.88 2.4
      vertex 11.3006 -26.1606 2.4
    endloop
  endfacet
  facet normal 0 0 1
    outer loop
      vertex 3.2 -29.9 2.4
      vertex 10.8 -26.2 2.4
      vertex 10.2994 -26.1606 2.4
    endloop
  endfacet
  facet normal 0 0 1
    outer loop
      vertex 3.2 -29.9 2.4
      vertex 10.2994 -26.1606 2.4
      vertex 9.81114 -26.0434 2.4
    endloop
  endfacet
  facet normal 0 0 1
    outer loop
      vertex 7.6394 -22.4994 2.4
      vertex 3.775 -26.3 2.4
      vertex 7.6 -23 2.4
    endloop
  endfacet
  facet normal 0 0 1
    outer loop
      vertex 7.6 -23 2.4
      vertex 3.775 -26.3 2.4
      vertex 7.6394 -23.5006 2.4
    endloop
  endfacet
  facet normal 0 0 1
    outer loop
      vertex 3.775 -26.3 2.4
      vertex 7.75662 -23.9889 2.4
      vertex 7.6394 -23.5006 2.4
    endloop
  endfacet
  facet normal 0 0 1
    outer loop
      vertex 3.775 -26.3 2.4
      vertex 7.94878 -24.4528 2.4
      vertex 7.75662 -23.9889 2.4
    endloop
  endfacet
  facet normal 0 0 1
    outer loop
      vertex 3.775 -26.3 2.4
      vertex 8.21115 -24.8809 2.4
      vertex 7.94878 -24.4528 2.4
    endloop
  endfacet
  facet normal 0 0 1
    outer loop
      vertex 3.74805 -26.5392 2.4
      vertex 8.21115 -24.8809 2.4
      vertex 3.775 -26.3 2.4
    endloop
  endfacet
  facet normal 0 0 1
    outer loop
      vertex 8.21115 -24.8809 2.4
      vertex 3.74805 -26.5392 2.4
      vertex 8.53726 -25.2627 2.4
    endloop
  endfacet
  facet normal 0 0 1
    outer loop
      vertex 3.66854 -26.7664 2.4
      vertex 8.53726 -25.2627 2.4
      vertex 3.74805 -26.5392 2.4
    endloop
  endfacet
  facet normal 0 0 1
    outer loop
      vertex 8.53726 -25.2627 2.4
      vertex 3.66854 -26.7664 2.4
      vertex 8.91909 -25.5889 2.4
    endloop
  endfacet
  facet normal 0 0 1
    outer loop
      vertex 3.2 -29.9 2.4
      vertex 8.91909 -25.5889 2.4
      vertex 3.66854 -26.7664 2.4
    endloop
  endfacet
  facet normal 0 0 1
    outer loop
      vertex 8.91909 -25.5889 2.4
      vertex 3.2 -29.9 2.4
      vertex 9.34723 -25.8512 2.4
    endloop
  endfacet
  facet normal 0 0 1
    outer loop
      vertex 9.34723 -25.8512 2.4
      vertex 3.2 -29.9 2.4
      vertex 9.81114 -26.0434 2.4
    endloop
  endfacet
  facet normal 0 0 1
    outer loop
      vertex 3.2 -29.9 2.4
      vertex 3.66854 -26.7664 2.4
      vertex 3.54047 -26.9703 2.4
    endloop
  endfacet
  facet normal 0 0 1
    outer loop
      vertex 3.2 -29.9 2.4
      vertex 3.54047 -26.9703 2.4
      vertex 3.37025 -27.1405 2.4
    endloop
  endfacet
  facet normal 0 0 1
    outer loop
      vertex 16.4 -27.88 2.4
      vertex 3.2 -29.9 2.4
      vertex 60.6 -29.9 2.4
    endloop
  endfacet
  facet normal 0 0 1
    outer loop
      vertex 10.8 -26.2 2.4
      vertex 3.2 -29.9 2.4
      vertex 16.4 -27.88 2.4
    endloop
  endfacet
  facet normal -0 0 1
    outer loop
      vertex 3.16642 -27.2685 2.4
      vertex 3.2 -29.9 2.4
      vertex 3.37025 -27.1405 2.4
    endloop
  endfacet
  facet normal -0 0 1
    outer loop
      vertex 2.93921 -27.348 2.4
      vertex 3.2 -29.9 2.4
      vertex 3.16642 -27.2685 2.4
    endloop
  endfacet
  facet normal 0 0 1
    outer loop
      vertex 2.93921 -27.348 2.4
      vertex 2.88634 -29.8846 2.4
      vertex 3.2 -29.9 2.4
    endloop
  endfacet
  facet normal -0 0 1
    outer loop
      vertex 2.7 -27.375 2.4
      vertex 2.88634 -29.8846 2.4
      vertex 2.93921 -27.348 2.4
    endloop
  endfacet
  facet normal 0 0 1
    outer loop
      vertex 2.7 -27.375 2.4
      vertex 2.57571 -29.8385 2.4
      vertex 2.88634 -29.8846 2.4
    endloop
  endfacet
  facet normal 0 0 1
    outer loop
      vertex 1.97541 -29.6564 2.4
      vertex 2.7 -27.375 2.4
      vertex 2.46079 -27.348 2.4
    endloop
  endfacet
  facet normal 0 0 1
    outer loop
      vertex 2.7 -27.375 2.4
      vertex 2.27109 -29.7622 2.4
      vertex 2.57571 -29.8385 2.4
    endloop
  endfacet
  facet normal 0 0 1
    outer loop
      vertex 1.42217 -29.3607 2.4
      vertex 2.46079 -27.348 2.4
      vertex 2.23358 -27.2685 2.4
    endloop
  endfacet
  facet normal 0 0 1
    outer loop
      vertex 0.726366 -28.7301 2.4
      vertex 2.23358 -27.2685 2.4
      vertex 2.02975 -27.1405 2.4
    endloop
  endfacet
  facet normal 0 0 1
    outer loop
      vertex 2.7 -27.375 2.4
      vertex 1.97541 -29.6564 2.4
      vertex 2.27109 -29.7622 2.4
    endloop
  endfacet
  facet normal 0 0 1
    outer loop
      vertex 0.377851 -28.2085 2.4
      vertex 2.02975 -27.1405 2.4
      vertex 1.85953 -26.9703 2.4
    endloop
  endfacet
  facet normal 0 0 1
    outer loop
      vertex 0.137791 -27.6289 2.4
      vertex 1.85953 -26.9703 2.4
      vertex 1.73146 -26.7664 2.4
    endloop
  endfacet
  facet normal 0 0 1
    outer loop
      vertex 2.46079 -27.348 2.4
      vertex 1.69153 -29.5221 2.4
      vertex 1.97541 -29.6564 2.4
    endloop
  endfacet
  facet normal 0 0 1
    outer loop
      vertex 0.0154085 -27.0137 2.4
      vertex 1.73146 -26.7664 2.4
      vertex 1.65195 -26.5392 2.4
    endloop
  endfacet
  facet normal 0 0 1
    outer loop
      vertex 0 -26.7 2.4
      vertex 1.65195 -26.5392 2.4
      vertex 1.625 -26.3 2.4
    endloop
  endfacet
  facet normal 0 0 1
    outer loop
      vertex 2.46079 -27.348 2.4
      vertex 1.42217 -29.3607 2.4
      vertex 1.69153 -29.5221 2.4
    endloop
  endfacet
  facet normal 0 0 1
    outer loop
      vertex 1.73146 -25.8336 2.4
      vertex 0 -26.7 2.4
      vertex 1.65195 -26.0608 2.4
    endloop
  endfacet
  facet normal 0 0 1
    outer loop
      vertex 2.02975 -2.75953 2.4
      vertex 0.377851 -1.69153 2.4
      vertex 1.85953 -2.92975 2.4
    endloop
  endfacet
  facet normal 0 0 1
    outer loop
      vertex 1.65195 -26.0608 2.4
      vertex 0 -26.7 2.4
      vertex 1.625 -26.3 2.4
    endloop
  endfacet
  facet normal -0 0 1
    outer loop
      vertex 0.243585 -1.97541 2.4
      vertex 1.85953 -2.92975 2.4
      vertex 0.377851 -1.69153 2.4
    endloop
  endfacet
  facet normal 0 0 1
    outer loop
      vertex 1.65195 -26.5392 2.4
      vertex 0 -26.7 2.4
      vertex 0.0154085 -27.0137 2.4
    endloop
  endfacet
  facet normal -0 0 1
    outer loop
      vertex 0.137791 -2.27109 2.4
      vertex 1.85953 -2.92975 2.4
      vertex 0.243585 -1.97541 2.4
    endloop
  endfacet
  facet normal 0 0 1
    outer loop
      vertex 2.23358 -27.2685 2.4
      vertex 1.16994 -29.1736 2.4
      vertex 1.42217 -29.3607 2.4
    endloop
  endfacet
  facet normal 0 0 1
    outer loop
      vertex 1.85953 -2.92975 2.4
      vertex 0.137791 -2.27109 2.4
      vertex 1.73146 -3.13357 2.4
    endloop
  endfacet
  facet normal 0 0 1
    outer loop
      vertex 2.23358 -27.2685 2.4
      vertex 0.937258 -28.9627 2.4
      vertex 1.16994 -29.1736 2.4
    endloop
  endfacet
  facet normal -0 0 1
    outer loop
      vertex 0.0614862 -2.57571 2.4
      vertex 1.73146 -3.13357 2.4
      vertex 0.137791 -2.27109 2.4
    endloop
  endfacet
  facet normal 0 0 1
    outer loop
      vertex 2.23358 -27.2685 2.4
      vertex 0.726366 -28.7301 2.4
      vertex 0.937258 -28.9627 2.4
    endloop
  endfacet
  facet normal -0 0 1
    outer loop
      vertex 0.0154085 -2.88634 2.4
      vertex 1.73146 -3.13357 2.4
      vertex 0.0614862 -2.57571 2.4
    endloop
  endfacet
  facet normal 0 0 1
    outer loop
      vertex 2.02975 -27.1405 2.4
      vertex 0.539297 -28.4778 2.4
      vertex 0.726366 -28.7301 2.4
    endloop
  endfacet
  facet normal 0 0 1
    outer loop
      vertex 1.73146 -3.13357 2.4
      vertex 0.0154085 -2.88634 2.4
      vertex 1.65195 -3.36079 2.4
    endloop
  endfacet
  facet normal 0 0 1
    outer loop
      vertex 2.02975 -27.1405 2.4
      vertex 0.377851 -28.2085 2.4
      vertex 0.539297 -28.4778 2.4
    endloop
  endfacet
  facet normal -0 0 1
    outer loop
      vertex 0 -3.2 2.4
      vertex 1.65195 -3.36079 2.4
      vertex 0.0154085 -2.88634 2.4
    endloop
  endfacet
  facet normal 0 0 1
    outer loop
      vertex 1.85953 -26.9703 2.4
      vertex 0.243585 -27.9246 2.4
      vertex 0.377851 -28.2085 2.4
    endloop
  endfacet
  facet normal 0 0 1
    outer loop
      vertex 1.65195 -3.36079 2.4
      vertex 0 -3.2 2.4
      vertex 1.625 -3.6 2.4
    endloop
  endfacet
  facet normal 0 0 1
    outer loop
      vertex 1.85953 -26.9703 2.4
      vertex 0.137791 -27.6289 2.4
      vertex 0.243585 -27.9246 2.4
    endloop
  endfacet
  facet normal 0 0 1
    outer loop
      vertex 1.73146 -26.7664 2.4
      vertex 0.0614862 -27.3243 2.4
      vertex 0.137791 -27.6289 2.4
    endloop
  endfacet
  facet normal 0 0 1
    outer loop
      vertex 1.73146 -26.7664 2.4
      vertex 0.0154085 -27.0137 2.4
      vertex 0.0614862 -27.3243 2.4
    endloop
  endfacet
  facet normal 0 0 1
    outer loop
      vertex 56.21 -3.27 2.4
      vertex 50.15 -10.4 2.4
      vertex 56.21 -26.63 2.4
    endloop
  endfacet
  facet normal 0 0 1
    outer loop
      vertex 56.21 -3.27 2.4
      vertex 50.1433 -10.2628 2.4
      vertex 50.15 -10.4 2.4
    endloop
  endfacet
  facet normal 0 0 1
    outer loop
      vertex 56.21 -3.27 2.4
      vertex 50.1231 -10.1269 2.4
      vertex 50.1433 -10.2628 2.4
    endloop
  endfacet
  facet normal 0 0 1
    outer loop
      vertex 56.21 -3.27 2.4
      vertex 50.0897 -9.9936 2.4
      vertex 50.1231 -10.1269 2.4
    endloop
  endfacet
  facet normal 0 0 1
    outer loop
      vertex 56.21 -3.27 2.4
      vertex 50.0434 -9.86424 2.4
      vertex 50.0897 -9.9936 2.4
    endloop
  endfacet
  facet normal 0 0 1
    outer loop
      vertex 56.21 -3.27 2.4
      vertex 49.9847 -9.74004 2.4
      vertex 50.0434 -9.86424 2.4
    endloop
  endfacet
  facet normal 0 0 1
    outer loop
      vertex 56.21 -3.27 2.4
      vertex 49.9141 -9.6222 2.4
      vertex 49.9847 -9.74004 2.4
    endloop
  endfacet
  facet normal 0 0 1
    outer loop
      vertex 56.21 -3.27 2.4
      vertex 49.8322 -9.51185 2.4
      vertex 49.9141 -9.6222 2.4
    endloop
  endfacet
  facet normal 0 0 1
    outer loop
      vertex 56.21 -3.27 2.4
      vertex 49.7399 -9.41005 2.4
      vertex 49.8322 -9.51185 2.4
    endloop
  endfacet
  facet normal 0 0 1
    outer loop
      vertex 56.21 -3.27 2.4
      vertex 49.6381 -9.31779 2.4
      vertex 49.7399 -9.41005 2.4
    endloop
  endfacet
  facet normal 0 0 1
    outer loop
      vertex 56.21 -3.27 2.4
      vertex 49.5278 -9.23594 2.4
      vertex 49.6381 -9.31779 2.4
    endloop
  endfacet
  facet normal 0 0 1
    outer loop
      vertex 56.21 -3.27 2.4
      vertex 49.41 -9.16531 2.4
      vertex 49.5278 -9.23594 2.4
    endloop
  endfacet
  facet normal 0 0 1
    outer loop
      vertex 56.21 -3.27 2.4
      vertex 49.2858 -9.10657 2.4
      vertex 49.41 -9.16531 2.4
    endloop
  endfacet
  facet normal 0 0 1
    outer loop
      vertex 56.21 -3.27 2.4
      vertex 49.1564 -9.06028 2.4
      vertex 49.2858 -9.10657 2.4
    endloop
  endfacet
  facet normal 0 0 1
    outer loop
      vertex 56.21 -3.27 2.4
      vertex 49.0231 -9.0269 2.4
      vertex 49.1564 -9.06028 2.4
    endloop
  endfacet
  facet normal 0 0 1
    outer loop
      vertex 56.21 -3.27 2.4
      vertex 48.8872 -9.00674 2.4
      vertex 49.0231 -9.0269 2.4
    endloop
  endfacet
  facet normal 0 0 1
    outer loop
      vertex 56.21 -3.27 2.4
      vertex 48.75 -9 2.4
      vertex 48.8872 -9.00674 2.4
    endloop
  endfacet
  facet normal 0 0 1
    outer loop
      vertex 56.21 -3.27 2.4
      vertex 29.05 -9 2.4
      vertex 48.75 -9 2.4
    endloop
  endfacet
  facet normal -0 0 1
    outer loop
      vertex 16.4 -3.27 2.4
      vertex 29.05 -9 2.4
      vertex 56.21 -3.27 2.4
    endloop
  endfacet
  facet normal 0 0 1
    outer loop
      vertex 29.05 -9 2.4
      vertex 16.4 -3.27 2.4
      vertex 28.9128 -9.00674 2.4
    endloop
  endfacet
  facet normal 0 0 1
    outer loop
      vertex 27.6769 -10.1269 2.4
      vertex 13.8434 -7.68885 2.4
      vertex 27.6567 -10.2628 2.4
    endloop
  endfacet
  facet normal -0 0 1
    outer loop
      vertex 13.8434 -7.68885 2.4
      vertex 27.6769 -10.1269 2.4
      vertex 13.9606 -7.20059 2.4
    endloop
  endfacet
  facet normal -0 0 1
    outer loop
      vertex 13.9606 -7.20059 2.4
      vertex 27.6769 -10.1269 2.4
      vertex 16.4 -3.27 2.4
    endloop
  endfacet
  facet normal 0 0 1
    outer loop
      vertex 27.7103 -9.9936 2.4
      vertex 16.4 -3.27 2.4
      vertex 27.6769 -10.1269 2.4
    endloop
  endfacet
  facet normal 0 0 1
    outer loop
      vertex 27.7566 -9.86424 2.4
      vertex 16.4 -3.27 2.4
      vertex 27.7103 -9.9936 2.4
    endloop
  endfacet
  facet normal 0 0 1
    outer loop
      vertex 27.8153 -9.74004 2.4
      vertex 16.4 -3.27 2.4
      vertex 27.7566 -9.86424 2.4
    endloop
  endfacet
  facet normal 0 0 1
    outer loop
      vertex 27.8859 -9.6222 2.4
      vertex 16.4 -3.27 2.4
      vertex 27.8153 -9.74004 2.4
    endloop
  endfacet
  facet normal 0 0 1
    outer loop
      vertex 27.9678 -9.51185 2.4
      vertex 16.4 -3.27 2.4
      vertex 27.8859 -9.6222 2.4
    endloop
  endfacet
  facet normal 0 0 1
    outer loop
      vertex 28.0601 -9.41005 2.4
      vertex 16.4 -3.27 2.4
      vertex 27.9678 -9.51185 2.4
    endloop
  endfacet
  facet normal 0 0 1
    outer loop
      vertex 28.1618 -9.31779 2.4
      vertex 16.4 -3.27 2.4
      vertex 28.0601 -9.41005 2.4
    endloop
  endfacet
  facet normal 0 0 1
    outer loop
      vertex 28.2722 -9.23594 2.4
      vertex 16.4 -3.27 2.4
      vertex 28.1618 -9.31779 2.4
    endloop
  endfacet
  facet normal 0 0 1
    outer loop
      vertex 28.39 -9.16531 2.4
      vertex 16.4 -3.27 2.4
      vertex 28.2722 -9.23594 2.4
    endloop
  endfacet
  facet normal 0 0 1
    outer loop
      vertex 28.5142 -9.10657 2.4
      vertex 16.4 -3.27 2.4
      vertex 28.39 -9.16531 2.4
    endloop
  endfacet
  facet normal 0 0 1
    outer loop
      vertex 28.6436 -9.06028 2.4
      vertex 16.4 -3.27 2.4
      vertex 28.5142 -9.10657 2.4
    endloop
  endfacet
  facet normal 0 0 1
    outer loop
      vertex 28.7769 -9.0269 2.4
      vertex 16.4 -3.27 2.4
      vertex 28.6436 -9.06028 2.4
    endloop
  endfacet
  facet normal 0 0 1
    outer loop
      vertex 28.9128 -9.00674 2.4
      vertex 16.4 -3.27 2.4
      vertex 28.7769 -9.0269 2.4
    endloop
  endfacet
  facet normal -0 0 1
    outer loop
      vertex 50.15 -19.6 2.4
      vertex 56.21 -26.63 2.4
      vertex 50.15 -10.4 2.4
    endloop
  endfacet
  facet normal -0 0 1
    outer loop
      vertex 50.1433 -19.7372 2.4
      vertex 56.21 -26.63 2.4
      vertex 50.15 -19.6 2.4
    endloop
  endfacet
  facet normal -0 0 1
    outer loop
      vertex 50.1231 -19.8731 2.4
      vertex 56.21 -26.63 2.4
      vertex 50.1433 -19.7372 2.4
    endloop
  endfacet
  facet normal -0 0 1
    outer loop
      vertex 50.0897 -20.0064 2.4
      vertex 56.21 -26.63 2.4
      vertex 50.1231 -19.8731 2.4
    endloop
  endfacet
  facet normal -0 0 1
    outer loop
      vertex 50.0434 -20.1358 2.4
      vertex 56.21 -26.63 2.4
      vertex 50.0897 -20.0064 2.4
    endloop
  endfacet
  facet normal -0 0 1
    outer loop
      vertex 49.9847 -20.26 2.4
      vertex 56.21 -26.63 2.4
      vertex 50.0434 -20.1358 2.4
    endloop
  endfacet
  facet normal -0 0 1
    outer loop
      vertex 49.9141 -20.3778 2.4
      vertex 56.21 -26.63 2.4
      vertex 49.9847 -20.26 2.4
    endloop
  endfacet
  facet normal -0 0 1
    outer loop
      vertex 49.8322 -20.4882 2.4
      vertex 56.21 -26.63 2.4
      vertex 49.9141 -20.3778 2.4
    endloop
  endfacet
  facet normal -0 0 1
    outer loop
      vertex 49.7399 -20.5899 2.4
      vertex 56.21 -26.63 2.4
      vertex 49.8322 -20.4882 2.4
    endloop
  endfacet
  facet normal -0 0 1
    outer loop
      vertex 49.6381 -20.6822 2.4
      vertex 56.21 -26.63 2.4
      vertex 49.7399 -20.5899 2.4
    endloop
  endfacet
  facet normal -0 0 1
    outer loop
      vertex 49.5278 -20.7641 2.4
      vertex 56.21 -26.63 2.4
      vertex 49.6381 -20.6822 2.4
    endloop
  endfacet
  facet normal -0 0 1
    outer loop
      vertex 49.41 -20.8347 2.4
      vertex 56.21 -26.63 2.4
      vertex 49.5278 -20.7641 2.4
    endloop
  endfacet
  facet normal -0 0 1
    outer loop
      vertex 49.2858 -20.8934 2.4
      vertex 56.21 -26.63 2.4
      vertex 49.41 -20.8347 2.4
    endloop
  endfacet
  facet normal -0 0 1
    outer loop
      vertex 49.1564 -20.9397 2.4
      vertex 56.21 -26.63 2.4
      vertex 49.2858 -20.8934 2.4
    endloop
  endfacet
  facet normal -0 0 1
    outer loop
      vertex 49.0231 -20.9731 2.4
      vertex 56.21 -26.63 2.4
      vertex 49.1564 -20.9397 2.4
    endloop
  endfacet
  facet normal -0 0 1
    outer loop
      vertex 48.8872 -20.9933 2.4
      vertex 56.21 -26.63 2.4
      vertex 49.0231 -20.9731 2.4
    endloop
  endfacet
  facet normal -0 0 1
    outer loop
      vertex 48.75 -21 2.4
      vertex 56.21 -26.63 2.4
      vertex 48.8872 -20.9933 2.4
    endloop
  endfacet
  facet normal -0 0 1
    outer loop
      vertex 29.05 -21 2.4
      vertex 56.21 -26.63 2.4
      vertex 48.75 -21 2.4
    endloop
  endfacet
  facet normal 0 0 1
    outer loop
      vertex 16.4 -26.63 2.4
      vertex 29.05 -21 2.4
      vertex 28.9128 -20.9933 2.4
    endloop
  endfacet
  facet normal 0 0 1
    outer loop
      vertex 16.4 -26.63 2.4
      vertex 28.9128 -20.9933 2.4
      vertex 28.7769 -20.9731 2.4
    endloop
  endfacet
  facet normal 0 0 1
    outer loop
      vertex 27.6567 -10.2628 2.4
      vertex 13.8434 -7.68885 2.4
      vertex 27.65 -10.4 2.4
    endloop
  endfacet
  facet normal 0 0 1
    outer loop
      vertex 27.65 -19.6 2.4
      vertex 16.4 -26.63 2.4
      vertex 27.6567 -19.7372 2.4
    endloop
  endfacet
  facet normal 0 0 1
    outer loop
      vertex 27.6567 -19.7372 2.4
      vertex 16.4 -26.63 2.4
      vertex 27.6769 -19.8731 2.4
    endloop
  endfacet
  facet normal 0 0 1
    outer loop
      vertex 27.6769 -19.8731 2.4
      vertex 16.4 -26.63 2.4
      vertex 27.7103 -20.0064 2.4
    endloop
  endfacet
  facet normal 0 0 1
    outer loop
      vertex 27.7103 -20.0064 2.4
      vertex 16.4 -26.63 2.4
      vertex 27.7566 -20.1358 2.4
    endloop
  endfacet
  facet normal 0 0 1
    outer loop
      vertex 27.7566 -20.1358 2.4
      vertex 16.4 -26.63 2.4
      vertex 27.8153 -20.26 2.4
    endloop
  endfacet
  facet normal 0 0 1
    outer loop
      vertex 29.05 -21 2.4
      vertex 16.4 -26.63 2.4
      vertex 56.21 -26.63 2.4
    endloop
  endfacet
  facet normal 0 0 1
    outer loop
      vertex 28.6436 -20.9397 2.4
      vertex 16.4 -26.63 2.4
      vertex 28.7769 -20.9731 2.4
    endloop
  endfacet
  facet normal 0 0 1
    outer loop
      vertex 28.5142 -20.8934 2.4
      vertex 16.4 -26.63 2.4
      vertex 28.6436 -20.9397 2.4
    endloop
  endfacet
  facet normal 0 0 1
    outer loop
      vertex 28.39 -20.8347 2.4
      vertex 16.4 -26.63 2.4
      vertex 28.5142 -20.8934 2.4
    endloop
  endfacet
  facet normal 0 0 1
    outer loop
      vertex 28.2722 -20.7641 2.4
      vertex 16.4 -26.63 2.4
      vertex 28.39 -20.8347 2.4
    endloop
  endfacet
  facet normal 0 0 1
    outer loop
      vertex 28.1618 -20.6822 2.4
      vertex 16.4 -26.63 2.4
      vertex 28.2722 -20.7641 2.4
    endloop
  endfacet
  facet normal 0 0 1
    outer loop
      vertex 28.0601 -20.5899 2.4
      vertex 16.4 -26.63 2.4
      vertex 28.1618 -20.6822 2.4
    endloop
  endfacet
  facet normal 0 0 1
    outer loop
      vertex 27.9678 -20.4882 2.4
      vertex 16.4 -26.63 2.4
      vertex 28.0601 -20.5899 2.4
    endloop
  endfacet
  facet normal 0 0 1
    outer loop
      vertex 27.8859 -20.3778 2.4
      vertex 16.4 -26.63 2.4
      vertex 27.9678 -20.4882 2.4
    endloop
  endfacet
  facet normal 0 0 1
    outer loop
      vertex 27.8153 -20.26 2.4
      vertex 16.4 -26.63 2.4
      vertex 27.8859 -20.3778 2.4
    endloop
  endfacet
  facet normal 1 -0 0
    outer loop
      vertex 57.46 -27.88 5.4
      vertex 57.46 -2.02 2.4
      vertex 57.46 -2.02 5.4
    endloop
  endfacet
  facet normal 1 0 0
    outer loop
      vertex 57.46 -2.02 2.4
      vertex 57.46 -27.88 5.4
      vertex 57.46 -27.88 2.4
    endloop
  endfacet
  facet normal 0 -1 0
    outer loop
      vertex 16.4 -3.27 2.4
      vertex 56.21 -3.27 5.4
      vertex 16.4 -3.27 5.4
    endloop
  endfacet
  facet normal 0 -1 -0
    outer loop
      vertex 56.21 -3.27 5.4
      vertex 16.4 -3.27 2.4
      vertex 56.21 -3.27 2.4
    endloop
  endfacet
  facet normal 0 0 1
    outer loop
      vertex 57.46 -2.02 5.4
      vertex 56.21 -3.27 5.4
      vertex 57.46 -27.88 5.4
    endloop
  endfacet
  facet normal -0 0 1
    outer loop
      vertex 16.4 -2.02 5.4
      vertex 56.21 -3.27 5.4
      vertex 57.46 -2.02 5.4
    endloop
  endfacet
  facet normal 0 0 1
    outer loop
      vertex 56.21 -3.27 5.4
      vertex 16.4 -2.02 5.4
      vertex 16.4 -3.27 5.4
    endloop
  endfacet
  facet normal -0 0 1
    outer loop
      vertex 56.21 -26.63 5.4
      vertex 57.46 -27.88 5.4
      vertex 56.21 -3.27 5.4
    endloop
  endfacet
  facet normal 0 0 1
    outer loop
      vertex 16.4 -27.88 5.4
      vertex 56.21 -26.63 5.4
      vertex 16.4 -26.63 5.4
    endloop
  endfacet
  facet normal 0 0 1
    outer loop
      vertex 56.21 -26.63 5.4
      vertex 16.4 -27.88 5.4
      vertex 57.46 -27.88 5.4
    endloop
  endfacet
  facet normal 0 1 -0
    outer loop
      vertex 57.46 -2.02 2.4
      vertex 16.4 -2.02 5.4
      vertex 57.46 -2.02 5.4
    endloop
  endfacet
  facet normal 0 1 0
    outer loop
      vertex 16.4 -2.02 5.4
      vertex 57.46 -2.02 2.4
      vertex 16.4 -2.02 2.4
    endloop
  endfacet
  facet normal -1 0 0
    outer loop
      vertex 16.4 -27.88 2.4
      vertex 16.4 -26.63 5.4
      vertex 16.4 -26.63 2.4
    endloop
  endfacet
  facet normal -1 -0 0
    outer loop
      vertex 16.4 -26.63 5.4
      vertex 16.4 -27.88 2.4
      vertex 16.4 -27.88 5.4
    endloop
  endfacet
  facet normal 0 -1 0
    outer loop
      vertex 16.4 -27.88 2.4
      vertex 57.46 -27.88 5.4
      vertex 16.4 -27.88 5.4
    endloop
  endfacet
  facet normal 0 -1 -0
    outer loop
      vertex 57.46 -27.88 5.4
      vertex 16.4 -27.88 2.4
      vertex 57.46 -27.88 2.4
    endloop
  endfacet
  facet normal 0 1 -0
    outer loop
      vertex 56.21 -26.63 2.4
      vertex 16.4 -26.63 5.4
      vertex 56.21 -26.63 5.4
    endloop
  endfacet
  facet normal 0 1 0
    outer loop
      vertex 16.4 -26.63 5.4
      vertex 56.21 -26.63 2.4
      vertex 16.4 -26.63 2.4
    endloop
  endfacet
  facet normal -1 0 0
    outer loop
      vertex 56.21 -26.63 2.4
      vertex 56.21 -3.27 5.4
      vertex 56.21 -3.27 2.4
    endloop
  endfacet
  facet normal -1 -0 0
    outer loop
      vertex 56.21 -3.27 5.4
      vertex 56.21 -26.63 2.4
      vertex 56.21 -26.63 5.4
    endloop
  endfacet
  facet normal -1 0 0
    outer loop
      vertex 0 -26.7 3.8147e-07
      vertex 0 -3.2 2.4
      vertex 0 -3.2 3.8147e-07
    endloop
  endfacet
  facet normal -1 -0 0
    outer loop
      vertex 0 -3.2 2.4
      vertex 0 -26.7 3.8147e-07
      vertex 0 -26.7 2.4
    endloop
  endfacet
  facet normal -0.989176 0.146731 0
    outer loop
      vertex 0.0154085 -2.88634 3.8147e-07
      vertex 0.0614862 -2.57571 2.4
      vertex 0.0614862 -2.57571 3.8147e-07
    endloop
  endfacet
  facet normal -0.989176 0.146731 0
    outer loop
      vertex 0.0614862 -2.57571 2.4
      vertex 0.0154085 -2.88634 3.8147e-07
      vertex 0.0154085 -2.88634 2.4
    endloop
  endfacet
  facet normal -0.671561 0.740949 0
    outer loop
      vertex 1.16994 -0.726366 3.8147e-07
      vertex 0.937258 -0.937258 2.4
      vertex 1.16994 -0.726366 2.4
    endloop
  endfacet
  facet normal -0.671561 0.740949 0
    outer loop
      vertex 0.937258 -0.937258 2.4
      vertex 1.16994 -0.726366 3.8147e-07
      vertex 0.937258 -0.937258 3.8147e-07
    endloop
  endfacet
  facet normal -0.998796 0.0490657 0
    outer loop
      vertex 0 -3.2 3.8147e-07
      vertex 0.0154085 -2.88634 2.4
      vertex 0.0154085 -2.88634 3.8147e-07
    endloop
  endfacet
  facet normal -0.998796 0.0490657 0
    outer loop
      vertex 0.0154085 -2.88634 2.4
      vertex 0 -3.2 3.8147e-07
      vertex 0 -3.2 2.4
    endloop
  endfacet
  facet normal -0.989174 -0.146745 0
    outer loop
      vertex 0.0614862 -27.3243 3.8147e-07
      vertex 0.0154085 -27.0137 2.4
      vertex 0.0154085 -27.0137 3.8147e-07
    endloop
  endfacet
  facet normal -0.989174 -0.146745 0
    outer loop
      vertex 0.0154085 -27.0137 2.4
      vertex 0.0614862 -27.3243 3.8147e-07
      vertex 0.0614862 -27.3243 2.4
    endloop
  endfacet
  facet normal 0 -1 0
    outer loop
      vertex 3.2 -29.9 3.8147e-07
      vertex 60.6 -29.9 2.4
      vertex 3.2 -29.9 2.4
    endloop
  endfacet
  facet normal 0 -1 -0
    outer loop
      vertex 60.6 -29.9 2.4
      vertex 3.2 -29.9 3.8147e-07
      vertex 60.6 -29.9 3.8147e-07
    endloop
  endfacet
  facet normal -0.0490387 -0.998797 0
    outer loop
      vertex 2.88634 -29.8846 3.8147e-07
      vertex 3.2 -29.9 2.4
      vertex 2.88634 -29.8846 2.4
    endloop
  endfacet
  facet normal -0.0490387 -0.998797 -0
    outer loop
      vertex 3.2 -29.9 2.4
      vertex 2.88634 -29.8846 3.8147e-07
      vertex 3.2 -29.9 3.8147e-07
    endloop
  endfacet
  facet normal 0.998797 0.0490387 0
    outer loop
      vertex 63.8 -3.2 2.4
      vertex 63.7846 -2.88634 3.8147e-07
      vertex 63.7846 -2.88634 2.4
    endloop
  endfacet
  facet normal 0.998797 0.0490387 0
    outer loop
      vertex 63.7846 -2.88634 3.8147e-07
      vertex 63.8 -3.2 2.4
      vertex 63.8 -3.2 3.8147e-07
    endloop
  endfacet
  facet normal 0.0490324 -0.998797 0
    outer loop
      vertex 60.6 -29.9 3.8147e-07
      vertex 60.9137 -29.8846 2.4
      vertex 60.6 -29.9 2.4
    endloop
  endfacet
  facet normal 0.0490324 -0.998797 0
    outer loop
      vertex 60.9137 -29.8846 2.4
      vertex 60.6 -29.9 3.8147e-07
      vertex 60.9137 -29.8846 3.8147e-07
    endloop
  endfacet
  facet normal -0.336901 -0.94154 0
    outer loop
      vertex 1.97541 -29.6564 3.8147e-07
      vertex 2.27109 -29.7622 2.4
      vertex 1.97541 -29.6564 2.4
    endloop
  endfacet
  facet normal -0.336901 -0.94154 -0
    outer loop
      vertex 2.27109 -29.7622 2.4
      vertex 1.97541 -29.6564 3.8147e-07
      vertex 2.27109 -29.7622 3.8147e-07
    endloop
  endfacet
  facet normal -0 0 -1
    outer loop
      vertex 7.6 -23 3.8147e-07
      vertex 3.75558 -24.7202 3.8147e-07
      vertex 7.6394 -22.4994 3.8147e-07
    endloop
  endfacet
  facet normal 0 0 -1
    outer loop
      vertex 7.94878 -8.15277 3.8147e-07
      vertex 4.56349 -3.97067 3.8147e-07
      vertex 4.6 -3.6 3.8147e-07
    endloop
  endfacet
  facet normal 0 0 -1
    outer loop
      vertex 3.4271 -24.5446 3.8147e-07
      vertex 7.6394 -22.4994 3.8147e-07
      vertex 3.75558 -24.7202 3.8147e-07
    endloop
  endfacet
  facet normal 0 0 -1
    outer loop
      vertex 7.94878 -8.15277 3.8147e-07
      vertex 4.45537 -4.3271 3.8147e-07
      vertex 4.56349 -3.97067 3.8147e-07
    endloop
  endfacet
  facet normal -0 0 -1
    outer loop
      vertex 7.6394 -22.4994 3.8147e-07
      vertex 3.4271 -24.5446 3.8147e-07
      vertex 7.75662 -22.0111 3.8147e-07
    endloop
  endfacet
  facet normal 0 0 -1
    outer loop
      vertex 7.94878 -8.15277 3.8147e-07
      vertex 4.27979 -4.65558 3.8147e-07
      vertex 4.45537 -4.3271 3.8147e-07
    endloop
  endfacet
  facet normal 0 0 -1
    outer loop
      vertex 3.07067 -24.4365 3.8147e-07
      vertex 7.75662 -22.0111 3.8147e-07
      vertex 3.4271 -24.5446 3.8147e-07
    endloop
  endfacet
  facet normal 0 0 -1
    outer loop
      vertex 7.94878 -8.15277 3.8147e-07
      vertex 4.0435 -4.9435 3.8147e-07
      vertex 4.27979 -4.65558 3.8147e-07
    endloop
  endfacet
  facet normal -0 0 -1
    outer loop
      vertex 7.75662 -22.0111 3.8147e-07
      vertex 3.07067 -24.4365 3.8147e-07
      vertex 7.94878 -21.5472 3.8147e-07
    endloop
  endfacet
  facet normal 0 0 -1
    outer loop
      vertex 7.94878 -8.15277 3.8147e-07
      vertex 3.75558 -5.17979 3.8147e-07
      vertex 4.0435 -4.9435 3.8147e-07
    endloop
  endfacet
  facet normal 0 0 -1
    outer loop
      vertex 2.7 -24.4 3.8147e-07
      vertex 7.94878 -21.5472 3.8147e-07
      vertex 3.07067 -24.4365 3.8147e-07
    endloop
  endfacet
  facet normal 0 0 -1
    outer loop
      vertex 7.94878 -8.15277 3.8147e-07
      vertex 3.4271 -5.35537 3.8147e-07
      vertex 3.75558 -5.17979 3.8147e-07
    endloop
  endfacet
  facet normal 0 0 -1
    outer loop
      vertex 2.32933 -24.4365 3.8147e-07
      vertex 7.94878 -21.5472 3.8147e-07
      vertex 2.7 -24.4 3.8147e-07
    endloop
  endfacet
  facet normal 0 0 -1
    outer loop
      vertex 7.94878 -8.15277 3.8147e-07
      vertex 3.07067 -5.46349 3.8147e-07
      vertex 3.4271 -5.35537 3.8147e-07
    endloop
  endfacet
  facet normal 0 0 -1
    outer loop
      vertex 2.32933 -5.46349 3.8147e-07
      vertex 7.94878 -21.5472 3.8147e-07
      vertex 2.32933 -24.4365 3.8147e-07
    endloop
  endfacet
  facet normal 0 0 -1
    outer loop
      vertex 7.94878 -8.15277 3.8147e-07
      vertex 2.7 -5.5 3.8147e-07
      vertex 3.07067 -5.46349 3.8147e-07
    endloop
  endfacet
  facet normal 0 0 -1
    outer loop
      vertex 7.94878 -21.5472 3.8147e-07
      vertex 2.32933 -5.46349 3.8147e-07
      vertex 7.94878 -8.15277 3.8147e-07
    endloop
  endfacet
  facet normal 0 0 -1
    outer loop
      vertex 7.94878 -8.15277 3.8147e-07
      vertex 2.32933 -5.46349 3.8147e-07
      vertex 2.7 -5.5 3.8147e-07
    endloop
  endfacet
  facet normal 0 0 -1
    outer loop
      vertex 1.9729 -24.5446 3.8147e-07
      vertex 2.32933 -5.46349 3.8147e-07
      vertex 2.32933 -24.4365 3.8147e-07
    endloop
  endfacet
  facet normal 0 0 -1
    outer loop
      vertex 1.9729 -24.5446 3.8147e-07
      vertex 1.9729 -5.35537 3.8147e-07
      vertex 2.32933 -5.46349 3.8147e-07
    endloop
  endfacet
  facet normal 0 0 -1
    outer loop
      vertex 1.64442 -24.7202 3.8147e-07
      vertex 1.9729 -5.35537 3.8147e-07
      vertex 1.9729 -24.5446 3.8147e-07
    endloop
  endfacet
  facet normal 0 0 -1
    outer loop
      vertex 1.64442 -24.7202 3.8147e-07
      vertex 1.64442 -5.17979 3.8147e-07
      vertex 1.9729 -5.35537 3.8147e-07
    endloop
  endfacet
  facet normal 0 0 -1
    outer loop
      vertex 1.3565 -24.9565 3.8147e-07
      vertex 1.64442 -5.17979 3.8147e-07
      vertex 1.64442 -24.7202 3.8147e-07
    endloop
  endfacet
  facet normal 0 0 -1
    outer loop
      vertex 1.3565 -24.9565 3.8147e-07
      vertex 1.3565 -4.9435 3.8147e-07
      vertex 1.64442 -5.17979 3.8147e-07
    endloop
  endfacet
  facet normal 0 0 -1
    outer loop
      vertex 1.12021 -25.2444 3.8147e-07
      vertex 1.3565 -4.9435 3.8147e-07
      vertex 1.3565 -24.9565 3.8147e-07
    endloop
  endfacet
  facet normal 0 0 -1
    outer loop
      vertex 1.12021 -25.2444 3.8147e-07
      vertex 1.12021 -4.65558 3.8147e-07
      vertex 1.3565 -4.9435 3.8147e-07
    endloop
  endfacet
  facet normal 0 0 -1
    outer loop
      vertex 0 -26.7 3.8147e-07
      vertex 1.12021 -25.2444 3.8147e-07
      vertex 0.944629 -25.5729 3.8147e-07
    endloop
  endfacet
  facet normal -0 0 -1
    outer loop
      vertex 1.12021 -25.2444 3.8147e-07
      vertex 0 -26.7 3.8147e-07
      vertex 1.12021 -4.65558 3.8147e-07
    endloop
  endfacet
  facet normal 0 0 -1
    outer loop
      vertex 0 -26.7 3.8147e-07
      vertex 0.944629 -25.5729 3.8147e-07
      vertex 0.836508 -25.9293 3.8147e-07
    endloop
  endfacet
  facet normal 0 0 -1
    outer loop
      vertex 0 -3.2 3.8147e-07
      vertex 1.12021 -4.65558 3.8147e-07
      vertex 0 -26.7 3.8147e-07
    endloop
  endfacet
  facet normal 0 0 -1
    outer loop
      vertex 0 -26.7 3.8147e-07
      vertex 0.836508 -25.9293 3.8147e-07
      vertex 0.8 -26.3 3.8147e-07
    endloop
  endfacet
  facet normal 0 0 -1
    outer loop
      vertex 1.12021 -4.65558 3.8147e-07
      vertex 0 -3.2 3.8147e-07
      vertex 0.944629 -4.3271 3.8147e-07
    endloop
  endfacet
  facet normal 0 0 -1
    outer loop
      vertex 15.8125 -7.24127 3.8147e-07
      vertex 13.0627 -20.7373 3.8147e-07
      vertex 15.6618 -7.3037 3.8147e-07
    endloop
  endfacet
  facet normal 0 0 -1
    outer loop
      vertex 15.1875 -7.24127 3.8147e-07
      vertex 13.9606 -7.20059 3.8147e-07
      vertex 14 -6.7 3.8147e-07
    endloop
  endfacet
  facet normal 0 0 -1
    outer loop
      vertex 13.0627 -8.96274 3.8147e-07
      vertex 15.6618 -7.3037 3.8147e-07
      vertex 13.0627 -20.7373 3.8147e-07
    endloop
  endfacet
  facet normal -0 0 -1
    outer loop
      vertex 15.1875 -7.24127 3.8147e-07
      vertex 13.8434 -7.68885 3.8147e-07
      vertex 13.9606 -7.20059 3.8147e-07
    endloop
  endfacet
  facet normal 0 -0 -1
    outer loop
      vertex 13.3889 -8.58091 3.8147e-07
      vertex 15.6618 -7.3037 3.8147e-07
      vertex 13.0627 -8.96274 3.8147e-07
    endloop
  endfacet
  facet normal 0 0 -1
    outer loop
      vertex 15.1875 -7.24127 3.8147e-07
      vertex 13.6512 -8.15277 3.8147e-07
      vertex 13.8434 -7.68885 3.8147e-07
    endloop
  endfacet
  facet normal 0 0 -1
    outer loop
      vertex 15.6618 -7.3037 3.8147e-07
      vertex 13.3889 -8.58091 3.8147e-07
      vertex 15.5 -7.325 3.8147e-07
    endloop
  endfacet
  facet normal -0 0 -1
    outer loop
      vertex 15.3382 -7.3037 3.8147e-07
      vertex 13.6512 -8.15277 3.8147e-07
      vertex 15.1875 -7.24127 3.8147e-07
    endloop
  endfacet
  facet normal 0 -0 -1
    outer loop
      vertex 13.6512 -8.15277 3.8147e-07
      vertex 15.5 -7.325 3.8147e-07
      vertex 13.3889 -8.58091 3.8147e-07
    endloop
  endfacet
  facet normal -0 0 -1
    outer loop
      vertex 15.5 -7.325 3.8147e-07
      vertex 13.6512 -8.15277 3.8147e-07
      vertex 15.3382 -7.3037 3.8147e-07
    endloop
  endfacet
  facet normal 0 0 -1
    outer loop
      vertex 12.6809 -20.4111 3.8147e-07
      vertex 13.0627 -8.96274 3.8147e-07
      vertex 13.0627 -20.7373 3.8147e-07
    endloop
  endfacet
  facet normal 0 0 -1
    outer loop
      vertex 12.6809 -20.4111 3.8147e-07
      vertex 12.6809 -9.28885 3.8147e-07
      vertex 13.0627 -8.96274 3.8147e-07
    endloop
  endfacet
  facet normal 0 0 -1
    outer loop
      vertex 12.2528 -20.1488 3.8147e-07
      vertex 12.6809 -9.28885 3.8147e-07
      vertex 12.6809 -20.4111 3.8147e-07
    endloop
  endfacet
  facet normal 0 0 -1
    outer loop
      vertex 12.2528 -20.1488 3.8147e-07
      vertex 12.2528 -9.55122 3.8147e-07
      vertex 12.6809 -9.28885 3.8147e-07
    endloop
  endfacet
  facet normal 0 0 -1
    outer loop
      vertex 11.7889 -19.9566 3.8147e-07
      vertex 12.2528 -9.55122 3.8147e-07
      vertex 12.2528 -20.1488 3.8147e-07
    endloop
  endfacet
  facet normal 0 0 -1
    outer loop
      vertex 11.7889 -19.9566 3.8147e-07
      vertex 11.7889 -9.74338 3.8147e-07
      vertex 12.2528 -9.55122 3.8147e-07
    endloop
  endfacet
  facet normal 0 0 -1
    outer loop
      vertex 11.3006 -19.8394 3.8147e-07
      vertex 11.7889 -9.74338 3.8147e-07
      vertex 11.7889 -19.9566 3.8147e-07
    endloop
  endfacet
  facet normal 0 0 -1
    outer loop
      vertex 11.3006 -19.8394 3.8147e-07
      vertex 11.3006 -9.8606 3.8147e-07
      vertex 11.7889 -9.74338 3.8147e-07
    endloop
  endfacet
  facet normal 0 0 -1
    outer loop
      vertex 10.8 -19.8 3.8147e-07
      vertex 11.3006 -9.8606 3.8147e-07
      vertex 11.3006 -19.8394 3.8147e-07
    endloop
  endfacet
  facet normal 0 0 -1
    outer loop
      vertex 10.8 -19.8 3.8147e-07
      vertex 10.8 -9.9 3.8147e-07
      vertex 11.3006 -9.8606 3.8147e-07
    endloop
  endfacet
  facet normal 0 0 -1
    outer loop
      vertex 10.2994 -19.8394 3.8147e-07
      vertex 10.8 -9.9 3.8147e-07
      vertex 10.8 -19.8 3.8147e-07
    endloop
  endfacet
  facet normal 0 0 -1
    outer loop
      vertex 10.2994 -19.8394 3.8147e-07
      vertex 10.2994 -9.8606 3.8147e-07
      vertex 10.8 -9.9 3.8147e-07
    endloop
  endfacet
  facet normal 0 0 -1
    outer loop
      vertex 9.81114 -19.9566 3.8147e-07
      vertex 10.2994 -9.8606 3.8147e-07
      vertex 10.2994 -19.8394 3.8147e-07
    endloop
  endfacet
  facet normal 0 0 -1
    outer loop
      vertex 9.81114 -19.9566 3.8147e-07
      vertex 9.81114 -9.74338 3.8147e-07
      vertex 10.2994 -9.8606 3.8147e-07
    endloop
  endfacet
  facet normal 0 0 -1
    outer loop
      vertex 9.34723 -20.1488 3.8147e-07
      vertex 9.81114 -9.74338 3.8147e-07
      vertex 9.81114 -19.9566 3.8147e-07
    endloop
  endfacet
  facet normal 0 0 -1
    outer loop
      vertex 9.34723 -20.1488 3.8147e-07
      vertex 9.34723 -9.55122 3.8147e-07
      vertex 9.81114 -9.74338 3.8147e-07
    endloop
  endfacet
  facet normal 0 0 -1
    outer loop
      vertex 8.91909 -20.4111 3.8147e-07
      vertex 9.34723 -9.55122 3.8147e-07
      vertex 9.34723 -20.1488 3.8147e-07
    endloop
  endfacet
  facet normal 0 0 -1
    outer loop
      vertex 8.91909 -20.4111 3.8147e-07
      vertex 8.91909 -9.28885 3.8147e-07
      vertex 9.34723 -9.55122 3.8147e-07
    endloop
  endfacet
  facet normal 0 0 -1
    outer loop
      vertex 8.53726 -20.7373 3.8147e-07
      vertex 8.91909 -9.28885 3.8147e-07
      vertex 8.91909 -20.4111 3.8147e-07
    endloop
  endfacet
  facet normal 0 0 -1
    outer loop
      vertex 8.53726 -20.7373 3.8147e-07
      vertex 8.53726 -8.96274 3.8147e-07
      vertex 8.91909 -9.28885 3.8147e-07
    endloop
  endfacet
  facet normal 0 0 -1
    outer loop
      vertex 8.21115 -21.1191 3.8147e-07
      vertex 8.53726 -8.96274 3.8147e-07
      vertex 8.53726 -20.7373 3.8147e-07
    endloop
  endfacet
  facet normal 0 0 -1
    outer loop
      vertex 8.21115 -21.1191 3.8147e-07
      vertex 8.21115 -8.58091 3.8147e-07
      vertex 8.53726 -8.96274 3.8147e-07
    endloop
  endfacet
  facet normal 0 0 -1
    outer loop
      vertex 7.94878 -21.5472 3.8147e-07
      vertex 8.21115 -8.58091 3.8147e-07
      vertex 8.21115 -21.1191 3.8147e-07
    endloop
  endfacet
  facet normal 0 0 -1
    outer loop
      vertex 7.94878 -21.5472 3.8147e-07
      vertex 7.94878 -8.15277 3.8147e-07
      vertex 8.21115 -8.58091 3.8147e-07
    endloop
  endfacet
  facet normal 0 0 -1
    outer loop
      vertex 4.0435 -24.9565 3.8147e-07
      vertex 7.6394 -23.5006 3.8147e-07
      vertex 4.27979 -25.2444 3.8147e-07
    endloop
  endfacet
  facet normal 0 0 -1
    outer loop
      vertex 3.75558 -24.7202 3.8147e-07
      vertex 7.6 -23 3.8147e-07
      vertex 4.0435 -24.9565 3.8147e-07
    endloop
  endfacet
  facet normal -0 0 -1
    outer loop
      vertex 7.75662 -23.9889 3.8147e-07
      vertex 4.27979 -25.2444 3.8147e-07
      vertex 7.6394 -23.5006 3.8147e-07
    endloop
  endfacet
  facet normal 0 0 -1
    outer loop
      vertex 7.94878 -8.15277 3.8147e-07
      vertex 4.6 -3.6 3.8147e-07
      vertex 7.75662 -7.68885 3.8147e-07
    endloop
  endfacet
  facet normal 0 0 -1
    outer loop
      vertex 4.27979 -25.2444 3.8147e-07
      vertex 7.75662 -23.9889 3.8147e-07
      vertex 4.45537 -25.5729 3.8147e-07
    endloop
  endfacet
  facet normal -0 0 -1
    outer loop
      vertex 7.6394 -23.5006 3.8147e-07
      vertex 4.0435 -24.9565 3.8147e-07
      vertex 7.6 -23 3.8147e-07
    endloop
  endfacet
  facet normal 0 0 -1
    outer loop
      vertex 62.6798 -25.2444 3.8147e-07
      vertex 63.8 -26.7 3.8147e-07
      vertex 62.8554 -25.5729 3.8147e-07
    endloop
  endfacet
  facet normal 0 0 -1
    outer loop
      vertex 63.8 -3.2 3.8147e-07
      vertex 62.9635 -3.97067 3.8147e-07
      vertex 63 -3.6 3.8147e-07
    endloop
  endfacet
  facet normal 0 0 -1
    outer loop
      vertex 63.8 -26.7 3.8147e-07
      vertex 62.6798 -25.2444 3.8147e-07
      vertex 63.8 -3.2 3.8147e-07
    endloop
  endfacet
  facet normal 0 0 -1
    outer loop
      vertex 63.8 -3.2 3.8147e-07
      vertex 62.8554 -4.3271 3.8147e-07
      vertex 62.9635 -3.97067 3.8147e-07
    endloop
  endfacet
  facet normal 0 0 -1
    outer loop
      vertex 62.6798 -4.65558 3.8147e-07
      vertex 63.8 -3.2 3.8147e-07
      vertex 62.6798 -25.2444 3.8147e-07
    endloop
  endfacet
  facet normal 0 0 -1
    outer loop
      vertex 63.8 -3.2 3.8147e-07
      vertex 62.6798 -4.65558 3.8147e-07
      vertex 62.8554 -4.3271 3.8147e-07
    endloop
  endfacet
  facet normal 0 0 -1
    outer loop
      vertex 62.4435 -24.9565 3.8147e-07
      vertex 62.6798 -4.65558 3.8147e-07
      vertex 62.6798 -25.2444 3.8147e-07
    endloop
  endfacet
  facet normal 0 0 -1
    outer loop
      vertex 62.4435 -24.9565 3.8147e-07
      vertex 62.4435 -4.9435 3.8147e-07
      vertex 62.6798 -4.65558 3.8147e-07
    endloop
  endfacet
  facet normal 0 0 -1
    outer loop
      vertex 62.1556 -24.7202 3.8147e-07
      vertex 62.4435 -4.9435 3.8147e-07
      vertex 62.4435 -24.9565 3.8147e-07
    endloop
  endfacet
  facet normal 0 0 -1
    outer loop
      vertex 62.1556 -24.7202 3.8147e-07
      vertex 62.1556 -5.17979 3.8147e-07
      vertex 62.4435 -4.9435 3.8147e-07
    endloop
  endfacet
  facet normal 0 0 -1
    outer loop
      vertex 61.8271 -24.5446 3.8147e-07
      vertex 62.1556 -5.17979 3.8147e-07
      vertex 62.1556 -24.7202 3.8147e-07
    endloop
  endfacet
  facet normal 0 0 -1
    outer loop
      vertex 61.8271 -24.5446 3.8147e-07
      vertex 61.8271 -5.35537 3.8147e-07
      vertex 62.1556 -5.17979 3.8147e-07
    endloop
  endfacet
  facet normal 0 0 -1
    outer loop
      vertex 61.4707 -24.4365 3.8147e-07
      vertex 61.8271 -5.35537 3.8147e-07
      vertex 61.8271 -24.5446 3.8147e-07
    endloop
  endfacet
  facet normal 0 0 -1
    outer loop
      vertex 61.4707 -24.4365 3.8147e-07
      vertex 61.4707 -5.46349 3.8147e-07
      vertex 61.8271 -5.35537 3.8147e-07
    endloop
  endfacet
  facet normal 0 0 -1
    outer loop
      vertex 61.1 -24.4 3.8147e-07
      vertex 61.4707 -5.46349 3.8147e-07
      vertex 61.4707 -24.4365 3.8147e-07
    endloop
  endfacet
  facet normal 0 0 -1
    outer loop
      vertex 61.1 -24.4 3.8147e-07
      vertex 61.1 -5.5 3.8147e-07
      vertex 61.4707 -5.46349 3.8147e-07
    endloop
  endfacet
  facet normal 0 0 -1
    outer loop
      vertex 60.7293 -24.4365 3.8147e-07
      vertex 61.1 -5.5 3.8147e-07
      vertex 61.1 -24.4 3.8147e-07
    endloop
  endfacet
  facet normal 0 0 -1
    outer loop
      vertex 60.7293 -24.4365 3.8147e-07
      vertex 60.7293 -5.46349 3.8147e-07
      vertex 61.1 -5.5 3.8147e-07
    endloop
  endfacet
  facet normal 0 0 -1
    outer loop
      vertex 50.15 -19.6 3.8147e-07
      vertex 60.7293 -24.4365 3.8147e-07
      vertex 60.3729 -24.5446 3.8147e-07
    endloop
  endfacet
  facet normal 0 0 -1
    outer loop
      vertex 60.7293 -24.4365 3.8147e-07
      vertex 50.15 -19.6 3.8147e-07
      vertex 60.7293 -5.46349 3.8147e-07
    endloop
  endfacet
  facet normal 0 0 -1
    outer loop
      vertex 50.15 -19.6 3.8147e-07
      vertex 60.3729 -24.5446 3.8147e-07
      vertex 60.0444 -24.7202 3.8147e-07
    endloop
  endfacet
  facet normal 0 0 -1
    outer loop
      vertex 50.15 -10.4 3.8147e-07
      vertex 60.7293 -5.46349 3.8147e-07
      vertex 50.15 -19.6 3.8147e-07
    endloop
  endfacet
  facet normal 0 0 -1
    outer loop
      vertex 50.1433 -19.7372 3.8147e-07
      vertex 60.0444 -24.7202 3.8147e-07
      vertex 59.7565 -24.9565 3.8147e-07
    endloop
  endfacet
  facet normal -0 0 -1
    outer loop
      vertex 60.7293 -5.46349 3.8147e-07
      vertex 50.15 -10.4 3.8147e-07
      vertex 60.3729 -5.35537 3.8147e-07
    endloop
  endfacet
  facet normal 0 0 -1
    outer loop
      vertex 50.0897 -20.0064 3.8147e-07
      vertex 59.7565 -24.9565 3.8147e-07
      vertex 59.5202 -25.2444 3.8147e-07
    endloop
  endfacet
  facet normal -0 0 -1
    outer loop
      vertex 60.3729 -5.35537 3.8147e-07
      vertex 50.15 -10.4 3.8147e-07
      vertex 60.0444 -5.17979 3.8147e-07
    endloop
  endfacet
  facet normal 0 0 -1
    outer loop
      vertex 49.9847 -20.26 3.8147e-07
      vertex 59.5202 -25.2444 3.8147e-07
      vertex 59.3446 -25.5729 3.8147e-07
    endloop
  endfacet
  facet normal 0 0 -1
    outer loop
      vertex 50.1433 -10.2628 3.8147e-07
      vertex 60.0444 -5.17979 3.8147e-07
      vertex 50.15 -10.4 3.8147e-07
    endloop
  endfacet
  facet normal 0 0 -1
    outer loop
      vertex 49.8322 -20.4882 3.8147e-07
      vertex 59.3446 -25.5729 3.8147e-07
      vertex 59.2365 -25.9293 3.8147e-07
    endloop
  endfacet
  facet normal -0 0 -1
    outer loop
      vertex 60.0444 -5.17979 3.8147e-07
      vertex 50.1433 -10.2628 3.8147e-07
      vertex 59.7565 -4.9435 3.8147e-07
    endloop
  endfacet
  facet normal 0 0 -1
    outer loop
      vertex 49.6381 -20.6822 3.8147e-07
      vertex 59.2365 -25.9293 3.8147e-07
      vertex 59.2 -26.3 3.8147e-07
    endloop
  endfacet
  facet normal 0 0 -1
    outer loop
      vertex 50.1231 -10.1269 3.8147e-07
      vertex 59.7565 -4.9435 3.8147e-07
      vertex 50.1433 -10.2628 3.8147e-07
    endloop
  endfacet
  facet normal 0 0 -1
    outer loop
      vertex 62.9635 -26.6707 3.8147e-07
      vertex 63.8 -26.7 3.8147e-07
      vertex 63.7846 -27.0137 3.8147e-07
    endloop
  endfacet
  facet normal 0 0 -1
    outer loop
      vertex 62.9635 -25.9293 3.8147e-07
      vertex 63.8 -26.7 3.8147e-07
      vertex 63 -26.3 3.8147e-07
    endloop
  endfacet
  facet normal 0 0 -1
    outer loop
      vertex 62.8554 -27.0271 3.8147e-07
      vertex 63.7846 -27.0137 3.8147e-07
      vertex 63.7385 -27.3243 3.8147e-07
    endloop
  endfacet
  facet normal 0 0 -1
    outer loop
      vertex 62.8554 -25.5729 3.8147e-07
      vertex 63.8 -26.7 3.8147e-07
      vertex 62.9635 -25.9293 3.8147e-07
    endloop
  endfacet
  facet normal 0 0 -1
    outer loop
      vertex 62.8554 -27.0271 3.8147e-07
      vertex 63.7385 -27.3243 3.8147e-07
      vertex 63.6622 -27.6289 3.8147e-07
    endloop
  endfacet
  facet normal 0 0 -1
    outer loop
      vertex 62.9635 -3.22933 3.8147e-07
      vertex 63.8 -3.2 3.8147e-07
      vertex 63 -3.6 3.8147e-07
    endloop
  endfacet
  facet normal 0 0 -1
    outer loop
      vertex 62.6798 -27.3556 3.8147e-07
      vertex 63.6622 -27.6289 3.8147e-07
      vertex 63.5564 -27.9246 3.8147e-07
    endloop
  endfacet
  facet normal -0 0 -1
    outer loop
      vertex 63.8 -3.2 3.8147e-07
      vertex 62.9635 -3.22933 3.8147e-07
      vertex 63.7846 -2.88634 3.8147e-07
    endloop
  endfacet
  facet normal 0 0 -1
    outer loop
      vertex 62.6798 -27.3556 3.8147e-07
      vertex 63.5564 -27.9246 3.8147e-07
      vertex 63.4221 -28.2085 3.8147e-07
    endloop
  endfacet
  facet normal 0 0 -1
    outer loop
      vertex 62.8554 -2.8729 3.8147e-07
      vertex 63.7846 -2.88634 3.8147e-07
      vertex 62.9635 -3.22933 3.8147e-07
    endloop
  endfacet
  facet normal 0 0 -1
    outer loop
      vertex 62.4435 -27.6435 3.8147e-07
      vertex 63.4221 -28.2085 3.8147e-07
      vertex 63.2607 -28.4778 3.8147e-07
    endloop
  endfacet
  facet normal 0 0 -1
    outer loop
      vertex 63.7846 -2.88634 3.8147e-07
      vertex 62.8554 -2.8729 3.8147e-07
      vertex 63.7385 -2.57571 3.8147e-07
    endloop
  endfacet
  facet normal 0 0 -1
    outer loop
      vertex 62.1556 -27.8798 3.8147e-07
      vertex 63.2607 -28.4778 3.8147e-07
      vertex 63.0736 -28.7301 3.8147e-07
    endloop
  endfacet
  facet normal -0 0 -1
    outer loop
      vertex 63.7385 -2.57571 3.8147e-07
      vertex 62.8554 -2.8729 3.8147e-07
      vertex 63.6622 -2.27109 3.8147e-07
    endloop
  endfacet
  facet normal 0 0 -1
    outer loop
      vertex 62.6798 -2.54442 3.8147e-07
      vertex 63.6622 -2.27109 3.8147e-07
      vertex 62.8554 -2.8729 3.8147e-07
    endloop
  endfacet
  facet normal 0 0 -1
    outer loop
      vertex 63.8 -26.7 3.8147e-07
      vertex 62.9635 -26.6707 3.8147e-07
      vertex 63 -26.3 3.8147e-07
    endloop
  endfacet
  facet normal 0 0 -1
    outer loop
      vertex 62.1556 -27.8798 3.8147e-07
      vertex 63.0736 -28.7301 3.8147e-07
      vertex 62.8627 -28.9627 3.8147e-07
    endloop
  endfacet
  facet normal -0 0 -1
    outer loop
      vertex 63.7846 -27.0137 3.8147e-07
      vertex 62.8554 -27.0271 3.8147e-07
      vertex 62.9635 -26.6707 3.8147e-07
    endloop
  endfacet
  facet normal 0 0 -1
    outer loop
      vertex 63.6622 -27.6289 3.8147e-07
      vertex 62.6798 -27.3556 3.8147e-07
      vertex 62.8554 -27.0271 3.8147e-07
    endloop
  endfacet
  facet normal 0 0 -1
    outer loop
      vertex 61.8271 -28.0554 3.8147e-07
      vertex 62.8627 -28.9627 3.8147e-07
      vertex 62.6301 -29.1736 3.8147e-07
    endloop
  endfacet
  facet normal 0 0 -1
    outer loop
      vertex 63.4221 -28.2085 3.8147e-07
      vertex 62.4435 -27.6435 3.8147e-07
      vertex 62.6798 -27.3556 3.8147e-07
    endloop
  endfacet
  facet normal 0 0 -1
    outer loop
      vertex 61.8271 -28.0554 3.8147e-07
      vertex 62.6301 -29.1736 3.8147e-07
      vertex 62.3778 -29.3607 3.8147e-07
    endloop
  endfacet
  facet normal 0 0 -1
    outer loop
      vertex 63.2607 -28.4778 3.8147e-07
      vertex 62.1556 -27.8798 3.8147e-07
      vertex 62.4435 -27.6435 3.8147e-07
    endloop
  endfacet
  facet normal 0 0 -1
    outer loop
      vertex 61.8271 -28.0554 3.8147e-07
      vertex 62.3778 -29.3607 3.8147e-07
      vertex 62.1085 -29.5221 3.8147e-07
    endloop
  endfacet
  facet normal 0 0 -1
    outer loop
      vertex 62.8627 -28.9627 3.8147e-07
      vertex 61.8271 -28.0554 3.8147e-07
      vertex 62.1556 -27.8798 3.8147e-07
    endloop
  endfacet
  facet normal 0 0 -1
    outer loop
      vertex 61.4707 -28.1635 3.8147e-07
      vertex 62.1085 -29.5221 3.8147e-07
      vertex 61.8246 -29.6564 3.8147e-07
    endloop
  endfacet
  facet normal 0 0 -1
    outer loop
      vertex 61.4707 -28.1635 3.8147e-07
      vertex 61.8246 -29.6564 3.8147e-07
      vertex 61.5289 -29.7622 3.8147e-07
    endloop
  endfacet
  facet normal 0 0 -1
    outer loop
      vertex 62.1085 -29.5221 3.8147e-07
      vertex 61.4707 -28.1635 3.8147e-07
      vertex 61.8271 -28.0554 3.8147e-07
    endloop
  endfacet
  facet normal 0 0 -1
    outer loop
      vertex 61.1 -28.2 3.8147e-07
      vertex 61.5289 -29.7622 3.8147e-07
      vertex 61.2243 -29.8385 3.8147e-07
    endloop
  endfacet
  facet normal 0 0 -1
    outer loop
      vertex 61.5289 -29.7622 3.8147e-07
      vertex 61.1 -28.2 3.8147e-07
      vertex 61.4707 -28.1635 3.8147e-07
    endloop
  endfacet
  facet normal 0 0 -1
    outer loop
      vertex 60.9137 -29.8846 3.8147e-07
      vertex 61.1 -28.2 3.8147e-07
      vertex 61.2243 -29.8385 3.8147e-07
    endloop
  endfacet
  facet normal 0 0 -1
    outer loop
      vertex 60.9137 -29.8846 3.8147e-07
      vertex 60.7293 -28.1635 3.8147e-07
      vertex 61.1 -28.2 3.8147e-07
    endloop
  endfacet
  facet normal 0 0 -1
    outer loop
      vertex 60.6 -29.9 3.8147e-07
      vertex 60.7293 -28.1635 3.8147e-07
      vertex 60.9137 -29.8846 3.8147e-07
    endloop
  endfacet
  facet normal 0 0 -1
    outer loop
      vertex 60.6 -29.9 3.8147e-07
      vertex 60.3729 -28.0554 3.8147e-07
      vertex 60.7293 -28.1635 3.8147e-07
    endloop
  endfacet
  facet normal 0 0 -1
    outer loop
      vertex 60.6 -29.9 3.8147e-07
      vertex 60.0444 -27.8798 3.8147e-07
      vertex 60.3729 -28.0554 3.8147e-07
    endloop
  endfacet
  facet normal 0 0 -1
    outer loop
      vertex 60.6 -29.9 3.8147e-07
      vertex 59.7565 -27.6435 3.8147e-07
      vertex 60.0444 -27.8798 3.8147e-07
    endloop
  endfacet
  facet normal 0 0 -1
    outer loop
      vertex 60.6 -29.9 3.8147e-07
      vertex 59.5202 -27.3556 3.8147e-07
      vertex 59.7565 -27.6435 3.8147e-07
    endloop
  endfacet
  facet normal 0 0 -1
    outer loop
      vertex 48.75 -21 3.8147e-07
      vertex 59.5202 -27.3556 3.8147e-07
      vertex 60.6 -29.9 3.8147e-07
    endloop
  endfacet
  facet normal 0 0 -1
    outer loop
      vertex 50.0897 -9.9936 3.8147e-07
      vertex 59.7565 -4.9435 3.8147e-07
      vertex 50.1231 -10.1269 3.8147e-07
    endloop
  endfacet
  facet normal 0 0 -1
    outer loop
      vertex 49.41 -20.8347 3.8147e-07
      vertex 59.2 -26.3 3.8147e-07
      vertex 59.2365 -26.6707 3.8147e-07
    endloop
  endfacet
  facet normal 0 0 -1
    outer loop
      vertex 49.0231 -20.9731 3.8147e-07
      vertex 59.2365 -26.6707 3.8147e-07
      vertex 59.3446 -27.0271 3.8147e-07
    endloop
  endfacet
  facet normal 0 0 -1
    outer loop
      vertex 59.5202 -27.3556 3.8147e-07
      vertex 48.75 -21 3.8147e-07
      vertex 59.3446 -27.0271 3.8147e-07
    endloop
  endfacet
  facet normal 0 0 -1
    outer loop
      vertex 60.0444 -24.7202 3.8147e-07
      vertex 50.1433 -19.7372 3.8147e-07
      vertex 50.15 -19.6 3.8147e-07
    endloop
  endfacet
  facet normal 0 0 -1
    outer loop
      vertex 59.7565 -24.9565 3.8147e-07
      vertex 50.1231 -19.8731 3.8147e-07
      vertex 50.1433 -19.7372 3.8147e-07
    endloop
  endfacet
  facet normal 0 0 -1
    outer loop
      vertex 59.7565 -24.9565 3.8147e-07
      vertex 50.0897 -20.0064 3.8147e-07
      vertex 50.1231 -19.8731 3.8147e-07
    endloop
  endfacet
  facet normal 0 0 -1
    outer loop
      vertex 59.5202 -25.2444 3.8147e-07
      vertex 50.0434 -20.1358 3.8147e-07
      vertex 50.0897 -20.0064 3.8147e-07
    endloop
  endfacet
  facet normal 0 0 -1
    outer loop
      vertex 59.5202 -25.2444 3.8147e-07
      vertex 49.9847 -20.26 3.8147e-07
      vertex 50.0434 -20.1358 3.8147e-07
    endloop
  endfacet
  facet normal 0 0 -1
    outer loop
      vertex 59.3446 -25.5729 3.8147e-07
      vertex 49.9141 -20.3778 3.8147e-07
      vertex 49.9847 -20.26 3.8147e-07
    endloop
  endfacet
  facet normal 0 0 -1
    outer loop
      vertex 59.3446 -25.5729 3.8147e-07
      vertex 49.8322 -20.4882 3.8147e-07
      vertex 49.9141 -20.3778 3.8147e-07
    endloop
  endfacet
  facet normal 0 0 -1
    outer loop
      vertex 59.2365 -25.9293 3.8147e-07
      vertex 49.7399 -20.5899 3.8147e-07
      vertex 49.8322 -20.4882 3.8147e-07
    endloop
  endfacet
  facet normal 0 0 -1
    outer loop
      vertex 59.2365 -25.9293 3.8147e-07
      vertex 49.6381 -20.6822 3.8147e-07
      vertex 49.7399 -20.5899 3.8147e-07
    endloop
  endfacet
  facet normal 0 0 -1
    outer loop
      vertex 59.2 -26.3 3.8147e-07
      vertex 49.5278 -20.7641 3.8147e-07
      vertex 49.6381 -20.6822 3.8147e-07
    endloop
  endfacet
  facet normal 0 0 -1
    outer loop
      vertex 59.2 -26.3 3.8147e-07
      vertex 49.41 -20.8347 3.8147e-07
      vertex 49.5278 -20.7641 3.8147e-07
    endloop
  endfacet
  facet normal 0 0 -1
    outer loop
      vertex 59.2365 -26.6707 3.8147e-07
      vertex 49.2858 -20.8934 3.8147e-07
      vertex 49.41 -20.8347 3.8147e-07
    endloop
  endfacet
  facet normal 0 0 -1
    outer loop
      vertex 59.2365 -26.6707 3.8147e-07
      vertex 49.1564 -20.9397 3.8147e-07
      vertex 49.2858 -20.8934 3.8147e-07
    endloop
  endfacet
  facet normal 0 0 -1
    outer loop
      vertex 59.2365 -26.6707 3.8147e-07
      vertex 49.0231 -20.9731 3.8147e-07
      vertex 49.1564 -20.9397 3.8147e-07
    endloop
  endfacet
  facet normal 0 0 -1
    outer loop
      vertex 59.3446 -27.0271 3.8147e-07
      vertex 48.8872 -20.9933 3.8147e-07
      vertex 49.0231 -20.9731 3.8147e-07
    endloop
  endfacet
  facet normal 0 0 -1
    outer loop
      vertex 59.3446 -27.0271 3.8147e-07
      vertex 48.75 -21 3.8147e-07
      vertex 48.8872 -20.9933 3.8147e-07
    endloop
  endfacet
  facet normal 0 0 -1
    outer loop
      vertex 60.6 -29.9 3.8147e-07
      vertex 29.05 -21 3.8147e-07
      vertex 48.75 -21 3.8147e-07
    endloop
  endfacet
  facet normal 0 0 -1
    outer loop
      vertex 12.2528 -25.8512 3.8147e-07
      vertex 29.05 -21 3.8147e-07
      vertex 60.6 -29.9 3.8147e-07
    endloop
  endfacet
  facet normal 0 -0 -1
    outer loop
      vertex 12.6809 -25.5889 3.8147e-07
      vertex 29.05 -21 3.8147e-07
      vertex 12.2528 -25.8512 3.8147e-07
    endloop
  endfacet
  facet normal -0 0 -1
    outer loop
      vertex 29.05 -21 3.8147e-07
      vertex 12.6809 -25.5889 3.8147e-07
      vertex 28.9128 -20.9933 3.8147e-07
    endloop
  endfacet
  facet normal 0 0 -1
    outer loop
      vertex 15.8125 -7.24127 3.8147e-07
      vertex 27.65 -10.4 3.8147e-07
      vertex 27.65 -19.6 3.8147e-07
    endloop
  endfacet
  facet normal -0 0 -1
    outer loop
      vertex 27.6769 -19.8731 3.8147e-07
      vertex 13.9606 -22.4994 3.8147e-07
      vertex 27.6567 -19.7372 3.8147e-07
    endloop
  endfacet
  facet normal -0 0 -1
    outer loop
      vertex 27.7103 -20.0064 3.8147e-07
      vertex 13.9606 -22.4994 3.8147e-07
      vertex 27.6769 -19.8731 3.8147e-07
    endloop
  endfacet
  facet normal 0 0 -1
    outer loop
      vertex 13.9606 -22.4994 3.8147e-07
      vertex 27.7103 -20.0064 3.8147e-07
      vertex 14 -23 3.8147e-07
    endloop
  endfacet
  facet normal 0 0 -1
    outer loop
      vertex 14 -23 3.8147e-07
      vertex 27.7103 -20.0064 3.8147e-07
      vertex 27.7566 -20.1358 3.8147e-07
    endloop
  endfacet
  facet normal 0 0 -1
    outer loop
      vertex 14 -23 3.8147e-07
      vertex 27.7566 -20.1358 3.8147e-07
      vertex 27.8153 -20.26 3.8147e-07
    endloop
  endfacet
  facet normal 0 0 -1
    outer loop
      vertex 13.9606 -23.5006 3.8147e-07
      vertex 27.8153 -20.26 3.8147e-07
      vertex 27.8859 -20.3778 3.8147e-07
    endloop
  endfacet
  facet normal 0 0 -1
    outer loop
      vertex 13.9606 -23.5006 3.8147e-07
      vertex 27.8859 -20.3778 3.8147e-07
      vertex 27.9678 -20.4882 3.8147e-07
    endloop
  endfacet
  facet normal 0 0 -1
    outer loop
      vertex 27.65 -10.4 3.8147e-07
      vertex 16.1037 -6.86176 3.8147e-07
      vertex 16.125 -6.7 3.8147e-07
    endloop
  endfacet
  facet normal 0 0 -1
    outer loop
      vertex 27.65 -10.4 3.8147e-07
      vertex 16.0413 -7.0125 3.8147e-07
      vertex 16.1037 -6.86176 3.8147e-07
    endloop
  endfacet
  facet normal 0 0 -1
    outer loop
      vertex 27.65 -10.4 3.8147e-07
      vertex 15.9419 -7.14194 3.8147e-07
      vertex 16.0413 -7.0125 3.8147e-07
    endloop
  endfacet
  facet normal 0 0 -1
    outer loop
      vertex 27.65 -10.4 3.8147e-07
      vertex 15.8125 -7.24127 3.8147e-07
      vertex 15.9419 -7.14194 3.8147e-07
    endloop
  endfacet
  facet normal 0 0 -1
    outer loop
      vertex 13.8434 -23.9889 3.8147e-07
      vertex 27.9678 -20.4882 3.8147e-07
      vertex 28.0601 -20.5899 3.8147e-07
    endloop
  endfacet
  facet normal 0 0 -1
    outer loop
      vertex 13.8434 -22.0111 3.8147e-07
      vertex 27.6567 -19.7372 3.8147e-07
      vertex 13.9606 -22.4994 3.8147e-07
    endloop
  endfacet
  facet normal -0 0 -1
    outer loop
      vertex 27.6567 -19.7372 3.8147e-07
      vertex 13.8434 -22.0111 3.8147e-07
      vertex 27.65 -19.6 3.8147e-07
    endloop
  endfacet
  facet normal 0 0 -1
    outer loop
      vertex 13.6512 -21.5472 3.8147e-07
      vertex 27.65 -19.6 3.8147e-07
      vertex 13.8434 -22.0111 3.8147e-07
    endloop
  endfacet
  facet normal 0 0 -1
    outer loop
      vertex 13.3889 -21.1191 3.8147e-07
      vertex 27.65 -19.6 3.8147e-07
      vertex 13.6512 -21.5472 3.8147e-07
    endloop
  endfacet
  facet normal -0 0 -1
    outer loop
      vertex 27.65 -19.6 3.8147e-07
      vertex 13.3889 -21.1191 3.8147e-07
      vertex 15.8125 -7.24127 3.8147e-07
    endloop
  endfacet
  facet normal 0 0 -1
    outer loop
      vertex 14.9587 -7.0125 3.8147e-07
      vertex 14 -6.7 3.8147e-07
      vertex 14.8963 -6.86176 3.8147e-07
    endloop
  endfacet
  facet normal 0 0 -1
    outer loop
      vertex 15.0581 -7.14194 3.8147e-07
      vertex 14 -6.7 3.8147e-07
      vertex 14.9587 -7.0125 3.8147e-07
    endloop
  endfacet
  facet normal 0 0 -1
    outer loop
      vertex 15.1875 -7.24127 3.8147e-07
      vertex 14 -6.7 3.8147e-07
      vertex 15.0581 -7.14194 3.8147e-07
    endloop
  endfacet
  facet normal 0 0 -1
    outer loop
      vertex 13.0627 -20.7373 3.8147e-07
      vertex 15.8125 -7.24127 3.8147e-07
      vertex 13.3889 -21.1191 3.8147e-07
    endloop
  endfacet
  facet normal 0 0 -1
    outer loop
      vertex 13.8434 -23.9889 3.8147e-07
      vertex 28.0601 -20.5899 3.8147e-07
      vertex 28.1618 -20.6822 3.8147e-07
    endloop
  endfacet
  facet normal 0 0 -1
    outer loop
      vertex 13.6512 -24.4528 3.8147e-07
      vertex 28.1618 -20.6822 3.8147e-07
      vertex 28.2722 -20.7641 3.8147e-07
    endloop
  endfacet
  facet normal 0 0 -1
    outer loop
      vertex 13.6512 -24.4528 3.8147e-07
      vertex 28.2722 -20.7641 3.8147e-07
      vertex 28.39 -20.8347 3.8147e-07
    endloop
  endfacet
  facet normal 0 0 -1
    outer loop
      vertex 13.3889 -24.8809 3.8147e-07
      vertex 28.39 -20.8347 3.8147e-07
      vertex 28.5142 -20.8934 3.8147e-07
    endloop
  endfacet
  facet normal 0 0 -1
    outer loop
      vertex 13.3889 -24.8809 3.8147e-07
      vertex 28.5142 -20.8934 3.8147e-07
      vertex 28.6436 -20.9397 3.8147e-07
    endloop
  endfacet
  facet normal -0 0 -1
    outer loop
      vertex 28.9128 -20.9933 3.8147e-07
      vertex 12.6809 -25.5889 3.8147e-07
      vertex 28.7769 -20.9731 3.8147e-07
    endloop
  endfacet
  facet normal 0 0 -1
    outer loop
      vertex 27.8153 -20.26 3.8147e-07
      vertex 13.9606 -23.5006 3.8147e-07
      vertex 14 -23 3.8147e-07
    endloop
  endfacet
  facet normal 0 0 -1
    outer loop
      vertex 27.9678 -20.4882 3.8147e-07
      vertex 13.8434 -23.9889 3.8147e-07
      vertex 13.9606 -23.5006 3.8147e-07
    endloop
  endfacet
  facet normal 0 0 -1
    outer loop
      vertex 28.1618 -20.6822 3.8147e-07
      vertex 13.6512 -24.4528 3.8147e-07
      vertex 13.8434 -23.9889 3.8147e-07
    endloop
  endfacet
  facet normal 0 0 -1
    outer loop
      vertex 28.39 -20.8347 3.8147e-07
      vertex 13.3889 -24.8809 3.8147e-07
      vertex 13.6512 -24.4528 3.8147e-07
    endloop
  endfacet
  facet normal 0 0 -1
    outer loop
      vertex 28.6436 -20.9397 3.8147e-07
      vertex 13.0627 -25.2627 3.8147e-07
      vertex 13.3889 -24.8809 3.8147e-07
    endloop
  endfacet
  facet normal -0 0 -1
    outer loop
      vertex 28.7769 -20.9731 3.8147e-07
      vertex 13.0627 -25.2627 3.8147e-07
      vertex 28.6436 -20.9397 3.8147e-07
    endloop
  endfacet
  facet normal 0 -0 -1
    outer loop
      vertex 13.0627 -25.2627 3.8147e-07
      vertex 28.7769 -20.9731 3.8147e-07
      vertex 12.6809 -25.5889 3.8147e-07
    endloop
  endfacet
  facet normal 0 0 -1
    outer loop
      vertex 60.6 -29.9 3.8147e-07
      vertex 11.7889 -26.0434 3.8147e-07
      vertex 12.2528 -25.8512 3.8147e-07
    endloop
  endfacet
  facet normal 0 0 -1
    outer loop
      vertex 3.2 -29.9 3.8147e-07
      vertex 11.7889 -26.0434 3.8147e-07
      vertex 60.6 -29.9 3.8147e-07
    endloop
  endfacet
  facet normal 0 0 -1
    outer loop
      vertex 11.7889 -26.0434 3.8147e-07
      vertex 3.2 -29.9 3.8147e-07
      vertex 11.3006 -26.1606 3.8147e-07
    endloop
  endfacet
  facet normal 0 0 -1
    outer loop
      vertex 7.75662 -7.68885 3.8147e-07
      vertex 4.6 -3.6 3.8147e-07
      vertex 7.6394 -7.20059 3.8147e-07
    endloop
  endfacet
  facet normal -0 0 -1
    outer loop
      vertex 7.94878 -24.4528 3.8147e-07
      vertex 4.45537 -25.5729 3.8147e-07
      vertex 7.75662 -23.9889 3.8147e-07
    endloop
  endfacet
  facet normal 0 0 -1
    outer loop
      vertex 4.45537 -25.5729 3.8147e-07
      vertex 7.94878 -24.4528 3.8147e-07
      vertex 4.56349 -25.9293 3.8147e-07
    endloop
  endfacet
  facet normal -0 0 -1
    outer loop
      vertex 8.21115 -24.8809 3.8147e-07
      vertex 4.56349 -25.9293 3.8147e-07
      vertex 7.94878 -24.4528 3.8147e-07
    endloop
  endfacet
  facet normal 0 0 -1
    outer loop
      vertex 4.56349 -25.9293 3.8147e-07
      vertex 8.21115 -24.8809 3.8147e-07
      vertex 4.6 -26.3 3.8147e-07
    endloop
  endfacet
  facet normal -0 0 -1
    outer loop
      vertex 8.53726 -25.2627 3.8147e-07
      vertex 4.6 -26.3 3.8147e-07
      vertex 8.21115 -24.8809 3.8147e-07
    endloop
  endfacet
  facet normal 0 0 -1
    outer loop
      vertex 4.56349 -26.6707 3.8147e-07
      vertex 8.53726 -25.2627 3.8147e-07
      vertex 8.91909 -25.5889 3.8147e-07
    endloop
  endfacet
  facet normal 0 0 -1
    outer loop
      vertex 4.45537 -27.0271 3.8147e-07
      vertex 8.91909 -25.5889 3.8147e-07
      vertex 9.34723 -25.8512 3.8147e-07
    endloop
  endfacet
  facet normal 0 0 -1
    outer loop
      vertex 4.27979 -27.3556 3.8147e-07
      vertex 9.34723 -25.8512 3.8147e-07
      vertex 9.81114 -26.0434 3.8147e-07
    endloop
  endfacet
  facet normal 0 0 -1
    outer loop
      vertex 3.2 -29.9 3.8147e-07
      vertex 9.81114 -26.0434 3.8147e-07
      vertex 10.2994 -26.1606 3.8147e-07
    endloop
  endfacet
  facet normal 0 0 -1
    outer loop
      vertex 3.2 -29.9 3.8147e-07
      vertex 10.2994 -26.1606 3.8147e-07
      vertex 10.8 -26.2 3.8147e-07
    endloop
  endfacet
  facet normal 0 0 -1
    outer loop
      vertex 11.3006 -26.1606 3.8147e-07
      vertex 3.2 -29.9 3.8147e-07
      vertex 10.8 -26.2 3.8147e-07
    endloop
  endfacet
  facet normal 0 0 -1
    outer loop
      vertex 8.53726 -25.2627 3.8147e-07
      vertex 4.56349 -26.6707 3.8147e-07
      vertex 4.6 -26.3 3.8147e-07
    endloop
  endfacet
  facet normal 0 0 -1
    outer loop
      vertex 8.91909 -25.5889 3.8147e-07
      vertex 4.45537 -27.0271 3.8147e-07
      vertex 4.56349 -26.6707 3.8147e-07
    endloop
  endfacet
  facet normal 0 0 -1
    outer loop
      vertex 9.81114 -26.0434 3.8147e-07
      vertex 3.2 -29.9 3.8147e-07
      vertex 4.27979 -27.3556 3.8147e-07
    endloop
  endfacet
  facet normal 0 0 -1
    outer loop
      vertex 9.34723 -25.8512 3.8147e-07
      vertex 4.27979 -27.3556 3.8147e-07
      vertex 4.45537 -27.0271 3.8147e-07
    endloop
  endfacet
  facet normal 0 0 -1
    outer loop
      vertex 4.27979 -27.3556 3.8147e-07
      vertex 3.2 -29.9 3.8147e-07
      vertex 4.0435 -27.6435 3.8147e-07
    endloop
  endfacet
  facet normal 0 0 -1
    outer loop
      vertex 4.0435 -27.6435 3.8147e-07
      vertex 3.2 -29.9 3.8147e-07
      vertex 3.75558 -27.8798 3.8147e-07
    endloop
  endfacet
  facet normal 0 0 -1
    outer loop
      vertex 3.75558 -27.8798 3.8147e-07
      vertex 3.2 -29.9 3.8147e-07
      vertex 3.4271 -28.0554 3.8147e-07
    endloop
  endfacet
  facet normal 0 0 -1
    outer loop
      vertex 3.2 -29.9 3.8147e-07
      vertex 3.07067 -28.1635 3.8147e-07
      vertex 3.4271 -28.0554 3.8147e-07
    endloop
  endfacet
  facet normal 0 0 -1
    outer loop
      vertex 2.88634 -29.8846 3.8147e-07
      vertex 3.07067 -28.1635 3.8147e-07
      vertex 3.2 -29.9 3.8147e-07
    endloop
  endfacet
  facet normal 0 0 -1
    outer loop
      vertex 2.88634 -29.8846 3.8147e-07
      vertex 2.7 -28.2 3.8147e-07
      vertex 3.07067 -28.1635 3.8147e-07
    endloop
  endfacet
  facet normal 0 0 -1
    outer loop
      vertex 2.57571 -29.8385 3.8147e-07
      vertex 2.7 -28.2 3.8147e-07
      vertex 2.88634 -29.8846 3.8147e-07
    endloop
  endfacet
  facet normal 0 0 -1
    outer loop
      vertex 2.27109 -29.7622 3.8147e-07
      vertex 2.7 -28.2 3.8147e-07
      vertex 2.57571 -29.8385 3.8147e-07
    endloop
  endfacet
  facet normal -0 0 -1
    outer loop
      vertex 2.7 -28.2 3.8147e-07
      vertex 2.27109 -29.7622 3.8147e-07
      vertex 2.32933 -28.1635 3.8147e-07
    endloop
  endfacet
  facet normal 0 0 -1
    outer loop
      vertex 1.97541 -29.6564 3.8147e-07
      vertex 2.32933 -28.1635 3.8147e-07
      vertex 2.27109 -29.7622 3.8147e-07
    endloop
  endfacet
  facet normal 0 0 -1
    outer loop
      vertex 1.69153 -29.5221 3.8147e-07
      vertex 2.32933 -28.1635 3.8147e-07
      vertex 1.97541 -29.6564 3.8147e-07
    endloop
  endfacet
  facet normal -0 0 -1
    outer loop
      vertex 2.32933 -28.1635 3.8147e-07
      vertex 1.69153 -29.5221 3.8147e-07
      vertex 1.9729 -28.0554 3.8147e-07
    endloop
  endfacet
  facet normal 0 0 -1
    outer loop
      vertex 1.42217 -29.3607 3.8147e-07
      vertex 1.9729 -28.0554 3.8147e-07
      vertex 1.69153 -29.5221 3.8147e-07
    endloop
  endfacet
  facet normal 0 0 -1
    outer loop
      vertex 1.16994 -29.1736 3.8147e-07
      vertex 1.9729 -28.0554 3.8147e-07
      vertex 1.42217 -29.3607 3.8147e-07
    endloop
  endfacet
  facet normal 0 0 -1
    outer loop
      vertex 0.937258 -28.9627 3.8147e-07
      vertex 1.9729 -28.0554 3.8147e-07
      vertex 1.16994 -29.1736 3.8147e-07
    endloop
  endfacet
  facet normal -0 0 -1
    outer loop
      vertex 1.9729 -28.0554 3.8147e-07
      vertex 0.937258 -28.9627 3.8147e-07
      vertex 1.64442 -27.8798 3.8147e-07
    endloop
  endfacet
  facet normal 0 0 -1
    outer loop
      vertex 0.726366 -28.7301 3.8147e-07
      vertex 1.64442 -27.8798 3.8147e-07
      vertex 0.937258 -28.9627 3.8147e-07
    endloop
  endfacet
  facet normal 0 0 -1
    outer loop
      vertex 0.539297 -28.4778 3.8147e-07
      vertex 1.64442 -27.8798 3.8147e-07
      vertex 0.726366 -28.7301 3.8147e-07
    endloop
  endfacet
  facet normal -0 0 -1
    outer loop
      vertex 1.64442 -27.8798 3.8147e-07
      vertex 0.539297 -28.4778 3.8147e-07
      vertex 1.3565 -27.6435 3.8147e-07
    endloop
  endfacet
  facet normal 0 0 -1
    outer loop
      vertex 0.377851 -28.2085 3.8147e-07
      vertex 1.3565 -27.6435 3.8147e-07
      vertex 0.539297 -28.4778 3.8147e-07
    endloop
  endfacet
  facet normal -0 0 -1
    outer loop
      vertex 1.3565 -27.6435 3.8147e-07
      vertex 0.377851 -28.2085 3.8147e-07
      vertex 1.12021 -27.3556 3.8147e-07
    endloop
  endfacet
  facet normal 0 0 -1
    outer loop
      vertex 0.137791 -27.6289 3.8147e-07
      vertex 1.12021 -27.3556 3.8147e-07
      vertex 0.243585 -27.9246 3.8147e-07
    endloop
  endfacet
  facet normal 0 0 -1
    outer loop
      vertex 0.243585 -27.9246 3.8147e-07
      vertex 1.12021 -27.3556 3.8147e-07
      vertex 0.377851 -28.2085 3.8147e-07
    endloop
  endfacet
  facet normal -0 0 -1
    outer loop
      vertex 63.6622 -2.27109 3.8147e-07
      vertex 62.6798 -2.54442 3.8147e-07
      vertex 63.5564 -1.97541 3.8147e-07
    endloop
  endfacet
  facet normal -0 0 -1
    outer loop
      vertex 63.5564 -1.97541 3.8147e-07
      vertex 62.6798 -2.54442 3.8147e-07
      vertex 63.4221 -1.69153 3.8147e-07
    endloop
  endfacet
  facet normal 0 0 -1
    outer loop
      vertex 62.4435 -2.2565 3.8147e-07
      vertex 63.4221 -1.69153 3.8147e-07
      vertex 62.6798 -2.54442 3.8147e-07
    endloop
  endfacet
  facet normal -0 0 -1
    outer loop
      vertex 63.4221 -1.69153 3.8147e-07
      vertex 62.4435 -2.2565 3.8147e-07
      vertex 63.2607 -1.42217 3.8147e-07
    endloop
  endfacet
  facet normal 0 0 -1
    outer loop
      vertex 62.1556 -2.02021 3.8147e-07
      vertex 63.2607 -1.42217 3.8147e-07
      vertex 62.4435 -2.2565 3.8147e-07
    endloop
  endfacet
  facet normal -0 0 -1
    outer loop
      vertex 63.2607 -1.42217 3.8147e-07
      vertex 62.1556 -2.02021 3.8147e-07
      vertex 63.0736 -1.16994 3.8147e-07
    endloop
  endfacet
  facet normal -0 0 -1
    outer loop
      vertex 63.0736 -1.16994 3.8147e-07
      vertex 62.1556 -2.02021 3.8147e-07
      vertex 62.8627 -0.937258 3.8147e-07
    endloop
  endfacet
  facet normal 0 0 -1
    outer loop
      vertex 61.8271 -1.84463 3.8147e-07
      vertex 62.8627 -0.937258 3.8147e-07
      vertex 62.1556 -2.02021 3.8147e-07
    endloop
  endfacet
  facet normal -0 0 -1
    outer loop
      vertex 62.8627 -0.937258 3.8147e-07
      vertex 61.8271 -1.84463 3.8147e-07
      vertex 62.6301 -0.726366 3.8147e-07
    endloop
  endfacet
  facet normal -0 0 -1
    outer loop
      vertex 62.6301 -0.726366 3.8147e-07
      vertex 61.8271 -1.84463 3.8147e-07
      vertex 62.3778 -0.539297 3.8147e-07
    endloop
  endfacet
  facet normal -0 0 -1
    outer loop
      vertex 62.3778 -0.539297 3.8147e-07
      vertex 61.8271 -1.84463 3.8147e-07
      vertex 62.1085 -0.377851 3.8147e-07
    endloop
  endfacet
  facet normal 0 0 -1
    outer loop
      vertex 61.4707 -1.73651 3.8147e-07
      vertex 62.1085 -0.377851 3.8147e-07
      vertex 61.8271 -1.84463 3.8147e-07
    endloop
  endfacet
  facet normal -0 0 -1
    outer loop
      vertex 62.1085 -0.377851 3.8147e-07
      vertex 61.4707 -1.73651 3.8147e-07
      vertex 61.8246 -0.243585 3.8147e-07
    endloop
  endfacet
  facet normal -0 0 -1
    outer loop
      vertex 61.8246 -0.243585 3.8147e-07
      vertex 61.4707 -1.73651 3.8147e-07
      vertex 61.5289 -0.137791 3.8147e-07
    endloop
  endfacet
  facet normal 0 0 -1
    outer loop
      vertex 61.1 -1.7 3.8147e-07
      vertex 61.5289 -0.137791 3.8147e-07
      vertex 61.4707 -1.73651 3.8147e-07
    endloop
  endfacet
  facet normal -0 0 -1
    outer loop
      vertex 61.5289 -0.137791 3.8147e-07
      vertex 61.1 -1.7 3.8147e-07
      vertex 61.2243 -0.0614862 3.8147e-07
    endloop
  endfacet
  facet normal 0 0 -1
    outer loop
      vertex 61.1 -1.7 3.8147e-07
      vertex 60.9137 -0.0154085 3.8147e-07
      vertex 61.2243 -0.0614862 3.8147e-07
    endloop
  endfacet
  facet normal 0 0 -1
    outer loop
      vertex 60.7293 -1.73651 3.8147e-07
      vertex 60.9137 -0.0154085 3.8147e-07
      vertex 61.1 -1.7 3.8147e-07
    endloop
  endfacet
  facet normal 0 0 -1
    outer loop
      vertex 60.7293 -1.73651 3.8147e-07
      vertex 60.6 0 3.8147e-07
      vertex 60.9137 -0.0154085 3.8147e-07
    endloop
  endfacet
  facet normal 0 0 -1
    outer loop
      vertex 60.3729 -1.84463 3.8147e-07
      vertex 60.6 0 3.8147e-07
      vertex 60.7293 -1.73651 3.8147e-07
    endloop
  endfacet
  facet normal 0 0 -1
    outer loop
      vertex 60.0444 -2.02021 3.8147e-07
      vertex 60.6 0 3.8147e-07
      vertex 60.3729 -1.84463 3.8147e-07
    endloop
  endfacet
  facet normal 0 0 -1
    outer loop
      vertex 59.7565 -2.2565 3.8147e-07
      vertex 60.6 0 3.8147e-07
      vertex 60.0444 -2.02021 3.8147e-07
    endloop
  endfacet
  facet normal 0 0 -1
    outer loop
      vertex 59.5202 -2.54442 3.8147e-07
      vertex 60.6 0 3.8147e-07
      vertex 59.7565 -2.2565 3.8147e-07
    endloop
  endfacet
  facet normal 0 0 -1
    outer loop
      vertex 48.75 -9 3.8147e-07
      vertex 59.5202 -2.54442 3.8147e-07
      vertex 59.3446 -2.8729 3.8147e-07
    endloop
  endfacet
  facet normal -0 0 -1
    outer loop
      vertex 59.7565 -4.9435 3.8147e-07
      vertex 50.0897 -9.9936 3.8147e-07
      vertex 59.5202 -4.65558 3.8147e-07
    endloop
  endfacet
  facet normal 0 0 -1
    outer loop
      vertex 50.0434 -9.86424 3.8147e-07
      vertex 59.5202 -4.65558 3.8147e-07
      vertex 50.0897 -9.9936 3.8147e-07
    endloop
  endfacet
  facet normal 0 0 -1
    outer loop
      vertex 49.9847 -9.74004 3.8147e-07
      vertex 59.5202 -4.65558 3.8147e-07
      vertex 50.0434 -9.86424 3.8147e-07
    endloop
  endfacet
  facet normal -0 0 -1
    outer loop
      vertex 59.5202 -4.65558 3.8147e-07
      vertex 49.9847 -9.74004 3.8147e-07
      vertex 59.3446 -4.3271 3.8147e-07
    endloop
  endfacet
  facet normal 0 0 -1
    outer loop
      vertex 49.9141 -9.6222 3.8147e-07
      vertex 59.3446 -4.3271 3.8147e-07
      vertex 49.9847 -9.74004 3.8147e-07
    endloop
  endfacet
  facet normal 0 0 -1
    outer loop
      vertex 49.8322 -9.51185 3.8147e-07
      vertex 59.3446 -4.3271 3.8147e-07
      vertex 49.9141 -9.6222 3.8147e-07
    endloop
  endfacet
  facet normal -0 0 -1
    outer loop
      vertex 59.3446 -4.3271 3.8147e-07
      vertex 49.8322 -9.51185 3.8147e-07
      vertex 59.2365 -3.97067 3.8147e-07
    endloop
  endfacet
  facet normal 0 0 -1
    outer loop
      vertex 49.7399 -9.41005 3.8147e-07
      vertex 59.2365 -3.97067 3.8147e-07
      vertex 49.8322 -9.51185 3.8147e-07
    endloop
  endfacet
  facet normal 0 0 -1
    outer loop
      vertex 49.6381 -9.31779 3.8147e-07
      vertex 59.2365 -3.97067 3.8147e-07
      vertex 49.7399 -9.41005 3.8147e-07
    endloop
  endfacet
  facet normal -0 0 -1
    outer loop
      vertex 59.2365 -3.97067 3.8147e-07
      vertex 49.6381 -9.31779 3.8147e-07
      vertex 59.2 -3.6 3.8147e-07
    endloop
  endfacet
  facet normal 0 0 -1
    outer loop
      vertex 49.5278 -9.23594 3.8147e-07
      vertex 59.2 -3.6 3.8147e-07
      vertex 49.6381 -9.31779 3.8147e-07
    endloop
  endfacet
  facet normal 0 0 -1
    outer loop
      vertex 49.41 -9.16531 3.8147e-07
      vertex 59.2 -3.6 3.8147e-07
      vertex 49.5278 -9.23594 3.8147e-07
    endloop
  endfacet
  facet normal 0 0 -1
    outer loop
      vertex 49.2858 -9.10657 3.8147e-07
      vertex 59.2 -3.6 3.8147e-07
      vertex 49.41 -9.16531 3.8147e-07
    endloop
  endfacet
  facet normal -0 0 -1
    outer loop
      vertex 59.2 -3.6 3.8147e-07
      vertex 49.2858 -9.10657 3.8147e-07
      vertex 59.2365 -3.22933 3.8147e-07
    endloop
  endfacet
  facet normal 0 0 -1
    outer loop
      vertex 49.1564 -9.06028 3.8147e-07
      vertex 59.2365 -3.22933 3.8147e-07
      vertex 49.2858 -9.10657 3.8147e-07
    endloop
  endfacet
  facet normal 0 0 -1
    outer loop
      vertex 49.0231 -9.0269 3.8147e-07
      vertex 59.2365 -3.22933 3.8147e-07
      vertex 49.1564 -9.06028 3.8147e-07
    endloop
  endfacet
  facet normal -0 0 -1
    outer loop
      vertex 59.2365 -3.22933 3.8147e-07
      vertex 49.0231 -9.0269 3.8147e-07
      vertex 59.3446 -2.8729 3.8147e-07
    endloop
  endfacet
  facet normal 0 0 -1
    outer loop
      vertex 48.8872 -9.00674 3.8147e-07
      vertex 59.3446 -2.8729 3.8147e-07
      vertex 49.0231 -9.0269 3.8147e-07
    endloop
  endfacet
  facet normal 0 0 -1
    outer loop
      vertex 48.75 -9 3.8147e-07
      vertex 59.3446 -2.8729 3.8147e-07
      vertex 48.8872 -9.00674 3.8147e-07
    endloop
  endfacet
  facet normal -0 0 -1
    outer loop
      vertex 59.5202 -2.54442 3.8147e-07
      vertex 48.75 -9 3.8147e-07
      vertex 60.6 0 3.8147e-07
    endloop
  endfacet
  facet normal 0 0 -1
    outer loop
      vertex 29.05 -9 3.8147e-07
      vertex 60.6 0 3.8147e-07
      vertex 48.75 -9 3.8147e-07
    endloop
  endfacet
  facet normal 0 0 -1
    outer loop
      vertex 12.6809 -4.11115 3.8147e-07
      vertex 29.05 -9 3.8147e-07
      vertex 28.9128 -9.00674 3.8147e-07
    endloop
  endfacet
  facet normal 0 0 -1
    outer loop
      vertex 15.8125 -6.15873 3.8147e-07
      vertex 28.9128 -9.00674 3.8147e-07
      vertex 28.7769 -9.0269 3.8147e-07
    endloop
  endfacet
  facet normal 0 0 -1
    outer loop
      vertex 15.9419 -6.25806 3.8147e-07
      vertex 28.7769 -9.0269 3.8147e-07
      vertex 28.6436 -9.06028 3.8147e-07
    endloop
  endfacet
  facet normal 0 0 -1
    outer loop
      vertex 16.125 -6.7 3.8147e-07
      vertex 27.6567 -10.2628 3.8147e-07
      vertex 27.65 -10.4 3.8147e-07
    endloop
  endfacet
  facet normal 0 0 -1
    outer loop
      vertex 16.125 -6.7 3.8147e-07
      vertex 27.6769 -10.1269 3.8147e-07
      vertex 27.6567 -10.2628 3.8147e-07
    endloop
  endfacet
  facet normal 0 0 -1
    outer loop
      vertex 16.125 -6.7 3.8147e-07
      vertex 27.7103 -9.9936 3.8147e-07
      vertex 27.6769 -10.1269 3.8147e-07
    endloop
  endfacet
  facet normal 0 0 -1
    outer loop
      vertex 16.125 -6.7 3.8147e-07
      vertex 27.7566 -9.86424 3.8147e-07
      vertex 27.7103 -9.9936 3.8147e-07
    endloop
  endfacet
  facet normal 0 0 -1
    outer loop
      vertex 16.125 -6.7 3.8147e-07
      vertex 27.8153 -9.74004 3.8147e-07
      vertex 27.7566 -9.86424 3.8147e-07
    endloop
  endfacet
  facet normal 0 0 -1
    outer loop
      vertex 16.125 -6.7 3.8147e-07
      vertex 27.8859 -9.6222 3.8147e-07
      vertex 27.8153 -9.74004 3.8147e-07
    endloop
  endfacet
  facet normal 0 0 -1
    outer loop
      vertex 16.1037 -6.53824 3.8147e-07
      vertex 27.8859 -9.6222 3.8147e-07
      vertex 16.125 -6.7 3.8147e-07
    endloop
  endfacet
  facet normal 0 0 -1
    outer loop
      vertex 27.8859 -9.6222 3.8147e-07
      vertex 16.1037 -6.53824 3.8147e-07
      vertex 27.9678 -9.51185 3.8147e-07
    endloop
  endfacet
  facet normal 0 0 -1
    outer loop
      vertex 27.9678 -9.51185 3.8147e-07
      vertex 16.1037 -6.53824 3.8147e-07
      vertex 28.0601 -9.41005 3.8147e-07
    endloop
  endfacet
  facet normal 0 0 -1
    outer loop
      vertex 28.0601 -9.41005 3.8147e-07
      vertex 16.1037 -6.53824 3.8147e-07
      vertex 28.1618 -9.31779 3.8147e-07
    endloop
  endfacet
  facet normal 0 0 -1
    outer loop
      vertex 16.0413 -6.3875 3.8147e-07
      vertex 28.1618 -9.31779 3.8147e-07
      vertex 16.1037 -6.53824 3.8147e-07
    endloop
  endfacet
  facet normal 0 0 -1
    outer loop
      vertex 28.1618 -9.31779 3.8147e-07
      vertex 16.0413 -6.3875 3.8147e-07
      vertex 28.2722 -9.23594 3.8147e-07
    endloop
  endfacet
  facet normal 0 0 -1
    outer loop
      vertex 28.2722 -9.23594 3.8147e-07
      vertex 16.0413 -6.3875 3.8147e-07
      vertex 28.39 -9.16531 3.8147e-07
    endloop
  endfacet
  facet normal 0 0 -1
    outer loop
      vertex 15.9419 -6.25806 3.8147e-07
      vertex 28.39 -9.16531 3.8147e-07
      vertex 16.0413 -6.3875 3.8147e-07
    endloop
  endfacet
  facet normal 0 0 -1
    outer loop
      vertex 28.39 -9.16531 3.8147e-07
      vertex 15.9419 -6.25806 3.8147e-07
      vertex 28.5142 -9.10657 3.8147e-07
    endloop
  endfacet
  facet normal 0 0 -1
    outer loop
      vertex 28.5142 -9.10657 3.8147e-07
      vertex 15.9419 -6.25806 3.8147e-07
      vertex 28.6436 -9.06028 3.8147e-07
    endloop
  endfacet
  facet normal 0 0 -1
    outer loop
      vertex 28.7769 -9.0269 3.8147e-07
      vertex 15.9419 -6.25806 3.8147e-07
      vertex 15.8125 -6.15873 3.8147e-07
    endloop
  endfacet
  facet normal 0 0 -1
    outer loop
      vertex 28.9128 -9.00674 3.8147e-07
      vertex 15.8125 -6.15873 3.8147e-07
      vertex 12.6809 -4.11115 3.8147e-07
    endloop
  endfacet
  facet normal 0 0 -1
    outer loop
      vertex 13.0627 -4.43726 3.8147e-07
      vertex 15.8125 -6.15873 3.8147e-07
      vertex 15.6618 -6.0963 3.8147e-07
    endloop
  endfacet
  facet normal 0 0 -1
    outer loop
      vertex 13.3889 -4.81909 3.8147e-07
      vertex 15.6618 -6.0963 3.8147e-07
      vertex 15.5 -6.075 3.8147e-07
    endloop
  endfacet
  facet normal 0 0 -1
    outer loop
      vertex 13.6512 -5.24723 3.8147e-07
      vertex 15.5 -6.075 3.8147e-07
      vertex 15.3382 -6.0963 3.8147e-07
    endloop
  endfacet
  facet normal 0 0 -1
    outer loop
      vertex 14.8963 -6.86176 3.8147e-07
      vertex 14 -6.7 3.8147e-07
      vertex 14.875 -6.7 3.8147e-07
    endloop
  endfacet
  facet normal 0 0 -1
    outer loop
      vertex 14 -6.7 3.8147e-07
      vertex 14.8963 -6.53824 3.8147e-07
      vertex 14.875 -6.7 3.8147e-07
    endloop
  endfacet
  facet normal 0 0 -1
    outer loop
      vertex 13.9606 -6.19941 3.8147e-07
      vertex 14.8963 -6.53824 3.8147e-07
      vertex 14 -6.7 3.8147e-07
    endloop
  endfacet
  facet normal 0 0 -1
    outer loop
      vertex 14.8963 -6.53824 3.8147e-07
      vertex 13.9606 -6.19941 3.8147e-07
      vertex 14.9587 -6.3875 3.8147e-07
    endloop
  endfacet
  facet normal 0 0 -1
    outer loop
      vertex 14.9587 -6.3875 3.8147e-07
      vertex 13.9606 -6.19941 3.8147e-07
      vertex 15.0581 -6.25806 3.8147e-07
    endloop
  endfacet
  facet normal 0 0 -1
    outer loop
      vertex 13.8434 -5.71115 3.8147e-07
      vertex 15.0581 -6.25806 3.8147e-07
      vertex 13.9606 -6.19941 3.8147e-07
    endloop
  endfacet
  facet normal 0 0 -1
    outer loop
      vertex 15.0581 -6.25806 3.8147e-07
      vertex 13.8434 -5.71115 3.8147e-07
      vertex 15.1875 -6.15873 3.8147e-07
    endloop
  endfacet
  facet normal 0 0 -1
    outer loop
      vertex 15.1875 -6.15873 3.8147e-07
      vertex 13.8434 -5.71115 3.8147e-07
      vertex 15.3382 -6.0963 3.8147e-07
    endloop
  endfacet
  facet normal 0 0 -1
    outer loop
      vertex 13.6512 -5.24723 3.8147e-07
      vertex 15.3382 -6.0963 3.8147e-07
      vertex 13.8434 -5.71115 3.8147e-07
    endloop
  endfacet
  facet normal 0 0 -1
    outer loop
      vertex 15.5 -6.075 3.8147e-07
      vertex 13.6512 -5.24723 3.8147e-07
      vertex 13.3889 -4.81909 3.8147e-07
    endloop
  endfacet
  facet normal 0 0 -1
    outer loop
      vertex 15.6618 -6.0963 3.8147e-07
      vertex 13.3889 -4.81909 3.8147e-07
      vertex 13.0627 -4.43726 3.8147e-07
    endloop
  endfacet
  facet normal 0 0 -1
    outer loop
      vertex 15.8125 -6.15873 3.8147e-07
      vertex 13.0627 -4.43726 3.8147e-07
      vertex 12.6809 -4.11115 3.8147e-07
    endloop
  endfacet
  facet normal 0 0 -1
    outer loop
      vertex 29.05 -9 3.8147e-07
      vertex 12.6809 -4.11115 3.8147e-07
      vertex 12.2528 -3.84878 3.8147e-07
    endloop
  endfacet
  facet normal 0 0 -1
    outer loop
      vertex 29.05 -9 3.8147e-07
      vertex 12.2528 -3.84878 3.8147e-07
      vertex 60.6 0 3.8147e-07
    endloop
  endfacet
  facet normal 0 0 -1
    outer loop
      vertex 11.7889 -3.65662 3.8147e-07
      vertex 60.6 0 3.8147e-07
      vertex 12.2528 -3.84878 3.8147e-07
    endloop
  endfacet
  facet normal 0 0 -1
    outer loop
      vertex 3.2 0 3.8147e-07
      vertex 11.7889 -3.65662 3.8147e-07
      vertex 11.3006 -3.5394 3.8147e-07
    endloop
  endfacet
  facet normal 0 0 -1
    outer loop
      vertex 3.2 0 3.8147e-07
      vertex 11.3006 -3.5394 3.8147e-07
      vertex 10.8 -3.5 3.8147e-07
    endloop
  endfacet
  facet normal 0 0 -1
    outer loop
      vertex 7.6394 -7.20059 3.8147e-07
      vertex 4.6 -3.6 3.8147e-07
      vertex 7.6 -6.7 3.8147e-07
    endloop
  endfacet
  facet normal 0 0 -1
    outer loop
      vertex 7.6 -6.7 3.8147e-07
      vertex 4.6 -3.6 3.8147e-07
      vertex 7.6394 -6.19941 3.8147e-07
    endloop
  endfacet
  facet normal 0 0 -1
    outer loop
      vertex 4.6 -3.6 3.8147e-07
      vertex 7.75662 -5.71115 3.8147e-07
      vertex 7.6394 -6.19941 3.8147e-07
    endloop
  endfacet
  facet normal 0 0 -1
    outer loop
      vertex 4.6 -3.6 3.8147e-07
      vertex 7.94878 -5.24723 3.8147e-07
      vertex 7.75662 -5.71115 3.8147e-07
    endloop
  endfacet
  facet normal 0 0 -1
    outer loop
      vertex 4.6 -3.6 3.8147e-07
      vertex 8.21115 -4.81909 3.8147e-07
      vertex 7.94878 -5.24723 3.8147e-07
    endloop
  endfacet
  facet normal 0 0 -1
    outer loop
      vertex 4.6 -3.6 3.8147e-07
      vertex 8.53726 -4.43726 3.8147e-07
      vertex 8.21115 -4.81909 3.8147e-07
    endloop
  endfacet
  facet normal 0 0 -1
    outer loop
      vertex 4.56349 -3.22933 3.8147e-07
      vertex 8.53726 -4.43726 3.8147e-07
      vertex 4.6 -3.6 3.8147e-07
    endloop
  endfacet
  facet normal 0 0 -1
    outer loop
      vertex 8.53726 -4.43726 3.8147e-07
      vertex 4.56349 -3.22933 3.8147e-07
      vertex 8.91909 -4.11115 3.8147e-07
    endloop
  endfacet
  facet normal 0 0 -1
    outer loop
      vertex 4.45537 -2.8729 3.8147e-07
      vertex 8.91909 -4.11115 3.8147e-07
      vertex 4.56349 -3.22933 3.8147e-07
    endloop
  endfacet
  facet normal 0 0 -1
    outer loop
      vertex 8.91909 -4.11115 3.8147e-07
      vertex 4.45537 -2.8729 3.8147e-07
      vertex 9.34723 -3.84878 3.8147e-07
    endloop
  endfacet
  facet normal 0 0 -1
    outer loop
      vertex 4.27979 -2.54442 3.8147e-07
      vertex 9.34723 -3.84878 3.8147e-07
      vertex 4.45537 -2.8729 3.8147e-07
    endloop
  endfacet
  facet normal 0 0 -1
    outer loop
      vertex 3.2 0 3.8147e-07
      vertex 9.34723 -3.84878 3.8147e-07
      vertex 4.27979 -2.54442 3.8147e-07
    endloop
  endfacet
  facet normal 0 0 -1
    outer loop
      vertex 9.34723 -3.84878 3.8147e-07
      vertex 3.2 0 3.8147e-07
      vertex 9.81114 -3.65662 3.8147e-07
    endloop
  endfacet
  facet normal 0 0 -1
    outer loop
      vertex 9.81114 -3.65662 3.8147e-07
      vertex 3.2 0 3.8147e-07
      vertex 10.2994 -3.5394 3.8147e-07
    endloop
  endfacet
  facet normal 0 0 -1
    outer loop
      vertex 10.2994 -3.5394 3.8147e-07
      vertex 3.2 0 3.8147e-07
      vertex 10.8 -3.5 3.8147e-07
    endloop
  endfacet
  facet normal 0 0 -1
    outer loop
      vertex 3.2 0 3.8147e-07
      vertex 4.27979 -2.54442 3.8147e-07
      vertex 4.0435 -2.2565 3.8147e-07
    endloop
  endfacet
  facet normal 0 0 -1
    outer loop
      vertex 3.2 0 3.8147e-07
      vertex 4.0435 -2.2565 3.8147e-07
      vertex 3.75558 -2.02021 3.8147e-07
    endloop
  endfacet
  facet normal 0 0 -1
    outer loop
      vertex 3.2 0 3.8147e-07
      vertex 3.75558 -2.02021 3.8147e-07
      vertex 3.4271 -1.84463 3.8147e-07
    endloop
  endfacet
  facet normal 0 0 -1
    outer loop
      vertex 11.7889 -3.65662 3.8147e-07
      vertex 3.2 0 3.8147e-07
      vertex 60.6 0 3.8147e-07
    endloop
  endfacet
  facet normal 0 0 -1
    outer loop
      vertex 3.07067 -1.73651 3.8147e-07
      vertex 3.2 0 3.8147e-07
      vertex 3.4271 -1.84463 3.8147e-07
    endloop
  endfacet
  facet normal 0 0 -1
    outer loop
      vertex 3.07067 -1.73651 3.8147e-07
      vertex 2.88634 -0.0154085 3.8147e-07
      vertex 3.2 0 3.8147e-07
    endloop
  endfacet
  facet normal 0 0 -1
    outer loop
      vertex 2.7 -1.7 3.8147e-07
      vertex 2.88634 -0.0154085 3.8147e-07
      vertex 3.07067 -1.73651 3.8147e-07
    endloop
  endfacet
  facet normal 0 0 -1
    outer loop
      vertex 2.7 -1.7 3.8147e-07
      vertex 2.57571 -0.0614862 3.8147e-07
      vertex 2.88634 -0.0154085 3.8147e-07
    endloop
  endfacet
  facet normal 0 0 -1
    outer loop
      vertex 2.27109 -0.137791 3.8147e-07
      vertex 2.7 -1.7 3.8147e-07
      vertex 2.32933 -1.73651 3.8147e-07
    endloop
  endfacet
  facet normal 0 0 -1
    outer loop
      vertex 2.7 -1.7 3.8147e-07
      vertex 2.27109 -0.137791 3.8147e-07
      vertex 2.57571 -0.0614862 3.8147e-07
    endloop
  endfacet
  facet normal 0 0 -1
    outer loop
      vertex 2.32933 -1.73651 3.8147e-07
      vertex 1.97541 -0.243585 3.8147e-07
      vertex 2.27109 -0.137791 3.8147e-07
    endloop
  endfacet
  facet normal 0 0 -1
    outer loop
      vertex 1.69153 -0.377851 3.8147e-07
      vertex 2.32933 -1.73651 3.8147e-07
      vertex 1.9729 -1.84463 3.8147e-07
    endloop
  endfacet
  facet normal 0 0 -1
    outer loop
      vertex 2.32933 -1.73651 3.8147e-07
      vertex 1.69153 -0.377851 3.8147e-07
      vertex 1.97541 -0.243585 3.8147e-07
    endloop
  endfacet
  facet normal 0 0 -1
    outer loop
      vertex 0.937258 -0.937258 3.8147e-07
      vertex 1.9729 -1.84463 3.8147e-07
      vertex 1.64442 -2.02021 3.8147e-07
    endloop
  endfacet
  facet normal 0 0 -1
    outer loop
      vertex 1.9729 -1.84463 3.8147e-07
      vertex 1.42217 -0.539297 3.8147e-07
      vertex 1.69153 -0.377851 3.8147e-07
    endloop
  endfacet
  facet normal 0 0 -1
    outer loop
      vertex 0.539297 -1.42217 3.8147e-07
      vertex 1.64442 -2.02021 3.8147e-07
      vertex 1.3565 -2.2565 3.8147e-07
    endloop
  endfacet
  facet normal 0 0 -1
    outer loop
      vertex 1.9729 -1.84463 3.8147e-07
      vertex 1.16994 -0.726366 3.8147e-07
      vertex 1.42217 -0.539297 3.8147e-07
    endloop
  endfacet
  facet normal 0 0 -1
    outer loop
      vertex 0.377851 -1.69153 3.8147e-07
      vertex 1.3565 -2.2565 3.8147e-07
      vertex 1.12021 -2.54442 3.8147e-07
    endloop
  endfacet
  facet normal 0 0 -1
    outer loop
      vertex 0.137791 -2.27109 3.8147e-07
      vertex 1.12021 -2.54442 3.8147e-07
      vertex 0.944629 -2.8729 3.8147e-07
    endloop
  endfacet
  facet normal 0 0 -1
    outer loop
      vertex 1.9729 -1.84463 3.8147e-07
      vertex 0.937258 -0.937258 3.8147e-07
      vertex 1.16994 -0.726366 3.8147e-07
    endloop
  endfacet
  facet normal 0 0 -1
    outer loop
      vertex 0.0154085 -2.88634 3.8147e-07
      vertex 0.944629 -2.8729 3.8147e-07
      vertex 0.836508 -3.22933 3.8147e-07
    endloop
  endfacet
  facet normal 0 0 -1
    outer loop
      vertex 0 -3.2 3.8147e-07
      vertex 0.836508 -3.22933 3.8147e-07
      vertex 0.8 -3.6 3.8147e-07
    endloop
  endfacet
  facet normal 0 0 -1
    outer loop
      vertex 1.64442 -2.02021 3.8147e-07
      vertex 0.726366 -1.16994 3.8147e-07
      vertex 0.937258 -0.937258 3.8147e-07
    endloop
  endfacet
  facet normal 0 0 -1
    outer loop
      vertex 0.944629 -4.3271 3.8147e-07
      vertex 0 -3.2 3.8147e-07
      vertex 0.836508 -3.97067 3.8147e-07
    endloop
  endfacet
  facet normal -0 0 -1
    outer loop
      vertex 1.12021 -27.3556 3.8147e-07
      vertex 0.137791 -27.6289 3.8147e-07
      vertex 0.944629 -27.0271 3.8147e-07
    endloop
  endfacet
  facet normal 0 0 -1
    outer loop
      vertex 0.836508 -3.97067 3.8147e-07
      vertex 0 -3.2 3.8147e-07
      vertex 0.8 -3.6 3.8147e-07
    endloop
  endfacet
  facet normal 0 0 -1
    outer loop
      vertex 0.0614862 -27.3243 3.8147e-07
      vertex 0.944629 -27.0271 3.8147e-07
      vertex 0.137791 -27.6289 3.8147e-07
    endloop
  endfacet
  facet normal 0 0 -1
    outer loop
      vertex 0.836508 -3.22933 3.8147e-07
      vertex 0 -3.2 3.8147e-07
      vertex 0.0154085 -2.88634 3.8147e-07
    endloop
  endfacet
  facet normal 0 0 -1
    outer loop
      vertex 0.0154085 -27.0137 3.8147e-07
      vertex 0.944629 -27.0271 3.8147e-07
      vertex 0.0614862 -27.3243 3.8147e-07
    endloop
  endfacet
  facet normal 0 0 -1
    outer loop
      vertex 1.64442 -2.02021 3.8147e-07
      vertex 0.539297 -1.42217 3.8147e-07
      vertex 0.726366 -1.16994 3.8147e-07
    endloop
  endfacet
  facet normal 0 0 -1
    outer loop
      vertex 0.944629 -27.0271 3.8147e-07
      vertex 0.0154085 -27.0137 3.8147e-07
      vertex 0.836508 -26.6707 3.8147e-07
    endloop
  endfacet
  facet normal 0 0 -1
    outer loop
      vertex 1.3565 -2.2565 3.8147e-07
      vertex 0.377851 -1.69153 3.8147e-07
      vertex 0.539297 -1.42217 3.8147e-07
    endloop
  endfacet
  facet normal 0 0 -1
    outer loop
      vertex 0 -26.7 3.8147e-07
      vertex 0.836508 -26.6707 3.8147e-07
      vertex 0.0154085 -27.0137 3.8147e-07
    endloop
  endfacet
  facet normal 0 0 -1
    outer loop
      vertex 1.12021 -2.54442 3.8147e-07
      vertex 0.243585 -1.97541 3.8147e-07
      vertex 0.377851 -1.69153 3.8147e-07
    endloop
  endfacet
  facet normal -0 0 -1
    outer loop
      vertex 0.836508 -26.6707 3.8147e-07
      vertex 0 -26.7 3.8147e-07
      vertex 0.8 -26.3 3.8147e-07
    endloop
  endfacet
  facet normal 0 0 -1
    outer loop
      vertex 1.12021 -2.54442 3.8147e-07
      vertex 0.137791 -2.27109 3.8147e-07
      vertex 0.243585 -1.97541 3.8147e-07
    endloop
  endfacet
  facet normal 0 0 -1
    outer loop
      vertex 0.944629 -2.8729 3.8147e-07
      vertex 0.0614862 -2.57571 3.8147e-07
      vertex 0.137791 -2.27109 3.8147e-07
    endloop
  endfacet
  facet normal -0 0 -1
    outer loop
      vertex 0.944629 -2.8729 3.8147e-07
      vertex 0.0154085 -2.88634 3.8147e-07
      vertex 0.0614862 -2.57571 3.8147e-07
    endloop
  endfacet
  facet normal -0.1468 -0.989166 0
    outer loop
      vertex 2.57571 -29.8385 3.8147e-07
      vertex 2.88634 -29.8846 2.4
      vertex 2.57571 -29.8385 2.4
    endloop
  endfacet
  facet normal -0.1468 -0.989166 -0
    outer loop
      vertex 2.88634 -29.8846 2.4
      vertex 2.57571 -29.8385 3.8147e-07
      vertex 2.88634 -29.8846 3.8147e-07
    endloop
  endfacet
  facet normal 0.595661 -0.803236 0
    outer loop
      vertex 62.3778 -29.3607 3.8147e-07
      vertex 62.6301 -29.1736 2.4
      vertex 62.3778 -29.3607 2.4
    endloop
  endfacet
  facet normal 0.595661 -0.803236 0
    outer loop
      vertex 62.6301 -29.1736 2.4
      vertex 62.3778 -29.3607 3.8147e-07
      vertex 62.6301 -29.1736 3.8147e-07
    endloop
  endfacet
  facet normal 0 1 -0
    outer loop
      vertex 60.6 0 3.8147e-07
      vertex 3.2 0 2.4
      vertex 60.6 0 2.4
    endloop
  endfacet
  facet normal 0 1 0
    outer loop
      vertex 3.2 0 2.4
      vertex 60.6 0 3.8147e-07
      vertex 3.2 0 3.8147e-07
    endloop
  endfacet
  facet normal -0.671575 -0.740936 0
    outer loop
      vertex 0.937258 -28.9627 3.8147e-07
      vertex 1.16994 -29.1736 2.4
      vertex 0.937258 -28.9627 2.4
    endloop
  endfacet
  facet normal -0.671575 -0.740936 -0
    outer loop
      vertex 1.16994 -29.1736 2.4
      vertex 0.937258 -28.9627 3.8147e-07
      vertex 1.16994 -29.1736 3.8147e-07
    endloop
  endfacet
  facet normal -0.24297 -0.970034 0
    outer loop
      vertex 2.27109 -29.7622 3.8147e-07
      vertex 2.57571 -29.8385 2.4
      vertex 2.27109 -29.7622 2.4
    endloop
  endfacet
  facet normal -0.24297 -0.970034 -0
    outer loop
      vertex 2.57571 -29.8385 2.4
      vertex 2.27109 -29.7622 3.8147e-07
      vertex 2.57571 -29.8385 3.8147e-07
    endloop
  endfacet
  facet normal -0.998796 -0.0490594 0
    outer loop
      vertex 0.0154085 -27.0137 3.8147e-07
      vertex 0 -26.7 2.4
      vertex 0 -26.7 3.8147e-07
    endloop
  endfacet
  facet normal -0.998796 -0.0490594 0
    outer loop
      vertex 0 -26.7 2.4
      vertex 0.0154085 -27.0137 3.8147e-07
      vertex 0.0154085 -27.0137 2.4
    endloop
  endfacet
  facet normal -0.803283 -0.595598 0
    outer loop
      vertex 0.726366 -28.7301 3.8147e-07
      vertex 0.539297 -28.4778 2.4
      vertex 0.539297 -28.4778 3.8147e-07
    endloop
  endfacet
  facet normal -0.803283 -0.595598 0
    outer loop
      vertex 0.539297 -28.4778 2.4
      vertex 0.726366 -28.7301 3.8147e-07
      vertex 0.726366 -28.7301 2.4
    endloop
  endfacet
  facet normal 0.998797 -0.0490324 0
    outer loop
      vertex 63.7846 -27.0137 2.4
      vertex 63.8 -26.7 3.8147e-07
      vertex 63.8 -26.7 2.4
    endloop
  endfacet
  facet normal 0.998797 -0.0490324 0
    outer loop
      vertex 63.8 -26.7 3.8147e-07
      vertex 63.7846 -27.0137 2.4
      vertex 63.7846 -27.0137 3.8147e-07
    endloop
  endfacet
  facet normal 1 -0 0
    outer loop
      vertex 63.8 -26.7 2.4
      vertex 63.8 -3.2 3.8147e-07
      vertex 63.8 -3.2 2.4
    endloop
  endfacet
  facet normal 1 0 0
    outer loop
      vertex 63.8 -3.2 3.8147e-07
      vertex 63.8 -26.7 2.4
      vertex 63.8 -26.7 3.8147e-07
    endloop
  endfacet
  facet normal 0.336881 -0.941547 0
    outer loop
      vertex 61.5289 -29.7622 3.8147e-07
      vertex 61.8246 -29.6564 2.4
      vertex 61.5289 -29.7622 2.4
    endloop
  endfacet
  facet normal 0.336881 -0.941547 0
    outer loop
      vertex 61.8246 -29.6564 2.4
      vertex 61.5289 -29.7622 3.8147e-07
      vertex 61.8246 -29.6564 3.8147e-07
    endloop
  endfacet
  facet normal -0.941546 0.336884 0
    outer loop
      vertex 0.137791 -2.27109 3.8147e-07
      vertex 0.243585 -1.97541 2.4
      vertex 0.243585 -1.97541 3.8147e-07
    endloop
  endfacet
  facet normal -0.941546 0.336884 0
    outer loop
      vertex 0.243585 -1.97541 2.4
      vertex 0.137791 -2.27109 3.8147e-07
      vertex 0.137791 -2.27109 2.4
    endloop
  endfacet
  facet normal -0.740949 0.671561 0
    outer loop
      vertex 0.726366 -1.16994 3.8147e-07
      vertex 0.937258 -0.937258 2.4
      vertex 0.937258 -0.937258 3.8147e-07
    endloop
  endfacet
  facet normal -0.740949 0.671561 0
    outer loop
      vertex 0.937258 -0.937258 2.4
      vertex 0.726366 -1.16994 3.8147e-07
      vertex 0.726366 -1.16994 2.4
    endloop
  endfacet
  facet normal -0.857732 0.514098 0
    outer loop
      vertex 0.377851 -1.69153 3.8147e-07
      vertex 0.539297 -1.42217 2.4
      vertex 0.539297 -1.42217 3.8147e-07
    endloop
  endfacet
  facet normal -0.857732 0.514098 0
    outer loop
      vertex 0.539297 -1.42217 2.4
      vertex 0.377851 -1.69153 3.8147e-07
      vertex 0.377851 -1.69153 2.4
    endloop
  endfacet
  facet normal -0.146731 0.989176 0
    outer loop
      vertex 2.88634 -0.0154085 3.8147e-07
      vertex 2.57571 -0.0614862 2.4
      vertex 2.88634 -0.0154085 2.4
    endloop
  endfacet
  facet normal -0.146731 0.989176 0
    outer loop
      vertex 2.57571 -0.0614862 2.4
      vertex 2.88634 -0.0154085 3.8147e-07
      vertex 2.57571 -0.0614862 3.8147e-07
    endloop
  endfacet
  facet normal -0.595704 0.803204 0
    outer loop
      vertex 1.42217 -0.539297 3.8147e-07
      vertex 1.16994 -0.726366 2.4
      vertex 1.42217 -0.539297 2.4
    endloop
  endfacet
  facet normal -0.595704 0.803204 0
    outer loop
      vertex 1.16994 -0.726366 2.4
      vertex 1.42217 -0.539297 3.8147e-07
      vertex 1.16994 -0.726366 3.8147e-07
    endloop
  endfacet
  facet normal -0.970026 -0.243 0
    outer loop
      vertex 0.137791 -27.6289 3.8147e-07
      vertex 0.0614862 -27.3243 2.4
      vertex 0.0614862 -27.3243 3.8147e-07
    endloop
  endfacet
  facet normal -0.970026 -0.243 0
    outer loop
      vertex 0.0614862 -27.3243 2.4
      vertex 0.137791 -27.6289 3.8147e-07
      vertex 0.137791 -27.6289 2.4
    endloop
  endfacet
  facet normal -0.857681 -0.514182 0
    outer loop
      vertex 0.539297 -28.4778 3.8147e-07
      vertex 0.377851 -28.2085 2.4
      vertex 0.377851 -28.2085 3.8147e-07
    endloop
  endfacet
  facet normal -0.857681 -0.514182 0
    outer loop
      vertex 0.377851 -28.2085 2.4
      vertex 0.539297 -28.4778 3.8147e-07
      vertex 0.539297 -28.4778 2.4
    endloop
  endfacet
  facet normal -0.595768 -0.803157 0
    outer loop
      vertex 1.16994 -29.1736 3.8147e-07
      vertex 1.42217 -29.3607 2.4
      vertex 1.16994 -29.1736 2.4
    endloop
  endfacet
  facet normal -0.595768 -0.803157 -0
    outer loop
      vertex 1.42217 -29.3607 2.4
      vertex 1.16994 -29.1736 3.8147e-07
      vertex 1.42217 -29.3607 3.8147e-07
    endloop
  endfacet
  facet normal 0.671705 -0.740819 0
    outer loop
      vertex 62.6301 -29.1736 3.8147e-07
      vertex 62.8627 -28.9627 2.4
      vertex 62.6301 -29.1736 2.4
    endloop
  endfacet
  facet normal 0.671705 -0.740819 0
    outer loop
      vertex 62.8627 -28.9627 2.4
      vertex 62.6301 -29.1736 3.8147e-07
      vertex 62.8627 -28.9627 3.8147e-07
    endloop
  endfacet
  facet normal 0.97003 -0.242985 0
    outer loop
      vertex 63.6622 -27.6289 2.4
      vertex 63.7385 -27.3243 3.8147e-07
      vertex 63.7385 -27.3243 2.4
    endloop
  endfacet
  facet normal 0.97003 -0.242985 0
    outer loop
      vertex 63.7385 -27.3243 3.8147e-07
      vertex 63.6622 -27.6289 2.4
      vertex 63.6622 -27.6289 3.8147e-07
    endloop
  endfacet
  facet normal 0.903958 -0.427621 0
    outer loop
      vertex 63.4221 -28.2085 2.4
      vertex 63.5564 -27.9246 3.8147e-07
      vertex 63.5564 -27.9246 2.4
    endloop
  endfacet
  facet normal 0.903958 -0.427621 0
    outer loop
      vertex 63.5564 -27.9246 3.8147e-07
      vertex 63.4221 -28.2085 2.4
      vertex 63.4221 -28.2085 3.8147e-07
    endloop
  endfacet
  facet normal 0.989164 -0.146814 0
    outer loop
      vertex 63.7385 -27.3243 2.4
      vertex 63.7846 -27.0137 3.8147e-07
      vertex 63.7846 -27.0137 2.4
    endloop
  endfacet
  facet normal 0.989164 -0.146814 0
    outer loop
      vertex 63.7846 -27.0137 3.8147e-07
      vertex 63.7385 -27.3243 2.4
      vertex 63.7385 -27.3243 3.8147e-07
    endloop
  endfacet
  facet normal 0.242985 -0.97003 0
    outer loop
      vertex 61.2243 -29.8385 3.8147e-07
      vertex 61.5289 -29.7622 2.4
      vertex 61.2243 -29.8385 2.4
    endloop
  endfacet
  facet normal 0.242985 -0.97003 0
    outer loop
      vertex 61.5289 -29.7622 2.4
      vertex 61.2243 -29.8385 3.8147e-07
      vertex 61.5289 -29.7622 3.8147e-07
    endloop
  endfacet
  facet normal 0.146814 -0.989164 0
    outer loop
      vertex 60.9137 -29.8846 3.8147e-07
      vertex 61.2243 -29.8385 2.4
      vertex 60.9137 -29.8846 2.4
    endloop
  endfacet
  facet normal 0.146814 -0.989164 0
    outer loop
      vertex 61.2243 -29.8385 2.4
      vertex 60.9137 -29.8846 3.8147e-07
      vertex 61.2243 -29.8385 3.8147e-07
    endloop
  endfacet
  facet normal 0.514074 -0.857746 0
    outer loop
      vertex 62.1085 -29.5221 3.8147e-07
      vertex 62.3778 -29.3607 2.4
      vertex 62.1085 -29.5221 2.4
    endloop
  endfacet
  facet normal 0.514074 -0.857746 0
    outer loop
      vertex 62.3778 -29.3607 2.4
      vertex 62.1085 -29.5221 3.8147e-07
      vertex 62.3778 -29.3607 3.8147e-07
    endloop
  endfacet
  facet normal 0.427621 -0.903958 0
    outer loop
      vertex 61.8246 -29.6564 3.8147e-07
      vertex 62.1085 -29.5221 2.4
      vertex 61.8246 -29.6564 2.4
    endloop
  endfacet
  facet normal 0.427621 -0.903958 0
    outer loop
      vertex 62.1085 -29.5221 2.4
      vertex 61.8246 -29.6564 3.8147e-07
      vertex 62.1085 -29.5221 3.8147e-07
    endloop
  endfacet
  facet normal 0.0490594 0.998796 -0
    outer loop
      vertex 60.9137 -0.0154085 3.8147e-07
      vertex 60.6 0 2.4
      vertex 60.9137 -0.0154085 2.4
    endloop
  endfacet
  facet normal 0.0490594 0.998796 0
    outer loop
      vertex 60.6 0 2.4
      vertex 60.9137 -0.0154085 3.8147e-07
      vertex 60.6 0 3.8147e-07
    endloop
  endfacet
  facet normal 0.243 0.970026 -0
    outer loop
      vertex 61.5289 -0.137791 3.8147e-07
      vertex 61.2243 -0.0614862 2.4
      vertex 61.5289 -0.137791 2.4
    endloop
  endfacet
  facet normal 0.243 0.970026 0
    outer loop
      vertex 61.2243 -0.0614862 2.4
      vertex 61.5289 -0.137791 3.8147e-07
      vertex 61.2243 -0.0614862 3.8147e-07
    endloop
  endfacet
  facet normal 0.94154 0.336901 0
    outer loop
      vertex 63.6622 -2.27109 2.4
      vertex 63.5564 -1.97541 3.8147e-07
      vertex 63.5564 -1.97541 2.4
    endloop
  endfacet
  facet normal 0.94154 0.336901 0
    outer loop
      vertex 63.5564 -1.97541 3.8147e-07
      vertex 63.6622 -2.27109 2.4
      vertex 63.6622 -2.27109 3.8147e-07
    endloop
  endfacet
  facet normal -0.97003 0.242985 0
    outer loop
      vertex 0.0614862 -2.57571 3.8147e-07
      vertex 0.137791 -2.27109 2.4
      vertex 0.137791 -2.27109 3.8147e-07
    endloop
  endfacet
  facet normal -0.97003 0.242985 0
    outer loop
      vertex 0.137791 -2.27109 2.4
      vertex 0.0614862 -2.57571 3.8147e-07
      vertex 0.0614862 -2.57571 2.4
    endloop
  endfacet
  facet normal -0.903988 0.427557 0
    outer loop
      vertex 0.243585 -1.97541 3.8147e-07
      vertex 0.377851 -1.69153 2.4
      vertex 0.377851 -1.69153 3.8147e-07
    endloop
  endfacet
  facet normal -0.903988 0.427557 0
    outer loop
      vertex 0.377851 -1.69153 2.4
      vertex 0.243585 -1.97541 3.8147e-07
      vertex 0.243585 -1.97541 2.4
    endloop
  endfacet
  facet normal -0.803204 0.595704 0
    outer loop
      vertex 0.539297 -1.42217 3.8147e-07
      vertex 0.726366 -1.16994 2.4
      vertex 0.726366 -1.16994 3.8147e-07
    endloop
  endfacet
  facet normal -0.803204 0.595704 0
    outer loop
      vertex 0.726366 -1.16994 2.4
      vertex 0.539297 -1.42217 3.8147e-07
      vertex 0.539297 -1.42217 2.4
    endloop
  endfacet
  facet normal -0.336884 0.941546 0
    outer loop
      vertex 2.27109 -0.137791 3.8147e-07
      vertex 1.97541 -0.243585 2.4
      vertex 2.27109 -0.137791 2.4
    endloop
  endfacet
  facet normal -0.336884 0.941546 0
    outer loop
      vertex 1.97541 -0.243585 2.4
      vertex 2.27109 -0.137791 3.8147e-07
      vertex 1.97541 -0.243585 3.8147e-07
    endloop
  endfacet
  facet normal -0.0490657 0.998796 0
    outer loop
      vertex 3.2 0 3.8147e-07
      vertex 2.88634 -0.0154085 2.4
      vertex 3.2 0 2.4
    endloop
  endfacet
  facet normal -0.0490657 0.998796 0
    outer loop
      vertex 2.88634 -0.0154085 2.4
      vertex 3.2 0 3.8147e-07
      vertex 2.88634 -0.0154085 3.8147e-07
    endloop
  endfacet
  facet normal -0.514098 0.857732 0
    outer loop
      vertex 1.69153 -0.377851 3.8147e-07
      vertex 1.42217 -0.539297 2.4
      vertex 1.69153 -0.377851 2.4
    endloop
  endfacet
  facet normal -0.514098 0.857732 0
    outer loop
      vertex 1.42217 -0.539297 2.4
      vertex 1.69153 -0.377851 3.8147e-07
      vertex 1.42217 -0.539297 3.8147e-07
    endloop
  endfacet
  facet normal -0.427557 0.903988 0
    outer loop
      vertex 1.97541 -0.243585 3.8147e-07
      vertex 1.69153 -0.377851 2.4
      vertex 1.97541 -0.243585 2.4
    endloop
  endfacet
  facet normal -0.427557 0.903988 0
    outer loop
      vertex 1.69153 -0.377851 2.4
      vertex 1.97541 -0.243585 3.8147e-07
      vertex 1.69153 -0.377851 3.8147e-07
    endloop
  endfacet
  facet normal -0.904 -0.427532 0
    outer loop
      vertex 0.377851 -28.2085 3.8147e-07
      vertex 0.243585 -27.9246 2.4
      vertex 0.243585 -27.9246 3.8147e-07
    endloop
  endfacet
  facet normal -0.904 -0.427532 0
    outer loop
      vertex 0.243585 -27.9246 2.4
      vertex 0.377851 -28.2085 3.8147e-07
      vertex 0.377851 -28.2085 2.4
    endloop
  endfacet
  facet normal -0.941553 -0.336864 0
    outer loop
      vertex 0.243585 -27.9246 3.8147e-07
      vertex 0.137791 -27.6289 2.4
      vertex 0.137791 -27.6289 3.8147e-07
    endloop
  endfacet
  facet normal -0.941553 -0.336864 0
    outer loop
      vertex 0.137791 -27.6289 2.4
      vertex 0.243585 -27.9246 3.8147e-07
      vertex 0.243585 -27.9246 2.4
    endloop
  endfacet
  facet normal 0.989166 0.1468 0
    outer loop
      vertex 63.7846 -2.88634 2.4
      vertex 63.7385 -2.57571 3.8147e-07
      vertex 63.7385 -2.57571 2.4
    endloop
  endfacet
  facet normal 0.989166 0.1468 0
    outer loop
      vertex 63.7385 -2.57571 3.8147e-07
      vertex 63.7846 -2.88634 2.4
      vertex 63.7846 -2.88634 3.8147e-07
    endloop
  endfacet
  facet normal 0.803236 -0.595661 0
    outer loop
      vertex 63.0736 -28.7301 2.4
      vertex 63.2607 -28.4778 3.8147e-07
      vertex 63.2607 -28.4778 2.4
    endloop
  endfacet
  facet normal 0.803236 -0.595661 0
    outer loop
      vertex 63.2607 -28.4778 3.8147e-07
      vertex 63.0736 -28.7301 2.4
      vertex 63.0736 -28.7301 3.8147e-07
    endloop
  endfacet
  facet normal 0.857746 -0.514074 0
    outer loop
      vertex 63.2607 -28.4778 2.4
      vertex 63.4221 -28.2085 3.8147e-07
      vertex 63.4221 -28.2085 2.4
    endloop
  endfacet
  facet normal 0.857746 -0.514074 0
    outer loop
      vertex 63.4221 -28.2085 3.8147e-07
      vertex 63.2607 -28.4778 2.4
      vertex 63.2607 -28.4778 3.8147e-07
    endloop
  endfacet
  facet normal 0.740819 -0.671705 0
    outer loop
      vertex 62.8627 -28.9627 2.4
      vertex 63.0736 -28.7301 3.8147e-07
      vertex 63.0736 -28.7301 2.4
    endloop
  endfacet
  facet normal 0.740819 -0.671705 0
    outer loop
      vertex 63.0736 -28.7301 3.8147e-07
      vertex 62.8627 -28.9627 2.4
      vertex 62.8627 -28.9627 3.8147e-07
    endloop
  endfacet
  facet normal 0.941547 -0.336881 0
    outer loop
      vertex 63.5564 -27.9246 2.4
      vertex 63.6622 -27.6289 3.8147e-07
      vertex 63.6622 -27.6289 2.4
    endloop
  endfacet
  facet normal 0.941547 -0.336881 0
    outer loop
      vertex 63.6622 -27.6289 3.8147e-07
      vertex 63.5564 -27.9246 2.4
      vertex 63.5564 -27.9246 3.8147e-07
    endloop
  endfacet
  facet normal 0.146745 0.989174 -0
    outer loop
      vertex 61.2243 -0.0614862 3.8147e-07
      vertex 60.9137 -0.0154085 2.4
      vertex 61.2243 -0.0614862 2.4
    endloop
  endfacet
  facet normal 0.146745 0.989174 0
    outer loop
      vertex 60.9137 -0.0154085 2.4
      vertex 61.2243 -0.0614862 3.8147e-07
      vertex 60.9137 -0.0154085 3.8147e-07
    endloop
  endfacet
  facet normal 0.427532 0.904 -0
    outer loop
      vertex 62.1085 -0.377851 3.8147e-07
      vertex 61.8246 -0.243585 2.4
      vertex 62.1085 -0.377851 2.4
    endloop
  endfacet
  facet normal 0.427532 0.904 0
    outer loop
      vertex 61.8246 -0.243585 2.4
      vertex 62.1085 -0.377851 3.8147e-07
      vertex 61.8246 -0.243585 3.8147e-07
    endloop
  endfacet
  facet normal 0.336864 0.941553 -0
    outer loop
      vertex 61.8246 -0.243585 3.8147e-07
      vertex 61.5289 -0.137791 2.4
      vertex 61.8246 -0.243585 2.4
    endloop
  endfacet
  facet normal 0.336864 0.941553 0
    outer loop
      vertex 61.5289 -0.137791 2.4
      vertex 61.8246 -0.243585 3.8147e-07
      vertex 61.5289 -0.137791 3.8147e-07
    endloop
  endfacet
  facet normal 0.671691 0.740831 -0
    outer loop
      vertex 62.8627 -0.937258 3.8147e-07
      vertex 62.6301 -0.726366 2.4
      vertex 62.8627 -0.937258 2.4
    endloop
  endfacet
  facet normal 0.671691 0.740831 0
    outer loop
      vertex 62.6301 -0.726366 2.4
      vertex 62.8627 -0.937258 3.8147e-07
      vertex 62.6301 -0.726366 3.8147e-07
    endloop
  endfacet
  facet normal 0.903947 0.427646 0
    outer loop
      vertex 63.5564 -1.97541 2.4
      vertex 63.4221 -1.69153 3.8147e-07
      vertex 63.4221 -1.69153 2.4
    endloop
  endfacet
  facet normal 0.903947 0.427646 0
    outer loop
      vertex 63.4221 -1.69153 3.8147e-07
      vertex 63.5564 -1.97541 2.4
      vertex 63.5564 -1.97541 3.8147e-07
    endloop
  endfacet
  facet normal 0.970034 0.24297 0
    outer loop
      vertex 63.7385 -2.57571 2.4
      vertex 63.6622 -2.27109 3.8147e-07
      vertex 63.6622 -2.27109 2.4
    endloop
  endfacet
  facet normal 0.970034 0.24297 0
    outer loop
      vertex 63.6622 -2.27109 3.8147e-07
      vertex 63.7385 -2.57571 2.4
      vertex 63.7385 -2.57571 3.8147e-07
    endloop
  endfacet
  facet normal -0.242985 0.97003 0
    outer loop
      vertex 2.57571 -0.0614862 3.8147e-07
      vertex 2.27109 -0.137791 2.4
      vertex 2.57571 -0.0614862 2.4
    endloop
  endfacet
  facet normal -0.242985 0.97003 0
    outer loop
      vertex 2.27109 -0.137791 2.4
      vertex 2.57571 -0.0614862 3.8147e-07
      vertex 2.27109 -0.137791 3.8147e-07
    endloop
  endfacet
  facet normal -0.740831 -0.671691 0
    outer loop
      vertex 0.937258 -28.9627 3.8147e-07
      vertex 0.726366 -28.7301 2.4
      vertex 0.726366 -28.7301 3.8147e-07
    endloop
  endfacet
  facet normal -0.740831 -0.671691 0
    outer loop
      vertex 0.726366 -28.7301 2.4
      vertex 0.937258 -28.9627 3.8147e-07
      vertex 0.937258 -28.9627 2.4
    endloop
  endfacet
  facet normal -0.51399 -0.857796 0
    outer loop
      vertex 1.42217 -29.3607 3.8147e-07
      vertex 1.69153 -29.5221 2.4
      vertex 1.42217 -29.3607 2.4
    endloop
  endfacet
  facet normal -0.51399 -0.857796 -0
    outer loop
      vertex 1.69153 -29.5221 2.4
      vertex 1.42217 -29.3607 3.8147e-07
      vertex 1.69153 -29.5221 3.8147e-07
    endloop
  endfacet
  facet normal -0.427646 -0.903947 0
    outer loop
      vertex 1.69153 -29.5221 3.8147e-07
      vertex 1.97541 -29.6564 2.4
      vertex 1.69153 -29.5221 2.4
    endloop
  endfacet
  facet normal -0.427646 -0.903947 -0
    outer loop
      vertex 1.97541 -29.6564 2.4
      vertex 1.69153 -29.5221 3.8147e-07
      vertex 1.97541 -29.6564 3.8147e-07
    endloop
  endfacet
  facet normal 0.514182 0.857681 -0
    outer loop
      vertex 62.3778 -0.539297 3.8147e-07
      vertex 62.1085 -0.377851 2.4
      vertex 62.3778 -0.539297 2.4
    endloop
  endfacet
  facet normal 0.514182 0.857681 0
    outer loop
      vertex 62.1085 -0.377851 2.4
      vertex 62.3778 -0.539297 3.8147e-07
      vertex 62.1085 -0.377851 3.8147e-07
    endloop
  endfacet
  facet normal 0.595598 0.803283 -0
    outer loop
      vertex 62.6301 -0.726366 3.8147e-07
      vertex 62.3778 -0.539297 2.4
      vertex 62.6301 -0.726366 2.4
    endloop
  endfacet
  facet normal 0.595598 0.803283 0
    outer loop
      vertex 62.3778 -0.539297 2.4
      vertex 62.6301 -0.726366 3.8147e-07
      vertex 62.3778 -0.539297 3.8147e-07
    endloop
  endfacet
  facet normal 0.803157 0.595768 0
    outer loop
      vertex 63.2607 -1.42217 2.4
      vertex 63.0736 -1.16994 3.8147e-07
      vertex 63.0736 -1.16994 2.4
    endloop
  endfacet
  facet normal 0.803157 0.595768 0
    outer loop
      vertex 63.0736 -1.16994 3.8147e-07
      vertex 63.2607 -1.42217 2.4
      vertex 63.2607 -1.42217 3.8147e-07
    endloop
  endfacet
  facet normal 0.740936 0.671575 0
    outer loop
      vertex 63.0736 -1.16994 2.4
      vertex 62.8627 -0.937258 3.8147e-07
      vertex 62.8627 -0.937258 2.4
    endloop
  endfacet
  facet normal 0.740936 0.671575 0
    outer loop
      vertex 62.8627 -0.937258 3.8147e-07
      vertex 63.0736 -1.16994 2.4
      vertex 63.0736 -1.16994 3.8147e-07
    endloop
  endfacet
  facet normal 0.857796 0.51399 0
    outer loop
      vertex 63.4221 -1.69153 2.4
      vertex 63.2607 -1.42217 3.8147e-07
      vertex 63.2607 -1.42217 2.4
    endloop
  endfacet
  facet normal 0.857796 0.51399 0
    outer loop
      vertex 63.2607 -1.42217 3.8147e-07
      vertex 63.4221 -1.69153 2.4
      vertex 63.4221 -1.69153 3.8147e-07
    endloop
  endfacet
  facet normal -0.532018 0.846733 0
    outer loop
      vertex 3.37025 -4.44047 1.25
      vertex 3.16642 -4.56854 2.4
      vertex 3.37025 -4.44047 2.4
    endloop
  endfacet
  facet normal -0.532018 0.846733 0
    outer loop
      vertex 3.16642 -4.56854 2.4
      vertex 3.37025 -4.44047 1.25
      vertex 3.16642 -4.56854 1.25
    endloop
  endfacet
  facet normal 0.943876 0.3303 0
    outer loop
      vertex 1.73146 -4.06642 2.4
      vertex 1.65195 -3.83921 1.25
      vertex 1.65195 -3.83921 2.4
    endloop
  endfacet
  facet normal 0.943876 0.3303 0
    outer loop
      vertex 1.65195 -3.83921 1.25
      vertex 1.73146 -4.06642 2.4
      vertex 1.73146 -4.06642 1.25
    endloop
  endfacet
  facet normal -0.993713 -0.111954 0
    outer loop
      vertex 3.775 -3.6 1.25
      vertex 3.74805 -3.36079 2.4
      vertex 3.74805 -3.36079 1.25
    endloop
  endfacet
  facet normal -0.993713 -0.111954 0
    outer loop
      vertex 3.74805 -3.36079 2.4
      vertex 3.775 -3.6 1.25
      vertex 3.775 -3.6 2.4
    endloop
  endfacet
  facet normal 0.3303 -0.943876 0
    outer loop
      vertex 2.23358 -2.63146 1.25
      vertex 2.46079 -2.55195 2.4
      vertex 2.23358 -2.63146 2.4
    endloop
  endfacet
  facet normal 0.3303 -0.943876 0
    outer loop
      vertex 2.46079 -2.55195 2.4
      vertex 2.23358 -2.63146 1.25
      vertex 2.46079 -2.55195 1.25
    endloop
  endfacet
  facet normal -0.943876 0.3303 0
    outer loop
      vertex 3.66854 -4.06642 1.25
      vertex 3.74805 -3.83921 2.4
      vertex 3.74805 -3.83921 1.25
    endloop
  endfacet
  facet normal -0.943876 0.3303 0
    outer loop
      vertex 3.74805 -3.83921 2.4
      vertex 3.66854 -4.06642 1.25
      vertex 3.66854 -4.06642 2.4
    endloop
  endfacet
  facet normal 0.3303 0.943876 -0
    outer loop
      vertex 2.46079 -4.64805 1.25
      vertex 2.23358 -4.56854 2.4
      vertex 2.46079 -4.64805 2.4
    endloop
  endfacet
  facet normal 0.3303 0.943876 0
    outer loop
      vertex 2.23358 -4.56854 2.4
      vertex 2.46079 -4.64805 1.25
      vertex 2.23358 -4.56854 1.25
    endloop
  endfacet
  facet normal 0.846733 0.532018 0
    outer loop
      vertex 1.85953 -4.27025 2.4
      vertex 1.73146 -4.06642 1.25
      vertex 1.73146 -4.06642 2.4
    endloop
  endfacet
  facet normal 0.846733 0.532018 0
    outer loop
      vertex 1.73146 -4.06642 1.25
      vertex 1.85953 -4.27025 2.4
      vertex 1.85953 -4.27025 1.25
    endloop
  endfacet
  facet normal 0.532018 0.846733 -0
    outer loop
      vertex 2.23358 -4.56854 1.25
      vertex 2.02975 -4.44047 2.4
      vertex 2.23358 -4.56854 2.4
    endloop
  endfacet
  facet normal 0.532018 0.846733 0
    outer loop
      vertex 2.02975 -4.44047 2.4
      vertex 2.23358 -4.56854 1.25
      vertex 2.02975 -4.44047 1.25
    endloop
  endfacet
  facet normal -0.707107 -0.707107 0
    outer loop
      vertex 3.54047 -2.92975 1.25
      vertex 3.37025 -2.75953 2.4
      vertex 3.37025 -2.75953 1.25
    endloop
  endfacet
  facet normal -0.707107 -0.707107 0
    outer loop
      vertex 3.37025 -2.75953 2.4
      vertex 3.54047 -2.92975 1.25
      vertex 3.54047 -2.92975 2.4
    endloop
  endfacet
  facet normal -0.846733 0.532018 0
    outer loop
      vertex 3.54047 -4.27025 1.25
      vertex 3.66854 -4.06642 2.4
      vertex 3.66854 -4.06642 1.25
    endloop
  endfacet
  facet normal -0.846733 0.532018 0
    outer loop
      vertex 3.66854 -4.06642 2.4
      vertex 3.54047 -4.27025 1.25
      vertex 3.54047 -4.27025 2.4
    endloop
  endfacet
  facet normal -0.707107 0.707107 0
    outer loop
      vertex 3.37025 -4.44047 1.25
      vertex 3.54047 -4.27025 2.4
      vertex 3.54047 -4.27025 1.25
    endloop
  endfacet
  facet normal -0.707107 0.707107 0
    outer loop
      vertex 3.54047 -4.27025 2.4
      vertex 3.37025 -4.44047 1.25
      vertex 3.37025 -4.44047 2.4
    endloop
  endfacet
  facet normal -0.111954 0.993713 0
    outer loop
      vertex 2.93921 -4.64805 1.25
      vertex 2.7 -4.675 2.4
      vertex 2.93921 -4.64805 2.4
    endloop
  endfacet
  facet normal -0.111954 0.993713 0
    outer loop
      vertex 2.7 -4.675 2.4
      vertex 2.93921 -4.64805 1.25
      vertex 2.7 -4.675 1.25
    endloop
  endfacet
  facet normal 0.993713 0.111954 0
    outer loop
      vertex 1.65195 -3.83921 2.4
      vertex 1.625 -3.6 1.25
      vertex 1.625 -3.6 2.4
    endloop
  endfacet
  facet normal 0.993713 0.111954 0
    outer loop
      vertex 1.625 -3.6 1.25
      vertex 1.65195 -3.83921 2.4
      vertex 1.65195 -3.83921 1.25
    endloop
  endfacet
  facet normal 0.707107 0.707107 0
    outer loop
      vertex 2.02975 -4.44047 2.4
      vertex 1.85953 -4.27025 1.25
      vertex 1.85953 -4.27025 2.4
    endloop
  endfacet
  facet normal 0.707107 0.707107 0
    outer loop
      vertex 1.85953 -4.27025 1.25
      vertex 2.02975 -4.44047 2.4
      vertex 2.02975 -4.44047 1.25
    endloop
  endfacet
  facet normal 0.111954 0.993713 -0
    outer loop
      vertex 2.7 -4.675 1.25
      vertex 2.46079 -4.64805 2.4
      vertex 2.7 -4.675 2.4
    endloop
  endfacet
  facet normal 0.111954 0.993713 0
    outer loop
      vertex 2.46079 -4.64805 2.4
      vertex 2.7 -4.675 1.25
      vertex 2.46079 -4.64805 1.25
    endloop
  endfacet
  facet normal -0.993713 0.111954 0
    outer loop
      vertex 3.74805 -3.83921 1.25
      vertex 3.775 -3.6 2.4
      vertex 3.775 -3.6 1.25
    endloop
  endfacet
  facet normal -0.993713 0.111954 0
    outer loop
      vertex 3.775 -3.6 2.4
      vertex 3.74805 -3.83921 1.25
      vertex 3.74805 -3.83921 2.4
    endloop
  endfacet
  facet normal -0.111954 -0.993713 0
    outer loop
      vertex 2.7 -2.525 1.25
      vertex 2.93921 -2.55195 2.4
      vertex 2.7 -2.525 2.4
    endloop
  endfacet
  facet normal -0.111954 -0.993713 -0
    outer loop
      vertex 2.93921 -2.55195 2.4
      vertex 2.7 -2.525 1.25
      vertex 2.93921 -2.55195 1.25
    endloop
  endfacet
  facet normal -0.846722 -0.532036 0
    outer loop
      vertex 3.66854 -3.13357 1.25
      vertex 3.54047 -2.92975 2.4
      vertex 3.54047 -2.92975 1.25
    endloop
  endfacet
  facet normal -0.846722 -0.532036 0
    outer loop
      vertex 3.54047 -2.92975 2.4
      vertex 3.66854 -3.13357 1.25
      vertex 3.66854 -3.13357 2.4
    endloop
  endfacet
  facet normal -0.94388 -0.330288 0
    outer loop
      vertex 3.74805 -3.36079 1.25
      vertex 3.66854 -3.13357 2.4
      vertex 3.66854 -3.13357 1.25
    endloop
  endfacet
  facet normal -0.94388 -0.330288 0
    outer loop
      vertex 3.66854 -3.13357 2.4
      vertex 3.74805 -3.36079 1.25
      vertex 3.74805 -3.36079 2.4
    endloop
  endfacet
  facet normal -0.3303 -0.943876 0
    outer loop
      vertex 2.93921 -2.55195 1.25
      vertex 3.16642 -2.63146 2.4
      vertex 2.93921 -2.55195 2.4
    endloop
  endfacet
  facet normal -0.3303 -0.943876 -0
    outer loop
      vertex 3.16642 -2.63146 2.4
      vertex 2.93921 -2.55195 1.25
      vertex 3.16642 -2.63146 1.25
    endloop
  endfacet
  facet normal -0.532018 -0.846733 0
    outer loop
      vertex 3.16642 -2.63146 1.25
      vertex 3.37025 -2.75953 2.4
      vertex 3.16642 -2.63146 2.4
    endloop
  endfacet
  facet normal -0.532018 -0.846733 -0
    outer loop
      vertex 3.37025 -2.75953 2.4
      vertex 3.16642 -2.63146 1.25
      vertex 3.37025 -2.75953 1.25
    endloop
  endfacet
  facet normal 0.111954 -0.993713 0
    outer loop
      vertex 2.46079 -2.55195 1.25
      vertex 2.7 -2.525 2.4
      vertex 2.46079 -2.55195 2.4
    endloop
  endfacet
  facet normal 0.111954 -0.993713 0
    outer loop
      vertex 2.7 -2.525 2.4
      vertex 2.46079 -2.55195 1.25
      vertex 2.7 -2.525 1.25
    endloop
  endfacet
  facet normal 0.707107 -0.707107 0
    outer loop
      vertex 1.85953 -2.92975 2.4
      vertex 2.02975 -2.75953 1.25
      vertex 2.02975 -2.75953 2.4
    endloop
  endfacet
  facet normal 0.707107 -0.707107 0
    outer loop
      vertex 2.02975 -2.75953 1.25
      vertex 1.85953 -2.92975 2.4
      vertex 1.85953 -2.92975 1.25
    endloop
  endfacet
  facet normal 0.846722 -0.532036 0
    outer loop
      vertex 1.73146 -3.13357 2.4
      vertex 1.85953 -2.92975 1.25
      vertex 1.85953 -2.92975 2.4
    endloop
  endfacet
  facet normal 0.846722 -0.532036 0
    outer loop
      vertex 1.85953 -2.92975 1.25
      vertex 1.73146 -3.13357 2.4
      vertex 1.73146 -3.13357 1.25
    endloop
  endfacet
  facet normal 0.993713 -0.111954 0
    outer loop
      vertex 1.625 -3.6 2.4
      vertex 1.65195 -3.36079 1.25
      vertex 1.65195 -3.36079 2.4
    endloop
  endfacet
  facet normal 0.993713 -0.111954 0
    outer loop
      vertex 1.65195 -3.36079 1.25
      vertex 1.625 -3.6 2.4
      vertex 1.625 -3.6 1.25
    endloop
  endfacet
  facet normal -0.3303 0.943876 0
    outer loop
      vertex 3.16642 -4.56854 1.25
      vertex 2.93921 -4.64805 2.4
      vertex 3.16642 -4.56854 2.4
    endloop
  endfacet
  facet normal -0.3303 0.943876 0
    outer loop
      vertex 2.93921 -4.64805 2.4
      vertex 3.16642 -4.56854 1.25
      vertex 2.93921 -4.64805 1.25
    endloop
  endfacet
  facet normal 0.532018 -0.846733 0
    outer loop
      vertex 2.02975 -2.75953 1.25
      vertex 2.23358 -2.63146 2.4
      vertex 2.02975 -2.75953 2.4
    endloop
  endfacet
  facet normal 0.532018 -0.846733 0
    outer loop
      vertex 2.23358 -2.63146 2.4
      vertex 2.02975 -2.75953 1.25
      vertex 2.23358 -2.63146 1.25
    endloop
  endfacet
  facet normal 0.94388 -0.330288 0
    outer loop
      vertex 1.65195 -3.36079 2.4
      vertex 1.73146 -3.13357 1.25
      vertex 1.73146 -3.13357 2.4
    endloop
  endfacet
  facet normal 0.94388 -0.330288 0
    outer loop
      vertex 1.73146 -3.13357 1.25
      vertex 1.65195 -3.36079 2.4
      vertex 1.65195 -3.36079 1.25
    endloop
  endfacet
  facet normal -0.881917 0.471405 0
    outer loop
      vertex 4.27979 -4.65558 3.8147e-07
      vertex 4.45537 -4.3271 1.25
      vertex 4.45537 -4.3271 3.8147e-07
    endloop
  endfacet
  facet normal -0.881917 0.471405 0
    outer loop
      vertex 4.45537 -4.3271 1.25
      vertex 4.27979 -4.65558 3.8147e-07
      vertex 4.27979 -4.65558 1.25
    endloop
  endfacet
  facet normal -0.77301 0.634394 0
    outer loop
      vertex 4.0435 -4.9435 3.8147e-07
      vertex 4.27979 -4.65558 1.25
      vertex 4.27979 -4.65558 3.8147e-07
    endloop
  endfacet
  facet normal -0.77301 0.634394 0
    outer loop
      vertex 4.27979 -4.65558 1.25
      vertex 4.0435 -4.9435 3.8147e-07
      vertex 4.0435 -4.9435 1.25
    endloop
  endfacet
  facet normal -0.098023 0.995184 0
    outer loop
      vertex 3.07067 -5.46349 3.8147e-07
      vertex 2.7 -5.5 1.25
      vertex 3.07067 -5.46349 1.25
    endloop
  endfacet
  facet normal -0.098023 0.995184 0
    outer loop
      vertex 2.7 -5.5 1.25
      vertex 3.07067 -5.46349 3.8147e-07
      vertex 2.7 -5.5 3.8147e-07
    endloop
  endfacet
  facet normal -0.29028 0.956942 0
    outer loop
      vertex 3.4271 -5.35537 3.8147e-07
      vertex 3.07067 -5.46349 1.25
      vertex 3.4271 -5.35537 1.25
    endloop
  endfacet
  facet normal -0.29028 0.956942 0
    outer loop
      vertex 3.07067 -5.46349 1.25
      vertex 3.4271 -5.35537 3.8147e-07
      vertex 3.07067 -5.46349 3.8147e-07
    endloop
  endfacet
  facet normal 0.471405 0.881917 -0
    outer loop
      vertex 1.9729 -5.35537 3.8147e-07
      vertex 1.64442 -5.17979 1.25
      vertex 1.9729 -5.35537 1.25
    endloop
  endfacet
  facet normal 0.471405 0.881917 0
    outer loop
      vertex 1.64442 -5.17979 1.25
      vertex 1.9729 -5.35537 3.8147e-07
      vertex 1.64442 -5.17979 3.8147e-07
    endloop
  endfacet
  facet normal 0.881916 0.471407 0
    outer loop
      vertex 1.12021 -4.65558 1.25
      vertex 0.944629 -4.3271 3.8147e-07
      vertex 0.944629 -4.3271 1.25
    endloop
  endfacet
  facet normal 0.881916 0.471407 0
    outer loop
      vertex 0.944629 -4.3271 3.8147e-07
      vertex 1.12021 -4.65558 1.25
      vertex 1.12021 -4.65558 3.8147e-07
    endloop
  endfacet
  facet normal -0.995184 -0.098023 0
    outer loop
      vertex 4.6 -3.6 3.8147e-07
      vertex 4.56349 -3.22933 1.25
      vertex 4.56349 -3.22933 3.8147e-07
    endloop
  endfacet
  facet normal -0.995184 -0.098023 0
    outer loop
      vertex 4.56349 -3.22933 1.25
      vertex 4.6 -3.6 3.8147e-07
      vertex 4.6 -3.6 1.25
    endloop
  endfacet
  facet normal -0.634394 0.77301 0
    outer loop
      vertex 4.0435 -4.9435 3.8147e-07
      vertex 3.75558 -5.17979 1.25
      vertex 4.0435 -4.9435 1.25
    endloop
  endfacet
  facet normal -0.634394 0.77301 0
    outer loop
      vertex 3.75558 -5.17979 1.25
      vertex 4.0435 -4.9435 3.8147e-07
      vertex 3.75558 -5.17979 3.8147e-07
    endloop
  endfacet
  facet normal 0.098023 0.995184 -0
    outer loop
      vertex 2.7 -5.5 3.8147e-07
      vertex 2.32933 -5.46349 1.25
      vertex 2.7 -5.5 1.25
    endloop
  endfacet
  facet normal 0.098023 0.995184 0
    outer loop
      vertex 2.32933 -5.46349 1.25
      vertex 2.7 -5.5 3.8147e-07
      vertex 2.32933 -5.46349 3.8147e-07
    endloop
  endfacet
  facet normal -0.471405 0.881917 0
    outer loop
      vertex 3.75558 -5.17979 3.8147e-07
      vertex 3.4271 -5.35537 1.25
      vertex 3.75558 -5.17979 1.25
    endloop
  endfacet
  facet normal -0.471405 0.881917 0
    outer loop
      vertex 3.4271 -5.35537 1.25
      vertex 3.75558 -5.17979 3.8147e-07
      vertex 3.4271 -5.35537 3.8147e-07
    endloop
  endfacet
  facet normal 0.995185 0.0980176 0
    outer loop
      vertex 0.836508 -3.97067 1.25
      vertex 0.8 -3.6 3.8147e-07
      vertex 0.8 -3.6 1.25
    endloop
  endfacet
  facet normal 0.995185 0.0980176 0
    outer loop
      vertex 0.8 -3.6 3.8147e-07
      vertex 0.836508 -3.97067 1.25
      vertex 0.836508 -3.97067 3.8147e-07
    endloop
  endfacet
  facet normal 0.634394 0.77301 -0
    outer loop
      vertex 1.64442 -5.17979 3.8147e-07
      vertex 1.3565 -4.9435 1.25
      vertex 1.64442 -5.17979 1.25
    endloop
  endfacet
  facet normal 0.634394 0.77301 0
    outer loop
      vertex 1.3565 -4.9435 1.25
      vertex 1.64442 -5.17979 3.8147e-07
      vertex 1.3565 -4.9435 3.8147e-07
    endloop
  endfacet
  facet normal 0.29028 0.956942 -0
    outer loop
      vertex 2.32933 -5.46349 3.8147e-07
      vertex 1.9729 -5.35537 1.25
      vertex 2.32933 -5.46349 1.25
    endloop
  endfacet
  facet normal 0.29028 0.956942 0
    outer loop
      vertex 1.9729 -5.35537 1.25
      vertex 2.32933 -5.46349 3.8147e-07
      vertex 1.9729 -5.35537 3.8147e-07
    endloop
  endfacet
  facet normal 0.77301 0.634394 0
    outer loop
      vertex 1.3565 -4.9435 1.25
      vertex 1.12021 -4.65558 3.8147e-07
      vertex 1.12021 -4.65558 1.25
    endloop
  endfacet
  facet normal 0.77301 0.634394 0
    outer loop
      vertex 1.12021 -4.65558 3.8147e-07
      vertex 1.3565 -4.9435 1.25
      vertex 1.3565 -4.9435 3.8147e-07
    endloop
  endfacet
  facet normal -0.995184 0.098023 0
    outer loop
      vertex 4.56349 -3.97067 3.8147e-07
      vertex 4.6 -3.6 1.25
      vertex 4.6 -3.6 3.8147e-07
    endloop
  endfacet
  facet normal -0.995184 0.098023 0
    outer loop
      vertex 4.6 -3.6 1.25
      vertex 4.56349 -3.97067 3.8147e-07
      vertex 4.56349 -3.97067 1.25
    endloop
  endfacet
  facet normal -0.956942 -0.29028 0
    outer loop
      vertex 4.56349 -3.22933 3.8147e-07
      vertex 4.45537 -2.8729 1.25
      vertex 4.45537 -2.8729 3.8147e-07
    endloop
  endfacet
  facet normal -0.956942 -0.29028 0
    outer loop
      vertex 4.45537 -2.8729 1.25
      vertex 4.56349 -3.22933 3.8147e-07
      vertex 4.56349 -3.22933 1.25
    endloop
  endfacet
  facet normal -0.634394 -0.77301 0
    outer loop
      vertex 3.75558 -2.02021 3.8147e-07
      vertex 4.0435 -2.2565 1.25
      vertex 3.75558 -2.02021 1.25
    endloop
  endfacet
  facet normal -0.634394 -0.77301 -0
    outer loop
      vertex 4.0435 -2.2565 1.25
      vertex 3.75558 -2.02021 3.8147e-07
      vertex 4.0435 -2.2565 3.8147e-07
    endloop
  endfacet
  facet normal -0.956942 0.29028 0
    outer loop
      vertex 4.45537 -4.3271 3.8147e-07
      vertex 4.56349 -3.97067 1.25
      vertex 4.56349 -3.97067 3.8147e-07
    endloop
  endfacet
  facet normal -0.956942 0.29028 0
    outer loop
      vertex 4.56349 -3.97067 1.25
      vertex 4.45537 -4.3271 3.8147e-07
      vertex 4.45537 -4.3271 1.25
    endloop
  endfacet
  facet normal 0.956941 0.290283 0
    outer loop
      vertex 0.944629 -4.3271 1.25
      vertex 0.836508 -3.97067 3.8147e-07
      vertex 0.836508 -3.97067 1.25
    endloop
  endfacet
  facet normal 0.956941 0.290283 0
    outer loop
      vertex 0.836508 -3.97067 3.8147e-07
      vertex 0.944629 -4.3271 1.25
      vertex 0.944629 -4.3271 3.8147e-07
    endloop
  endfacet
  facet normal -0.881917 -0.471405 0
    outer loop
      vertex 4.45537 -2.8729 3.8147e-07
      vertex 4.27979 -2.54442 1.25
      vertex 4.27979 -2.54442 3.8147e-07
    endloop
  endfacet
  facet normal -0.881917 -0.471405 0
    outer loop
      vertex 4.27979 -2.54442 1.25
      vertex 4.45537 -2.8729 3.8147e-07
      vertex 4.45537 -2.8729 1.25
    endloop
  endfacet
  facet normal -0.098023 -0.995184 0
    outer loop
      vertex 2.7 -1.7 3.8147e-07
      vertex 3.07067 -1.73651 1.25
      vertex 2.7 -1.7 1.25
    endloop
  endfacet
  facet normal -0.098023 -0.995184 -0
    outer loop
      vertex 3.07067 -1.73651 1.25
      vertex 2.7 -1.7 3.8147e-07
      vertex 3.07067 -1.73651 3.8147e-07
    endloop
  endfacet
  facet normal 0 0 -1
    outer loop
      vertex 3.775 -3.6 1.25
      vertex 4.6 -3.6 1.25
      vertex 4.56349 -3.97067 1.25
    endloop
  endfacet
  facet normal 0 0 -1
    outer loop
      vertex 3.74805 -3.83921 1.25
      vertex 4.56349 -3.97067 1.25
      vertex 4.45537 -4.3271 1.25
    endloop
  endfacet
  facet normal 0 0 -1
    outer loop
      vertex 4.6 -3.6 1.25
      vertex 3.775 -3.6 1.25
      vertex 4.56349 -3.22933 1.25
    endloop
  endfacet
  facet normal 0 0 -1
    outer loop
      vertex 3.66854 -4.06642 1.25
      vertex 4.45537 -4.3271 1.25
      vertex 4.27979 -4.65558 1.25
    endloop
  endfacet
  facet normal 0 0 -1
    outer loop
      vertex 3.74805 -3.36079 1.25
      vertex 4.56349 -3.22933 1.25
      vertex 3.775 -3.6 1.25
    endloop
  endfacet
  facet normal 0 0 -1
    outer loop
      vertex 3.54047 -4.27025 1.25
      vertex 4.27979 -4.65558 1.25
      vertex 4.0435 -4.9435 1.25
    endloop
  endfacet
  facet normal -0 0 -1
    outer loop
      vertex 4.56349 -3.22933 1.25
      vertex 3.74805 -3.36079 1.25
      vertex 4.45537 -2.8729 1.25
    endloop
  endfacet
  facet normal 0 0 -1
    outer loop
      vertex 3.66854 -3.13357 1.25
      vertex 4.45537 -2.8729 1.25
      vertex 3.74805 -3.36079 1.25
    endloop
  endfacet
  facet normal 0 0 -1
    outer loop
      vertex 3.37025 -4.44047 1.25
      vertex 4.0435 -4.9435 1.25
      vertex 3.75558 -5.17979 1.25
    endloop
  endfacet
  facet normal 0 0 -1
    outer loop
      vertex 4.56349 -3.97067 1.25
      vertex 3.74805 -3.83921 1.25
      vertex 3.775 -3.6 1.25
    endloop
  endfacet
  facet normal 0 0 -1
    outer loop
      vertex 4.45537 -4.3271 1.25
      vertex 3.66854 -4.06642 1.25
      vertex 3.74805 -3.83921 1.25
    endloop
  endfacet
  facet normal 0 0 -1
    outer loop
      vertex 4.27979 -4.65558 1.25
      vertex 3.54047 -4.27025 1.25
      vertex 3.66854 -4.06642 1.25
    endloop
  endfacet
  facet normal 0 0 -1
    outer loop
      vertex 3.16642 -4.56854 1.25
      vertex 3.75558 -5.17979 1.25
      vertex 3.4271 -5.35537 1.25
    endloop
  endfacet
  facet normal 0 0 -1
    outer loop
      vertex 4.0435 -4.9435 1.25
      vertex 3.37025 -4.44047 1.25
      vertex 3.54047 -4.27025 1.25
    endloop
  endfacet
  facet normal 0 0 -1
    outer loop
      vertex 3.75558 -5.17979 1.25
      vertex 3.16642 -4.56854 1.25
      vertex 3.37025 -4.44047 1.25
    endloop
  endfacet
  facet normal 0 0 -1
    outer loop
      vertex 2.93921 -4.64805 1.25
      vertex 3.4271 -5.35537 1.25
      vertex 3.07067 -5.46349 1.25
    endloop
  endfacet
  facet normal 0 0 -1
    outer loop
      vertex 3.4271 -5.35537 1.25
      vertex 2.93921 -4.64805 1.25
      vertex 3.16642 -4.56854 1.25
    endloop
  endfacet
  facet normal 0 0 -1
    outer loop
      vertex 2.7 -4.675 1.25
      vertex 3.07067 -5.46349 1.25
      vertex 2.7 -5.5 1.25
    endloop
  endfacet
  facet normal 0 0 -1
    outer loop
      vertex 3.07067 -5.46349 1.25
      vertex 2.7 -4.675 1.25
      vertex 2.93921 -4.64805 1.25
    endloop
  endfacet
  facet normal 0 0 -1
    outer loop
      vertex 2.32933 -5.46349 1.25
      vertex 2.7 -4.675 1.25
      vertex 2.7 -5.5 1.25
    endloop
  endfacet
  facet normal -0 0 -1
    outer loop
      vertex 2.7 -4.675 1.25
      vertex 2.32933 -5.46349 1.25
      vertex 2.46079 -4.64805 1.25
    endloop
  endfacet
  facet normal 0 0 -1
    outer loop
      vertex 1.9729 -5.35537 1.25
      vertex 2.46079 -4.64805 1.25
      vertex 2.32933 -5.46349 1.25
    endloop
  endfacet
  facet normal -0 0 -1
    outer loop
      vertex 2.46079 -4.64805 1.25
      vertex 1.9729 -5.35537 1.25
      vertex 2.23358 -4.56854 1.25
    endloop
  endfacet
  facet normal 0 0 -1
    outer loop
      vertex 1.64442 -5.17979 1.25
      vertex 2.23358 -4.56854 1.25
      vertex 1.9729 -5.35537 1.25
    endloop
  endfacet
  facet normal -0 0 -1
    outer loop
      vertex 2.23358 -4.56854 1.25
      vertex 1.64442 -5.17979 1.25
      vertex 2.02975 -4.44047 1.25
    endloop
  endfacet
  facet normal 0 0 -1
    outer loop
      vertex 1.3565 -4.9435 1.25
      vertex 2.02975 -4.44047 1.25
      vertex 1.64442 -5.17979 1.25
    endloop
  endfacet
  facet normal -0 0 -1
    outer loop
      vertex 2.02975 -4.44047 1.25
      vertex 1.3565 -4.9435 1.25
      vertex 1.85953 -4.27025 1.25
    endloop
  endfacet
  facet normal 0 0 -1
    outer loop
      vertex 1.12021 -4.65558 1.25
      vertex 1.85953 -4.27025 1.25
      vertex 1.3565 -4.9435 1.25
    endloop
  endfacet
  facet normal -0 0 -1
    outer loop
      vertex 1.85953 -4.27025 1.25
      vertex 1.12021 -4.65558 1.25
      vertex 1.73146 -4.06642 1.25
    endloop
  endfacet
  facet normal 0 0 -1
    outer loop
      vertex 0.944629 -4.3271 1.25
      vertex 1.73146 -4.06642 1.25
      vertex 1.12021 -4.65558 1.25
    endloop
  endfacet
  facet normal -0 0 -1
    outer loop
      vertex 4.45537 -2.8729 1.25
      vertex 3.66854 -3.13357 1.25
      vertex 4.27979 -2.54442 1.25
    endloop
  endfacet
  facet normal 0 0 -1
    outer loop
      vertex 3.54047 -2.92975 1.25
      vertex 4.27979 -2.54442 1.25
      vertex 3.66854 -3.13357 1.25
    endloop
  endfacet
  facet normal -0 0 -1
    outer loop
      vertex 4.27979 -2.54442 1.25
      vertex 3.54047 -2.92975 1.25
      vertex 4.0435 -2.2565 1.25
    endloop
  endfacet
  facet normal 0 0 -1
    outer loop
      vertex 3.37025 -2.75953 1.25
      vertex 4.0435 -2.2565 1.25
      vertex 3.54047 -2.92975 1.25
    endloop
  endfacet
  facet normal -0 0 -1
    outer loop
      vertex 4.0435 -2.2565 1.25
      vertex 3.37025 -2.75953 1.25
      vertex 3.75558 -2.02021 1.25
    endloop
  endfacet
  facet normal 0 0 -1
    outer loop
      vertex 3.16642 -2.63146 1.25
      vertex 3.75558 -2.02021 1.25
      vertex 3.37025 -2.75953 1.25
    endloop
  endfacet
  facet normal -0 0 -1
    outer loop
      vertex 3.75558 -2.02021 1.25
      vertex 3.16642 -2.63146 1.25
      vertex 3.4271 -1.84463 1.25
    endloop
  endfacet
  facet normal 0 0 -1
    outer loop
      vertex 2.93921 -2.55195 1.25
      vertex 3.4271 -1.84463 1.25
      vertex 3.16642 -2.63146 1.25
    endloop
  endfacet
  facet normal -0 0 -1
    outer loop
      vertex 3.4271 -1.84463 1.25
      vertex 2.93921 -2.55195 1.25
      vertex 3.07067 -1.73651 1.25
    endloop
  endfacet
  facet normal 0 0 -1
    outer loop
      vertex 2.7 -2.525 1.25
      vertex 3.07067 -1.73651 1.25
      vertex 2.93921 -2.55195 1.25
    endloop
  endfacet
  facet normal 0 0 -1
    outer loop
      vertex 2.7 -2.525 1.25
      vertex 2.7 -1.7 1.25
      vertex 3.07067 -1.73651 1.25
    endloop
  endfacet
  facet normal 0 0 -1
    outer loop
      vertex 2.32933 -1.73651 1.25
      vertex 2.7 -2.525 1.25
      vertex 2.46079 -2.55195 1.25
    endloop
  endfacet
  facet normal 0 0 -1
    outer loop
      vertex 2.7 -2.525 1.25
      vertex 2.32933 -1.73651 1.25
      vertex 2.7 -1.7 1.25
    endloop
  endfacet
  facet normal 0 0 -1
    outer loop
      vertex 1.9729 -1.84463 1.25
      vertex 2.46079 -2.55195 1.25
      vertex 2.23358 -2.63146 1.25
    endloop
  endfacet
  facet normal 0 0 -1
    outer loop
      vertex 1.64442 -2.02021 1.25
      vertex 2.23358 -2.63146 1.25
      vertex 2.02975 -2.75953 1.25
    endloop
  endfacet
  facet normal 0 0 -1
    outer loop
      vertex 2.46079 -2.55195 1.25
      vertex 1.9729 -1.84463 1.25
      vertex 2.32933 -1.73651 1.25
    endloop
  endfacet
  facet normal 0 0 -1
    outer loop
      vertex 1.3565 -2.2565 1.25
      vertex 2.02975 -2.75953 1.25
      vertex 1.85953 -2.92975 1.25
    endloop
  endfacet
  facet normal 0 0 -1
    outer loop
      vertex 1.12021 -2.54442 1.25
      vertex 1.85953 -2.92975 1.25
      vertex 1.73146 -3.13357 1.25
    endloop
  endfacet
  facet normal 0 0 -1
    outer loop
      vertex 0.944629 -2.8729 1.25
      vertex 1.73146 -3.13357 1.25
      vertex 1.65195 -3.36079 1.25
    endloop
  endfacet
  facet normal 0 0 -1
    outer loop
      vertex 2.23358 -2.63146 1.25
      vertex 1.64442 -2.02021 1.25
      vertex 1.9729 -1.84463 1.25
    endloop
  endfacet
  facet normal 0 0 -1
    outer loop
      vertex 0.836508 -3.22933 1.25
      vertex 1.65195 -3.36079 1.25
      vertex 1.625 -3.6 1.25
    endloop
  endfacet
  facet normal -0 0 -1
    outer loop
      vertex 1.73146 -4.06642 1.25
      vertex 0.944629 -4.3271 1.25
      vertex 1.65195 -3.83921 1.25
    endloop
  endfacet
  facet normal 0 0 -1
    outer loop
      vertex 2.02975 -2.75953 1.25
      vertex 1.3565 -2.2565 1.25
      vertex 1.64442 -2.02021 1.25
    endloop
  endfacet
  facet normal 0 0 -1
    outer loop
      vertex 0.836508 -3.97067 1.25
      vertex 1.65195 -3.83921 1.25
      vertex 0.944629 -4.3271 1.25
    endloop
  endfacet
  facet normal 0 0 -1
    outer loop
      vertex 1.85953 -2.92975 1.25
      vertex 1.12021 -2.54442 1.25
      vertex 1.3565 -2.2565 1.25
    endloop
  endfacet
  facet normal -0 0 -1
    outer loop
      vertex 1.65195 -3.83921 1.25
      vertex 0.836508 -3.97067 1.25
      vertex 1.625 -3.6 1.25
    endloop
  endfacet
  facet normal 0 0 -1
    outer loop
      vertex 1.73146 -3.13357 1.25
      vertex 0.944629 -2.8729 1.25
      vertex 1.12021 -2.54442 1.25
    endloop
  endfacet
  facet normal 0 0 -1
    outer loop
      vertex 0.8 -3.6 1.25
      vertex 1.625 -3.6 1.25
      vertex 0.836508 -3.97067 1.25
    endloop
  endfacet
  facet normal 0 0 -1
    outer loop
      vertex 1.65195 -3.36079 1.25
      vertex 0.836508 -3.22933 1.25
      vertex 0.944629 -2.8729 1.25
    endloop
  endfacet
  facet normal 0 0 -1
    outer loop
      vertex 1.625 -3.6 1.25
      vertex 0.8 -3.6 1.25
      vertex 0.836508 -3.22933 1.25
    endloop
  endfacet
  facet normal 0.881916 -0.471407 0
    outer loop
      vertex 0.944629 -2.8729 1.25
      vertex 1.12021 -2.54442 3.8147e-07
      vertex 1.12021 -2.54442 1.25
    endloop
  endfacet
  facet normal 0.881916 -0.471407 0
    outer loop
      vertex 1.12021 -2.54442 3.8147e-07
      vertex 0.944629 -2.8729 1.25
      vertex 0.944629 -2.8729 3.8147e-07
    endloop
  endfacet
  facet normal -0.29028 -0.956942 0
    outer loop
      vertex 3.07067 -1.73651 3.8147e-07
      vertex 3.4271 -1.84463 1.25
      vertex 3.07067 -1.73651 1.25
    endloop
  endfacet
  facet normal -0.29028 -0.956942 -0
    outer loop
      vertex 3.4271 -1.84463 1.25
      vertex 3.07067 -1.73651 3.8147e-07
      vertex 3.4271 -1.84463 3.8147e-07
    endloop
  endfacet
  facet normal -0.471405 -0.881917 0
    outer loop
      vertex 3.4271 -1.84463 3.8147e-07
      vertex 3.75558 -2.02021 1.25
      vertex 3.4271 -1.84463 1.25
    endloop
  endfacet
  facet normal -0.471405 -0.881917 -0
    outer loop
      vertex 3.75558 -2.02021 1.25
      vertex 3.4271 -1.84463 3.8147e-07
      vertex 3.75558 -2.02021 3.8147e-07
    endloop
  endfacet
  facet normal 0.471405 -0.881917 0
    outer loop
      vertex 1.64442 -2.02021 3.8147e-07
      vertex 1.9729 -1.84463 1.25
      vertex 1.64442 -2.02021 1.25
    endloop
  endfacet
  facet normal 0.471405 -0.881917 0
    outer loop
      vertex 1.9729 -1.84463 1.25
      vertex 1.64442 -2.02021 3.8147e-07
      vertex 1.9729 -1.84463 3.8147e-07
    endloop
  endfacet
  facet normal 0.956941 -0.290283 0
    outer loop
      vertex 0.836508 -3.22933 1.25
      vertex 0.944629 -2.8729 3.8147e-07
      vertex 0.944629 -2.8729 1.25
    endloop
  endfacet
  facet normal 0.956941 -0.290283 0
    outer loop
      vertex 0.944629 -2.8729 3.8147e-07
      vertex 0.836508 -3.22933 1.25
      vertex 0.836508 -3.22933 3.8147e-07
    endloop
  endfacet
  facet normal 0.995185 -0.0980176 0
    outer loop
      vertex 0.8 -3.6 1.25
      vertex 0.836508 -3.22933 3.8147e-07
      vertex 0.836508 -3.22933 1.25
    endloop
  endfacet
  facet normal 0.995185 -0.0980176 0
    outer loop
      vertex 0.836508 -3.22933 3.8147e-07
      vertex 0.8 -3.6 1.25
      vertex 0.8 -3.6 3.8147e-07
    endloop
  endfacet
  facet normal -0.77301 -0.634394 0
    outer loop
      vertex 4.27979 -2.54442 3.8147e-07
      vertex 4.0435 -2.2565 1.25
      vertex 4.0435 -2.2565 3.8147e-07
    endloop
  endfacet
  facet normal -0.77301 -0.634394 0
    outer loop
      vertex 4.0435 -2.2565 1.25
      vertex 4.27979 -2.54442 3.8147e-07
      vertex 4.27979 -2.54442 1.25
    endloop
  endfacet
  facet normal 0.29028 -0.956942 0
    outer loop
      vertex 1.9729 -1.84463 3.8147e-07
      vertex 2.32933 -1.73651 1.25
      vertex 1.9729 -1.84463 1.25
    endloop
  endfacet
  facet normal 0.29028 -0.956942 0
    outer loop
      vertex 2.32933 -1.73651 1.25
      vertex 1.9729 -1.84463 3.8147e-07
      vertex 2.32933 -1.73651 3.8147e-07
    endloop
  endfacet
  facet normal 0.77301 -0.634394 0
    outer loop
      vertex 1.12021 -2.54442 1.25
      vertex 1.3565 -2.2565 3.8147e-07
      vertex 1.3565 -2.2565 1.25
    endloop
  endfacet
  facet normal 0.77301 -0.634394 0
    outer loop
      vertex 1.3565 -2.2565 3.8147e-07
      vertex 1.12021 -2.54442 1.25
      vertex 1.12021 -2.54442 3.8147e-07
    endloop
  endfacet
  facet normal 0.634394 -0.77301 0
    outer loop
      vertex 1.3565 -2.2565 3.8147e-07
      vertex 1.64442 -2.02021 1.25
      vertex 1.3565 -2.2565 1.25
    endloop
  endfacet
  facet normal 0.634394 -0.77301 0
    outer loop
      vertex 1.64442 -2.02021 1.25
      vertex 1.3565 -2.2565 3.8147e-07
      vertex 1.64442 -2.02021 3.8147e-07
    endloop
  endfacet
  facet normal 0.098023 -0.995184 0
    outer loop
      vertex 2.32933 -1.73651 3.8147e-07
      vertex 2.7 -1.7 1.25
      vertex 2.32933 -1.73651 1.25
    endloop
  endfacet
  facet normal 0.098023 -0.995184 0
    outer loop
      vertex 2.7 -1.7 1.25
      vertex 2.32933 -1.73651 3.8147e-07
      vertex 2.7 -1.7 3.8147e-07
    endloop
  endfacet
  facet normal -0.531809 0.846864 0
    outer loop
      vertex 3.37025 -27.1405 1.25
      vertex 3.16642 -27.2685 2.4
      vertex 3.37025 -27.1405 2.4
    endloop
  endfacet
  facet normal -0.531809 0.846864 0
    outer loop
      vertex 3.16642 -27.2685 2.4
      vertex 3.37025 -27.1405 1.25
      vertex 3.16642 -27.2685 1.25
    endloop
  endfacet
  facet normal 0.943871 0.330313 0
    outer loop
      vertex 1.73146 -26.7664 2.4
      vertex 1.65195 -26.5392 1.25
      vertex 1.65195 -26.5392 2.4
    endloop
  endfacet
  facet normal 0.943871 0.330313 0
    outer loop
      vertex 1.65195 -26.5392 1.25
      vertex 1.73146 -26.7664 2.4
      vertex 1.73146 -26.7664 1.25
    endloop
  endfacet
  facet normal -0.993713 -0.111959 0
    outer loop
      vertex 3.775 -26.3 1.25
      vertex 3.74805 -26.0608 2.4
      vertex 3.74805 -26.0608 1.25
    endloop
  endfacet
  facet normal -0.993713 -0.111959 0
    outer loop
      vertex 3.74805 -26.0608 2.4
      vertex 3.775 -26.3 1.25
      vertex 3.775 -26.3 2.4
    endloop
  endfacet
  facet normal 0.330263 -0.943889 0
    outer loop
      vertex 2.23358 -25.3315 1.25
      vertex 2.46079 -25.252 2.4
      vertex 2.23358 -25.3315 2.4
    endloop
  endfacet
  facet normal 0.330263 -0.943889 0
    outer loop
      vertex 2.46079 -25.252 2.4
      vertex 2.23358 -25.3315 1.25
      vertex 2.46079 -25.252 1.25
    endloop
  endfacet
  facet normal -0.943871 0.330313 0
    outer loop
      vertex 3.66854 -26.7664 1.25
      vertex 3.74805 -26.5392 2.4
      vertex 3.74805 -26.5392 1.25
    endloop
  endfacet
  facet normal -0.943871 0.330313 0
    outer loop
      vertex 3.74805 -26.5392 2.4
      vertex 3.66854 -26.7664 1.25
      vertex 3.66854 -26.7664 2.4
    endloop
  endfacet
  facet normal 0.330263 0.943889 -0
    outer loop
      vertex 2.46079 -27.348 1.25
      vertex 2.23358 -27.2685 2.4
      vertex 2.46079 -27.348 2.4
    endloop
  endfacet
  facet normal 0.330263 0.943889 0
    outer loop
      vertex 2.23358 -27.2685 2.4
      vertex 2.46079 -27.348 1.25
      vertex 2.23358 -27.2685 1.25
    endloop
  endfacet
  facet normal 0.846816 0.531887 0
    outer loop
      vertex 1.85953 -26.9703 2.4
      vertex 1.73146 -26.7664 1.25
      vertex 1.73146 -26.7664 2.4
    endloop
  endfacet
  facet normal 0.846816 0.531887 0
    outer loop
      vertex 1.73146 -26.7664 1.25
      vertex 1.85953 -26.9703 2.4
      vertex 1.85953 -26.9703 1.25
    endloop
  endfacet
  facet normal 0.531809 0.846864 -0
    outer loop
      vertex 2.23358 -27.2685 1.25
      vertex 2.02975 -27.1405 2.4
      vertex 2.23358 -27.2685 2.4
    endloop
  endfacet
  facet normal 0.531809 0.846864 0
    outer loop
      vertex 2.02975 -27.1405 2.4
      vertex 2.23358 -27.2685 1.25
      vertex 2.02975 -27.1405 1.25
    endloop
  endfacet
  facet normal -0.707065 -0.707148 0
    outer loop
      vertex 3.54047 -25.6297 1.25
      vertex 3.37025 -25.4595 2.4
      vertex 3.37025 -25.4595 1.25
    endloop
  endfacet
  facet normal -0.707065 -0.707148 0
    outer loop
      vertex 3.37025 -25.4595 2.4
      vertex 3.54047 -25.6297 1.25
      vertex 3.54047 -25.6297 2.4
    endloop
  endfacet
  facet normal -0.846816 0.531887 0
    outer loop
      vertex 3.54047 -26.9703 1.25
      vertex 3.66854 -26.7664 2.4
      vertex 3.66854 -26.7664 1.25
    endloop
  endfacet
  facet normal -0.846816 0.531887 0
    outer loop
      vertex 3.66854 -26.7664 2.4
      vertex 3.54047 -26.9703 1.25
      vertex 3.54047 -26.9703 2.4
    endloop
  endfacet
  facet normal -0.707065 0.707148 0
    outer loop
      vertex 3.37025 -27.1405 1.25
      vertex 3.54047 -26.9703 2.4
      vertex 3.54047 -26.9703 1.25
    endloop
  endfacet
  facet normal -0.707065 0.707148 0
    outer loop
      vertex 3.54047 -26.9703 2.4
      vertex 3.37025 -27.1405 1.25
      vertex 3.37025 -27.1405 2.4
    endloop
  endfacet
  facet normal -0.112159 0.99369 0
    outer loop
      vertex 2.93921 -27.348 1.25
      vertex 2.7 -27.375 2.4
      vertex 2.93921 -27.348 2.4
    endloop
  endfacet
  facet normal -0.112159 0.99369 0
    outer loop
      vertex 2.7 -27.375 2.4
      vertex 2.93921 -27.348 1.25
      vertex 2.7 -27.375 1.25
    endloop
  endfacet
  facet normal 0.993713 0.111959 0
    outer loop
      vertex 1.65195 -26.5392 2.4
      vertex 1.625 -26.3 1.25
      vertex 1.625 -26.3 2.4
    endloop
  endfacet
  facet normal 0.993713 0.111959 0
    outer loop
      vertex 1.625 -26.3 1.25
      vertex 1.65195 -26.5392 2.4
      vertex 1.65195 -26.5392 1.25
    endloop
  endfacet
  facet normal 0.707065 0.707148 0
    outer loop
      vertex 2.02975 -27.1405 2.4
      vertex 1.85953 -26.9703 1.25
      vertex 1.85953 -26.9703 2.4
    endloop
  endfacet
  facet normal 0.707065 0.707148 0
    outer loop
      vertex 1.85953 -26.9703 1.25
      vertex 2.02975 -27.1405 2.4
      vertex 2.02975 -27.1405 1.25
    endloop
  endfacet
  facet normal 0.112159 0.99369 -0
    outer loop
      vertex 2.7 -27.375 1.25
      vertex 2.46079 -27.348 2.4
      vertex 2.7 -27.375 2.4
    endloop
  endfacet
  facet normal 0.112159 0.99369 0
    outer loop
      vertex 2.46079 -27.348 2.4
      vertex 2.7 -27.375 1.25
      vertex 2.46079 -27.348 1.25
    endloop
  endfacet
  facet normal -0.993713 0.111959 0
    outer loop
      vertex 3.74805 -26.5392 1.25
      vertex 3.775 -26.3 2.4
      vertex 3.775 -26.3 1.25
    endloop
  endfacet
  facet normal -0.993713 0.111959 0
    outer loop
      vertex 3.775 -26.3 2.4
      vertex 3.74805 -26.5392 1.25
      vertex 3.74805 -26.5392 2.4
    endloop
  endfacet
  facet normal -0.112159 -0.99369 0
    outer loop
      vertex 2.7 -25.225 1.25
      vertex 2.93921 -25.252 2.4
      vertex 2.7 -25.225 2.4
    endloop
  endfacet
  facet normal -0.112159 -0.99369 -0
    outer loop
      vertex 2.93921 -25.252 2.4
      vertex 2.7 -25.225 1.25
      vertex 2.93921 -25.252 1.25
    endloop
  endfacet
  facet normal -0.846816 -0.531887 0
    outer loop
      vertex 3.66854 -25.8336 1.25
      vertex 3.54047 -25.6297 2.4
      vertex 3.54047 -25.6297 1.25
    endloop
  endfacet
  facet normal -0.846816 -0.531887 0
    outer loop
      vertex 3.54047 -25.6297 2.4
      vertex 3.66854 -25.8336 1.25
      vertex 3.66854 -25.8336 2.4
    endloop
  endfacet
  facet normal -0.943871 -0.330313 0
    outer loop
      vertex 3.74805 -26.0608 1.25
      vertex 3.66854 -25.8336 2.4
      vertex 3.66854 -25.8336 1.25
    endloop
  endfacet
  facet normal -0.943871 -0.330313 0
    outer loop
      vertex 3.66854 -25.8336 2.4
      vertex 3.74805 -26.0608 1.25
      vertex 3.74805 -26.0608 2.4
    endloop
  endfacet
  facet normal -0.330263 -0.943889 0
    outer loop
      vertex 2.93921 -25.252 1.25
      vertex 3.16642 -25.3315 2.4
      vertex 2.93921 -25.252 2.4
    endloop
  endfacet
  facet normal -0.330263 -0.943889 -0
    outer loop
      vertex 3.16642 -25.3315 2.4
      vertex 2.93921 -25.252 1.25
      vertex 3.16642 -25.3315 1.25
    endloop
  endfacet
  facet normal -0.531809 -0.846864 0
    outer loop
      vertex 3.16642 -25.3315 1.25
      vertex 3.37025 -25.4595 2.4
      vertex 3.16642 -25.3315 2.4
    endloop
  endfacet
  facet normal -0.531809 -0.846864 -0
    outer loop
      vertex 3.37025 -25.4595 2.4
      vertex 3.16642 -25.3315 1.25
      vertex 3.37025 -25.4595 1.25
    endloop
  endfacet
  facet normal 0.112159 -0.99369 0
    outer loop
      vertex 2.46079 -25.252 1.25
      vertex 2.7 -25.225 2.4
      vertex 2.46079 -25.252 2.4
    endloop
  endfacet
  facet normal 0.112159 -0.99369 0
    outer loop
      vertex 2.7 -25.225 2.4
      vertex 2.46079 -25.252 1.25
      vertex 2.7 -25.225 1.25
    endloop
  endfacet
  facet normal 0.707065 -0.707148 0
    outer loop
      vertex 1.85953 -25.6297 2.4
      vertex 2.02975 -25.4595 1.25
      vertex 2.02975 -25.4595 2.4
    endloop
  endfacet
  facet normal 0.707065 -0.707148 0
    outer loop
      vertex 2.02975 -25.4595 1.25
      vertex 1.85953 -25.6297 2.4
      vertex 1.85953 -25.6297 1.25
    endloop
  endfacet
  facet normal 0.846816 -0.531887 0
    outer loop
      vertex 1.73146 -25.8336 2.4
      vertex 1.85953 -25.6297 1.25
      vertex 1.85953 -25.6297 2.4
    endloop
  endfacet
  facet normal 0.846816 -0.531887 0
    outer loop
      vertex 1.85953 -25.6297 1.25
      vertex 1.73146 -25.8336 2.4
      vertex 1.73146 -25.8336 1.25
    endloop
  endfacet
  facet normal 0.993713 -0.111959 0
    outer loop
      vertex 1.625 -26.3 2.4
      vertex 1.65195 -26.0608 1.25
      vertex 1.65195 -26.0608 2.4
    endloop
  endfacet
  facet normal 0.993713 -0.111959 0
    outer loop
      vertex 1.65195 -26.0608 1.25
      vertex 1.625 -26.3 2.4
      vertex 1.625 -26.3 1.25
    endloop
  endfacet
  facet normal -0.330263 0.943889 0
    outer loop
      vertex 3.16642 -27.2685 1.25
      vertex 2.93921 -27.348 2.4
      vertex 3.16642 -27.2685 2.4
    endloop
  endfacet
  facet normal -0.330263 0.943889 0
    outer loop
      vertex 2.93921 -27.348 2.4
      vertex 3.16642 -27.2685 1.25
      vertex 2.93921 -27.348 1.25
    endloop
  endfacet
  facet normal 0.531809 -0.846864 0
    outer loop
      vertex 2.02975 -25.4595 1.25
      vertex 2.23358 -25.3315 2.4
      vertex 2.02975 -25.4595 2.4
    endloop
  endfacet
  facet normal 0.531809 -0.846864 0
    outer loop
      vertex 2.23358 -25.3315 2.4
      vertex 2.02975 -25.4595 1.25
      vertex 2.23358 -25.3315 1.25
    endloop
  endfacet
  facet normal 0.943871 -0.330313 0
    outer loop
      vertex 1.65195 -26.0608 2.4
      vertex 1.73146 -25.8336 1.25
      vertex 1.73146 -25.8336 2.4
    endloop
  endfacet
  facet normal 0.943871 -0.330313 0
    outer loop
      vertex 1.73146 -25.8336 1.25
      vertex 1.65195 -26.0608 2.4
      vertex 1.65195 -26.0608 1.25
    endloop
  endfacet
  facet normal -0.881929 0.471382 0
    outer loop
      vertex 4.27979 -27.3556 3.8147e-07
      vertex 4.45537 -27.0271 1.25
      vertex 4.45537 -27.0271 3.8147e-07
    endloop
  endfacet
  facet normal -0.881929 0.471382 0
    outer loop
      vertex 4.45537 -27.0271 1.25
      vertex 4.27979 -27.3556 3.8147e-07
      vertex 4.27979 -27.3556 1.25
    endloop
  endfacet
  facet normal -0.772989 0.63442 0
    outer loop
      vertex 4.0435 -27.6435 3.8147e-07
      vertex 4.27979 -27.3556 1.25
      vertex 4.27979 -27.3556 3.8147e-07
    endloop
  endfacet
  facet normal -0.772989 0.63442 0
    outer loop
      vertex 4.27979 -27.3556 1.25
      vertex 4.0435 -27.6435 3.8147e-07
      vertex 4.0435 -27.6435 1.25
    endloop
  endfacet
  facet normal -0.0979964 0.995187 0
    outer loop
      vertex 3.07067 -28.1635 3.8147e-07
      vertex 2.7 -28.2 1.25
      vertex 3.07067 -28.1635 1.25
    endloop
  endfacet
  facet normal -0.0979964 0.995187 0
    outer loop
      vertex 2.7 -28.2 1.25
      vertex 3.07067 -28.1635 3.8147e-07
      vertex 2.7 -28.2 3.8147e-07
    endloop
  endfacet
  facet normal -0.290231 0.956957 0
    outer loop
      vertex 3.4271 -28.0554 3.8147e-07
      vertex 3.07067 -28.1635 1.25
      vertex 3.4271 -28.0554 1.25
    endloop
  endfacet
  facet normal -0.290231 0.956957 0
    outer loop
      vertex 3.07067 -28.1635 1.25
      vertex 3.4271 -28.0554 3.8147e-07
      vertex 3.07067 -28.1635 3.8147e-07
    endloop
  endfacet
  facet normal 0.471446 0.881895 -0
    outer loop
      vertex 1.9729 -28.0554 3.8147e-07
      vertex 1.64442 -27.8798 1.25
      vertex 1.9729 -28.0554 1.25
    endloop
  endfacet
  facet normal 0.471446 0.881895 0
    outer loop
      vertex 1.64442 -27.8798 1.25
      vertex 1.9729 -28.0554 3.8147e-07
      vertex 1.64442 -27.8798 3.8147e-07
    endloop
  endfacet
  facet normal 0.881928 0.471384 0
    outer loop
      vertex 1.12021 -27.3556 1.25
      vertex 0.944629 -27.0271 3.8147e-07
      vertex 0.944629 -27.0271 1.25
    endloop
  endfacet
  facet normal 0.881928 0.471384 0
    outer loop
      vertex 0.944629 -27.0271 3.8147e-07
      vertex 1.12021 -27.3556 1.25
      vertex 1.12021 -27.3556 3.8147e-07
    endloop
  endfacet
  facet normal -0.995185 -0.0980151 0
    outer loop
      vertex 4.6 -26.3 3.8147e-07
      vertex 4.56349 -25.9293 1.25
      vertex 4.56349 -25.9293 3.8147e-07
    endloop
  endfacet
  facet normal -0.995185 -0.0980151 0
    outer loop
      vertex 4.56349 -25.9293 1.25
      vertex 4.6 -26.3 3.8147e-07
      vertex 4.6 -26.3 1.25
    endloop
  endfacet
  facet normal -0.63441 0.772997 0
    outer loop
      vertex 4.0435 -27.6435 3.8147e-07
      vertex 3.75558 -27.8798 1.25
      vertex 4.0435 -27.6435 1.25
    endloop
  endfacet
  facet normal -0.63441 0.772997 0
    outer loop
      vertex 3.75558 -27.8798 1.25
      vertex 4.0435 -27.6435 3.8147e-07
      vertex 3.75558 -27.8798 3.8147e-07
    endloop
  endfacet
  facet normal 0.0979964 0.995187 -0
    outer loop
      vertex 2.7 -28.2 3.8147e-07
      vertex 2.32933 -28.1635 1.25
      vertex 2.7 -28.2 1.25
    endloop
  endfacet
  facet normal 0.0979964 0.995187 0
    outer loop
      vertex 2.32933 -28.1635 1.25
      vertex 2.7 -28.2 3.8147e-07
      vertex 2.32933 -28.1635 3.8147e-07
    endloop
  endfacet
  facet normal -0.471446 0.881895 0
    outer loop
      vertex 3.75558 -27.8798 3.8147e-07
      vertex 3.4271 -28.0554 1.25
      vertex 3.75558 -27.8798 1.25
    endloop
  endfacet
  facet normal -0.471446 0.881895 0
    outer loop
      vertex 3.4271 -28.0554 1.25
      vertex 3.75558 -27.8798 3.8147e-07
      vertex 3.4271 -28.0554 3.8147e-07
    endloop
  endfacet
  facet normal 0.995185 0.0980098 0
    outer loop
      vertex 0.836508 -26.6707 1.25
      vertex 0.8 -26.3 3.8147e-07
      vertex 0.8 -26.3 1.25
    endloop
  endfacet
  facet normal 0.995185 0.0980098 0
    outer loop
      vertex 0.8 -26.3 3.8147e-07
      vertex 0.836508 -26.6707 1.25
      vertex 0.836508 -26.6707 3.8147e-07
    endloop
  endfacet
  facet normal 0.63441 0.772997 -0
    outer loop
      vertex 1.64442 -27.8798 3.8147e-07
      vertex 1.3565 -27.6435 1.25
      vertex 1.64442 -27.8798 1.25
    endloop
  endfacet
  facet normal 0.63441 0.772997 0
    outer loop
      vertex 1.3565 -27.6435 1.25
      vertex 1.64442 -27.8798 3.8147e-07
      vertex 1.3565 -27.6435 3.8147e-07
    endloop
  endfacet
  facet normal 0.290231 0.956957 -0
    outer loop
      vertex 2.32933 -28.1635 3.8147e-07
      vertex 1.9729 -28.0554 1.25
      vertex 2.32933 -28.1635 1.25
    endloop
  endfacet
  facet normal 0.290231 0.956957 0
    outer loop
      vertex 1.9729 -28.0554 1.25
      vertex 2.32933 -28.1635 3.8147e-07
      vertex 1.9729 -28.0554 3.8147e-07
    endloop
  endfacet
  facet normal 0.772989 0.63442 0
    outer loop
      vertex 1.3565 -27.6435 1.25
      vertex 1.12021 -27.3556 3.8147e-07
      vertex 1.12021 -27.3556 1.25
    endloop
  endfacet
  facet normal 0.772989 0.63442 0
    outer loop
      vertex 1.12021 -27.3556 3.8147e-07
      vertex 1.3565 -27.6435 1.25
      vertex 1.3565 -27.6435 3.8147e-07
    endloop
  endfacet
  facet normal -0.995185 0.0980151 0
    outer loop
      vertex 4.56349 -26.6707 3.8147e-07
      vertex 4.6 -26.3 1.25
      vertex 4.6 -26.3 3.8147e-07
    endloop
  endfacet
  facet normal -0.995185 0.0980151 0
    outer loop
      vertex 4.6 -26.3 1.25
      vertex 4.56349 -26.6707 3.8147e-07
      vertex 4.56349 -26.6707 1.25
    endloop
  endfacet
  facet normal -0.956935 -0.290302 0
    outer loop
      vertex 4.56349 -25.9293 3.8147e-07
      vertex 4.45537 -25.5729 1.25
      vertex 4.45537 -25.5729 3.8147e-07
    endloop
  endfacet
  facet normal -0.956935 -0.290302 0
    outer loop
      vertex 4.45537 -25.5729 1.25
      vertex 4.56349 -25.9293 3.8147e-07
      vertex 4.56349 -25.9293 1.25
    endloop
  endfacet
  facet normal -0.63441 -0.772997 0
    outer loop
      vertex 3.75558 -24.7202 3.8147e-07
      vertex 4.0435 -24.9565 1.25
      vertex 3.75558 -24.7202 1.25
    endloop
  endfacet
  facet normal -0.63441 -0.772997 -0
    outer loop
      vertex 4.0435 -24.9565 1.25
      vertex 3.75558 -24.7202 3.8147e-07
      vertex 4.0435 -24.9565 3.8147e-07
    endloop
  endfacet
  facet normal -0.956935 0.290302 0
    outer loop
      vertex 4.45537 -27.0271 3.8147e-07
      vertex 4.56349 -26.6707 1.25
      vertex 4.56349 -26.6707 3.8147e-07
    endloop
  endfacet
  facet normal -0.956935 0.290302 0
    outer loop
      vertex 4.56349 -26.6707 1.25
      vertex 4.45537 -27.0271 3.8147e-07
      vertex 4.45537 -27.0271 1.25
    endloop
  endfacet
  facet normal 0.956934 0.290305 0
    outer loop
      vertex 0.944629 -27.0271 1.25
      vertex 0.836508 -26.6707 3.8147e-07
      vertex 0.836508 -26.6707 1.25
    endloop
  endfacet
  facet normal 0.956934 0.290305 0
    outer loop
      vertex 0.836508 -26.6707 3.8147e-07
      vertex 0.944629 -27.0271 1.25
      vertex 0.944629 -27.0271 3.8147e-07
    endloop
  endfacet
  facet normal -0.881929 -0.471382 0
    outer loop
      vertex 4.45537 -25.5729 3.8147e-07
      vertex 4.27979 -25.2444 1.25
      vertex 4.27979 -25.2444 3.8147e-07
    endloop
  endfacet
  facet normal -0.881929 -0.471382 0
    outer loop
      vertex 4.27979 -25.2444 1.25
      vertex 4.45537 -25.5729 3.8147e-07
      vertex 4.45537 -25.5729 1.25
    endloop
  endfacet
  facet normal -0.0979964 -0.995187 0
    outer loop
      vertex 2.7 -24.4 3.8147e-07
      vertex 3.07067 -24.4365 1.25
      vertex 2.7 -24.4 1.25
    endloop
  endfacet
  facet normal -0.0979964 -0.995187 -0
    outer loop
      vertex 3.07067 -24.4365 1.25
      vertex 2.7 -24.4 3.8147e-07
      vertex 3.07067 -24.4365 3.8147e-07
    endloop
  endfacet
  facet normal 0 0 -1
    outer loop
      vertex 3.775 -26.3 1.25
      vertex 4.6 -26.3 1.25
      vertex 4.56349 -26.6707 1.25
    endloop
  endfacet
  facet normal 0 0 -1
    outer loop
      vertex 3.74805 -26.5392 1.25
      vertex 4.56349 -26.6707 1.25
      vertex 4.45537 -27.0271 1.25
    endloop
  endfacet
  facet normal 0 0 -1
    outer loop
      vertex 4.6 -26.3 1.25
      vertex 3.775 -26.3 1.25
      vertex 4.56349 -25.9293 1.25
    endloop
  endfacet
  facet normal 0 0 -1
    outer loop
      vertex 3.66854 -26.7664 1.25
      vertex 4.45537 -27.0271 1.25
      vertex 4.27979 -27.3556 1.25
    endloop
  endfacet
  facet normal 0 0 -1
    outer loop
      vertex 3.74805 -26.0608 1.25
      vertex 4.56349 -25.9293 1.25
      vertex 3.775 -26.3 1.25
    endloop
  endfacet
  facet normal 0 0 -1
    outer loop
      vertex 3.54047 -26.9703 1.25
      vertex 4.27979 -27.3556 1.25
      vertex 4.0435 -27.6435 1.25
    endloop
  endfacet
  facet normal -0 0 -1
    outer loop
      vertex 4.56349 -25.9293 1.25
      vertex 3.74805 -26.0608 1.25
      vertex 4.45537 -25.5729 1.25
    endloop
  endfacet
  facet normal 0 0 -1
    outer loop
      vertex 3.66854 -25.8336 1.25
      vertex 4.45537 -25.5729 1.25
      vertex 3.74805 -26.0608 1.25
    endloop
  endfacet
  facet normal 0 0 -1
    outer loop
      vertex 3.37025 -27.1405 1.25
      vertex 4.0435 -27.6435 1.25
      vertex 3.75558 -27.8798 1.25
    endloop
  endfacet
  facet normal 0 0 -1
    outer loop
      vertex 4.56349 -26.6707 1.25
      vertex 3.74805 -26.5392 1.25
      vertex 3.775 -26.3 1.25
    endloop
  endfacet
  facet normal 0 0 -1
    outer loop
      vertex 4.45537 -27.0271 1.25
      vertex 3.66854 -26.7664 1.25
      vertex 3.74805 -26.5392 1.25
    endloop
  endfacet
  facet normal 0 0 -1
    outer loop
      vertex 4.27979 -27.3556 1.25
      vertex 3.54047 -26.9703 1.25
      vertex 3.66854 -26.7664 1.25
    endloop
  endfacet
  facet normal 0 0 -1
    outer loop
      vertex 3.16642 -27.2685 1.25
      vertex 3.75558 -27.8798 1.25
      vertex 3.4271 -28.0554 1.25
    endloop
  endfacet
  facet normal 0 0 -1
    outer loop
      vertex 4.0435 -27.6435 1.25
      vertex 3.37025 -27.1405 1.25
      vertex 3.54047 -26.9703 1.25
    endloop
  endfacet
  facet normal 0 0 -1
    outer loop
      vertex 3.75558 -27.8798 1.25
      vertex 3.16642 -27.2685 1.25
      vertex 3.37025 -27.1405 1.25
    endloop
  endfacet
  facet normal 0 0 -1
    outer loop
      vertex 2.93921 -27.348 1.25
      vertex 3.4271 -28.0554 1.25
      vertex 3.07067 -28.1635 1.25
    endloop
  endfacet
  facet normal 0 0 -1
    outer loop
      vertex 3.4271 -28.0554 1.25
      vertex 2.93921 -27.348 1.25
      vertex 3.16642 -27.2685 1.25
    endloop
  endfacet
  facet normal 0 0 -1
    outer loop
      vertex 2.7 -27.375 1.25
      vertex 3.07067 -28.1635 1.25
      vertex 2.7 -28.2 1.25
    endloop
  endfacet
  facet normal 0 0 -1
    outer loop
      vertex 3.07067 -28.1635 1.25
      vertex 2.7 -27.375 1.25
      vertex 2.93921 -27.348 1.25
    endloop
  endfacet
  facet normal 0 0 -1
    outer loop
      vertex 2.32933 -28.1635 1.25
      vertex 2.7 -27.375 1.25
      vertex 2.7 -28.2 1.25
    endloop
  endfacet
  facet normal -0 0 -1
    outer loop
      vertex 2.7 -27.375 1.25
      vertex 2.32933 -28.1635 1.25
      vertex 2.46079 -27.348 1.25
    endloop
  endfacet
  facet normal 0 0 -1
    outer loop
      vertex 1.9729 -28.0554 1.25
      vertex 2.46079 -27.348 1.25
      vertex 2.32933 -28.1635 1.25
    endloop
  endfacet
  facet normal -0 0 -1
    outer loop
      vertex 2.46079 -27.348 1.25
      vertex 1.9729 -28.0554 1.25
      vertex 2.23358 -27.2685 1.25
    endloop
  endfacet
  facet normal 0 0 -1
    outer loop
      vertex 1.64442 -27.8798 1.25
      vertex 2.23358 -27.2685 1.25
      vertex 1.9729 -28.0554 1.25
    endloop
  endfacet
  facet normal -0 0 -1
    outer loop
      vertex 2.23358 -27.2685 1.25
      vertex 1.64442 -27.8798 1.25
      vertex 2.02975 -27.1405 1.25
    endloop
  endfacet
  facet normal 0 0 -1
    outer loop
      vertex 1.3565 -27.6435 1.25
      vertex 2.02975 -27.1405 1.25
      vertex 1.64442 -27.8798 1.25
    endloop
  endfacet
  facet normal -0 0 -1
    outer loop
      vertex 2.02975 -27.1405 1.25
      vertex 1.3565 -27.6435 1.25
      vertex 1.85953 -26.9703 1.25
    endloop
  endfacet
  facet normal 0 0 -1
    outer loop
      vertex 1.12021 -27.3556 1.25
      vertex 1.85953 -26.9703 1.25
      vertex 1.3565 -27.6435 1.25
    endloop
  endfacet
  facet normal -0 0 -1
    outer loop
      vertex 1.85953 -26.9703 1.25
      vertex 1.12021 -27.3556 1.25
      vertex 1.73146 -26.7664 1.25
    endloop
  endfacet
  facet normal 0 0 -1
    outer loop
      vertex 0.944629 -27.0271 1.25
      vertex 1.73146 -26.7664 1.25
      vertex 1.12021 -27.3556 1.25
    endloop
  endfacet
  facet normal -0 0 -1
    outer loop
      vertex 4.45537 -25.5729 1.25
      vertex 3.66854 -25.8336 1.25
      vertex 4.27979 -25.2444 1.25
    endloop
  endfacet
  facet normal 0 0 -1
    outer loop
      vertex 3.54047 -25.6297 1.25
      vertex 4.27979 -25.2444 1.25
      vertex 3.66854 -25.8336 1.25
    endloop
  endfacet
  facet normal -0 0 -1
    outer loop
      vertex 4.27979 -25.2444 1.25
      vertex 3.54047 -25.6297 1.25
      vertex 4.0435 -24.9565 1.25
    endloop
  endfacet
  facet normal 0 0 -1
    outer loop
      vertex 3.37025 -25.4595 1.25
      vertex 4.0435 -24.9565 1.25
      vertex 3.54047 -25.6297 1.25
    endloop
  endfacet
  facet normal -0 0 -1
    outer loop
      vertex 4.0435 -24.9565 1.25
      vertex 3.37025 -25.4595 1.25
      vertex 3.75558 -24.7202 1.25
    endloop
  endfacet
  facet normal 0 0 -1
    outer loop
      vertex 3.16642 -25.3315 1.25
      vertex 3.75558 -24.7202 1.25
      vertex 3.37025 -25.4595 1.25
    endloop
  endfacet
  facet normal -0 0 -1
    outer loop
      vertex 3.75558 -24.7202 1.25
      vertex 3.16642 -25.3315 1.25
      vertex 3.4271 -24.5446 1.25
    endloop
  endfacet
  facet normal 0 0 -1
    outer loop
      vertex 2.93921 -25.252 1.25
      vertex 3.4271 -24.5446 1.25
      vertex 3.16642 -25.3315 1.25
    endloop
  endfacet
  facet normal -0 0 -1
    outer loop
      vertex 3.4271 -24.5446 1.25
      vertex 2.93921 -25.252 1.25
      vertex 3.07067 -24.4365 1.25
    endloop
  endfacet
  facet normal 0 0 -1
    outer loop
      vertex 2.7 -25.225 1.25
      vertex 3.07067 -24.4365 1.25
      vertex 2.93921 -25.252 1.25
    endloop
  endfacet
  facet normal 0 0 -1
    outer loop
      vertex 2.7 -25.225 1.25
      vertex 2.7 -24.4 1.25
      vertex 3.07067 -24.4365 1.25
    endloop
  endfacet
  facet normal 0 0 -1
    outer loop
      vertex 2.32933 -24.4365 1.25
      vertex 2.7 -25.225 1.25
      vertex 2.46079 -25.252 1.25
    endloop
  endfacet
  facet normal 0 0 -1
    outer loop
      vertex 2.7 -25.225 1.25
      vertex 2.32933 -24.4365 1.25
      vertex 2.7 -24.4 1.25
    endloop
  endfacet
  facet normal 0 0 -1
    outer loop
      vertex 1.9729 -24.5446 1.25
      vertex 2.46079 -25.252 1.25
      vertex 2.23358 -25.3315 1.25
    endloop
  endfacet
  facet normal 0 0 -1
    outer loop
      vertex 1.64442 -24.7202 1.25
      vertex 2.23358 -25.3315 1.25
      vertex 2.02975 -25.4595 1.25
    endloop
  endfacet
  facet normal 0 0 -1
    outer loop
      vertex 2.46079 -25.252 1.25
      vertex 1.9729 -24.5446 1.25
      vertex 2.32933 -24.4365 1.25
    endloop
  endfacet
  facet normal 0 0 -1
    outer loop
      vertex 1.3565 -24.9565 1.25
      vertex 2.02975 -25.4595 1.25
      vertex 1.85953 -25.6297 1.25
    endloop
  endfacet
  facet normal 0 0 -1
    outer loop
      vertex 1.12021 -25.2444 1.25
      vertex 1.85953 -25.6297 1.25
      vertex 1.73146 -25.8336 1.25
    endloop
  endfacet
  facet normal 0 0 -1
    outer loop
      vertex 0.944629 -25.5729 1.25
      vertex 1.73146 -25.8336 1.25
      vertex 1.65195 -26.0608 1.25
    endloop
  endfacet
  facet normal 0 0 -1
    outer loop
      vertex 2.23358 -25.3315 1.25
      vertex 1.64442 -24.7202 1.25
      vertex 1.9729 -24.5446 1.25
    endloop
  endfacet
  facet normal 0 0 -1
    outer loop
      vertex 0.836508 -25.9293 1.25
      vertex 1.65195 -26.0608 1.25
      vertex 1.625 -26.3 1.25
    endloop
  endfacet
  facet normal -0 0 -1
    outer loop
      vertex 1.73146 -26.7664 1.25
      vertex 0.944629 -27.0271 1.25
      vertex 1.65195 -26.5392 1.25
    endloop
  endfacet
  facet normal 0 0 -1
    outer loop
      vertex 2.02975 -25.4595 1.25
      vertex 1.3565 -24.9565 1.25
      vertex 1.64442 -24.7202 1.25
    endloop
  endfacet
  facet normal 0 0 -1
    outer loop
      vertex 0.836508 -26.6707 1.25
      vertex 1.65195 -26.5392 1.25
      vertex 0.944629 -27.0271 1.25
    endloop
  endfacet
  facet normal 0 0 -1
    outer loop
      vertex 1.85953 -25.6297 1.25
      vertex 1.12021 -25.2444 1.25
      vertex 1.3565 -24.9565 1.25
    endloop
  endfacet
  facet normal -0 0 -1
    outer loop
      vertex 1.65195 -26.5392 1.25
      vertex 0.836508 -26.6707 1.25
      vertex 1.625 -26.3 1.25
    endloop
  endfacet
  facet normal 0 0 -1
    outer loop
      vertex 1.73146 -25.8336 1.25
      vertex 0.944629 -25.5729 1.25
      vertex 1.12021 -25.2444 1.25
    endloop
  endfacet
  facet normal 0 0 -1
    outer loop
      vertex 0.8 -26.3 1.25
      vertex 1.625 -26.3 1.25
      vertex 0.836508 -26.6707 1.25
    endloop
  endfacet
  facet normal 0 0 -1
    outer loop
      vertex 1.65195 -26.0608 1.25
      vertex 0.836508 -25.9293 1.25
      vertex 0.944629 -25.5729 1.25
    endloop
  endfacet
  facet normal 0 0 -1
    outer loop
      vertex 1.625 -26.3 1.25
      vertex 0.8 -26.3 1.25
      vertex 0.836508 -25.9293 1.25
    endloop
  endfacet
  facet normal 0.881928 -0.471384 0
    outer loop
      vertex 0.944629 -25.5729 1.25
      vertex 1.12021 -25.2444 3.8147e-07
      vertex 1.12021 -25.2444 1.25
    endloop
  endfacet
  facet normal 0.881928 -0.471384 0
    outer loop
      vertex 1.12021 -25.2444 3.8147e-07
      vertex 0.944629 -25.5729 1.25
      vertex 0.944629 -25.5729 3.8147e-07
    endloop
  endfacet
  facet normal -0.290231 -0.956957 0
    outer loop
      vertex 3.07067 -24.4365 3.8147e-07
      vertex 3.4271 -24.5446 1.25
      vertex 3.07067 -24.4365 1.25
    endloop
  endfacet
  facet normal -0.290231 -0.956957 -0
    outer loop
      vertex 3.4271 -24.5446 1.25
      vertex 3.07067 -24.4365 3.8147e-07
      vertex 3.4271 -24.5446 3.8147e-07
    endloop
  endfacet
  facet normal -0.471446 -0.881895 0
    outer loop
      vertex 3.4271 -24.5446 3.8147e-07
      vertex 3.75558 -24.7202 1.25
      vertex 3.4271 -24.5446 1.25
    endloop
  endfacet
  facet normal -0.471446 -0.881895 -0
    outer loop
      vertex 3.75558 -24.7202 1.25
      vertex 3.4271 -24.5446 3.8147e-07
      vertex 3.75558 -24.7202 3.8147e-07
    endloop
  endfacet
  facet normal 0.471446 -0.881895 0
    outer loop
      vertex 1.64442 -24.7202 3.8147e-07
      vertex 1.9729 -24.5446 1.25
      vertex 1.64442 -24.7202 1.25
    endloop
  endfacet
  facet normal 0.471446 -0.881895 0
    outer loop
      vertex 1.9729 -24.5446 1.25
      vertex 1.64442 -24.7202 3.8147e-07
      vertex 1.9729 -24.5446 3.8147e-07
    endloop
  endfacet
  facet normal 0.956934 -0.290305 0
    outer loop
      vertex 0.836508 -25.9293 1.25
      vertex 0.944629 -25.5729 3.8147e-07
      vertex 0.944629 -25.5729 1.25
    endloop
  endfacet
  facet normal 0.956934 -0.290305 0
    outer loop
      vertex 0.944629 -25.5729 3.8147e-07
      vertex 0.836508 -25.9293 1.25
      vertex 0.836508 -25.9293 3.8147e-07
    endloop
  endfacet
  facet normal 0.995185 -0.0980098 0
    outer loop
      vertex 0.8 -26.3 1.25
      vertex 0.836508 -25.9293 3.8147e-07
      vertex 0.836508 -25.9293 1.25
    endloop
  endfacet
  facet normal 0.995185 -0.0980098 0
    outer loop
      vertex 0.836508 -25.9293 3.8147e-07
      vertex 0.8 -26.3 1.25
      vertex 0.8 -26.3 3.8147e-07
    endloop
  endfacet
  facet normal -0.772989 -0.63442 0
    outer loop
      vertex 4.27979 -25.2444 3.8147e-07
      vertex 4.0435 -24.9565 1.25
      vertex 4.0435 -24.9565 3.8147e-07
    endloop
  endfacet
  facet normal -0.772989 -0.63442 0
    outer loop
      vertex 4.0435 -24.9565 1.25
      vertex 4.27979 -25.2444 3.8147e-07
      vertex 4.27979 -25.2444 1.25
    endloop
  endfacet
  facet normal 0.290231 -0.956957 0
    outer loop
      vertex 1.9729 -24.5446 3.8147e-07
      vertex 2.32933 -24.4365 1.25
      vertex 1.9729 -24.5446 1.25
    endloop
  endfacet
  facet normal 0.290231 -0.956957 0
    outer loop
      vertex 2.32933 -24.4365 1.25
      vertex 1.9729 -24.5446 3.8147e-07
      vertex 2.32933 -24.4365 3.8147e-07
    endloop
  endfacet
  facet normal 0.772989 -0.63442 0
    outer loop
      vertex 1.12021 -25.2444 1.25
      vertex 1.3565 -24.9565 3.8147e-07
      vertex 1.3565 -24.9565 1.25
    endloop
  endfacet
  facet normal 0.772989 -0.63442 0
    outer loop
      vertex 1.3565 -24.9565 3.8147e-07
      vertex 1.12021 -25.2444 1.25
      vertex 1.12021 -25.2444 3.8147e-07
    endloop
  endfacet
  facet normal 0.63441 -0.772997 0
    outer loop
      vertex 1.3565 -24.9565 3.8147e-07
      vertex 1.64442 -24.7202 1.25
      vertex 1.3565 -24.9565 1.25
    endloop
  endfacet
  facet normal 0.63441 -0.772997 0
    outer loop
      vertex 1.64442 -24.7202 1.25
      vertex 1.3565 -24.9565 3.8147e-07
      vertex 1.64442 -24.7202 3.8147e-07
    endloop
  endfacet
  facet normal 0.0979964 -0.995187 0
    outer loop
      vertex 2.32933 -24.4365 3.8147e-07
      vertex 2.7 -24.4 1.25
      vertex 2.32933 -24.4365 1.25
    endloop
  endfacet
  facet normal 0.0979964 -0.995187 0
    outer loop
      vertex 2.7 -24.4 1.25
      vertex 2.32933 -24.4365 3.8147e-07
      vertex 2.7 -24.4 3.8147e-07
    endloop
  endfacet
  facet normal -0.531887 0.846816 0
    outer loop
      vertex 61.7703 -4.44047 1.25
      vertex 61.5664 -4.56854 2.4
      vertex 61.7703 -4.44047 2.4
    endloop
  endfacet
  facet normal -0.531887 0.846816 0
    outer loop
      vertex 61.5664 -4.56854 2.4
      vertex 61.7703 -4.44047 1.25
      vertex 61.5664 -4.56854 1.25
    endloop
  endfacet
  facet normal 0.943889 0.330263 0
    outer loop
      vertex 60.1315 -4.06642 2.4
      vertex 60.052 -3.83921 1.25
      vertex 60.052 -3.83921 2.4
    endloop
  endfacet
  facet normal 0.943889 0.330263 0
    outer loop
      vertex 60.052 -3.83921 1.25
      vertex 60.1315 -4.06642 2.4
      vertex 60.1315 -4.06642 1.25
    endloop
  endfacet
  facet normal -0.99369 -0.112159 0
    outer loop
      vertex 62.175 -3.6 1.25
      vertex 62.148 -3.36079 2.4
      vertex 62.148 -3.36079 1.25
    endloop
  endfacet
  facet normal -0.99369 -0.112159 0
    outer loop
      vertex 62.148 -3.36079 2.4
      vertex 62.175 -3.6 1.25
      vertex 62.175 -3.6 2.4
    endloop
  endfacet
  facet normal 0.330313 -0.943871 0
    outer loop
      vertex 60.6336 -2.63146 1.25
      vertex 60.8608 -2.55195 2.4
      vertex 60.6336 -2.63146 2.4
    endloop
  endfacet
  facet normal 0.330313 -0.943871 0
    outer loop
      vertex 60.8608 -2.55195 2.4
      vertex 60.6336 -2.63146 1.25
      vertex 60.8608 -2.55195 1.25
    endloop
  endfacet
  facet normal -0.943889 0.330263 0
    outer loop
      vertex 62.0685 -4.06642 1.25
      vertex 62.148 -3.83921 2.4
      vertex 62.148 -3.83921 1.25
    endloop
  endfacet
  facet normal -0.943889 0.330263 0
    outer loop
      vertex 62.148 -3.83921 2.4
      vertex 62.0685 -4.06642 1.25
      vertex 62.0685 -4.06642 2.4
    endloop
  endfacet
  facet normal 0.330313 0.943871 -0
    outer loop
      vertex 60.8608 -4.64805 1.25
      vertex 60.6336 -4.56854 2.4
      vertex 60.8608 -4.64805 2.4
    endloop
  endfacet
  facet normal 0.330313 0.943871 0
    outer loop
      vertex 60.6336 -4.56854 2.4
      vertex 60.8608 -4.64805 1.25
      vertex 60.6336 -4.56854 1.25
    endloop
  endfacet
  facet normal 0.846864 0.531809 0
    outer loop
      vertex 60.2595 -4.27025 2.4
      vertex 60.1315 -4.06642 1.25
      vertex 60.1315 -4.06642 2.4
    endloop
  endfacet
  facet normal 0.846864 0.531809 0
    outer loop
      vertex 60.1315 -4.06642 1.25
      vertex 60.2595 -4.27025 2.4
      vertex 60.2595 -4.27025 1.25
    endloop
  endfacet
  facet normal 0.531887 0.846816 -0
    outer loop
      vertex 60.6336 -4.56854 1.25
      vertex 60.4297 -4.44047 2.4
      vertex 60.6336 -4.56854 2.4
    endloop
  endfacet
  facet normal 0.531887 0.846816 0
    outer loop
      vertex 60.4297 -4.44047 2.4
      vertex 60.6336 -4.56854 1.25
      vertex 60.4297 -4.44047 1.25
    endloop
  endfacet
  facet normal -0.707148 -0.707065 0
    outer loop
      vertex 61.9405 -2.92975 1.25
      vertex 61.7703 -2.75953 2.4
      vertex 61.7703 -2.75953 1.25
    endloop
  endfacet
  facet normal -0.707148 -0.707065 0
    outer loop
      vertex 61.7703 -2.75953 2.4
      vertex 61.9405 -2.92975 1.25
      vertex 61.9405 -2.92975 2.4
    endloop
  endfacet
  facet normal -0.846864 0.531809 0
    outer loop
      vertex 61.9405 -4.27025 1.25
      vertex 62.0685 -4.06642 2.4
      vertex 62.0685 -4.06642 1.25
    endloop
  endfacet
  facet normal -0.846864 0.531809 0
    outer loop
      vertex 62.0685 -4.06642 2.4
      vertex 61.9405 -4.27025 1.25
      vertex 61.9405 -4.27025 2.4
    endloop
  endfacet
  facet normal -0.707148 0.707065 0
    outer loop
      vertex 61.7703 -4.44047 1.25
      vertex 61.9405 -4.27025 2.4
      vertex 61.9405 -4.27025 1.25
    endloop
  endfacet
  facet normal -0.707148 0.707065 0
    outer loop
      vertex 61.9405 -4.27025 2.4
      vertex 61.7703 -4.44047 1.25
      vertex 61.7703 -4.44047 2.4
    endloop
  endfacet
  facet normal -0.111959 0.993713 0
    outer loop
      vertex 61.3392 -4.64805 1.25
      vertex 61.1 -4.675 2.4
      vertex 61.3392 -4.64805 2.4
    endloop
  endfacet
  facet normal -0.111959 0.993713 0
    outer loop
      vertex 61.1 -4.675 2.4
      vertex 61.3392 -4.64805 1.25
      vertex 61.1 -4.675 1.25
    endloop
  endfacet
  facet normal 0.99369 0.112159 0
    outer loop
      vertex 60.052 -3.83921 2.4
      vertex 60.025 -3.6 1.25
      vertex 60.025 -3.6 2.4
    endloop
  endfacet
  facet normal 0.99369 0.112159 0
    outer loop
      vertex 60.025 -3.6 1.25
      vertex 60.052 -3.83921 2.4
      vertex 60.052 -3.83921 1.25
    endloop
  endfacet
  facet normal 0.707148 0.707065 0
    outer loop
      vertex 60.4297 -4.44047 2.4
      vertex 60.2595 -4.27025 1.25
      vertex 60.2595 -4.27025 2.4
    endloop
  endfacet
  facet normal 0.707148 0.707065 0
    outer loop
      vertex 60.2595 -4.27025 1.25
      vertex 60.4297 -4.44047 2.4
      vertex 60.4297 -4.44047 1.25
    endloop
  endfacet
  facet normal 0.111959 0.993713 -0
    outer loop
      vertex 61.1 -4.675 1.25
      vertex 60.8608 -4.64805 2.4
      vertex 61.1 -4.675 2.4
    endloop
  endfacet
  facet normal 0.111959 0.993713 0
    outer loop
      vertex 60.8608 -4.64805 2.4
      vertex 61.1 -4.675 1.25
      vertex 60.8608 -4.64805 1.25
    endloop
  endfacet
  facet normal -0.99369 0.112159 0
    outer loop
      vertex 62.148 -3.83921 1.25
      vertex 62.175 -3.6 2.4
      vertex 62.175 -3.6 1.25
    endloop
  endfacet
  facet normal -0.99369 0.112159 0
    outer loop
      vertex 62.175 -3.6 2.4
      vertex 62.148 -3.83921 1.25
      vertex 62.148 -3.83921 2.4
    endloop
  endfacet
  facet normal -0.111959 -0.993713 0
    outer loop
      vertex 61.1 -2.525 1.25
      vertex 61.3392 -2.55195 2.4
      vertex 61.1 -2.525 2.4
    endloop
  endfacet
  facet normal -0.111959 -0.993713 -0
    outer loop
      vertex 61.3392 -2.55195 2.4
      vertex 61.1 -2.525 1.25
      vertex 61.3392 -2.55195 1.25
    endloop
  endfacet
  facet normal -0.846853 -0.531828 0
    outer loop
      vertex 62.0685 -3.13357 1.25
      vertex 61.9405 -2.92975 2.4
      vertex 61.9405 -2.92975 1.25
    endloop
  endfacet
  facet normal -0.846853 -0.531828 0
    outer loop
      vertex 61.9405 -2.92975 2.4
      vertex 62.0685 -3.13357 1.25
      vertex 62.0685 -3.13357 2.4
    endloop
  endfacet
  facet normal -0.943893 -0.330251 0
    outer loop
      vertex 62.148 -3.36079 1.25
      vertex 62.0685 -3.13357 2.4
      vertex 62.0685 -3.13357 1.25
    endloop
  endfacet
  facet normal -0.943893 -0.330251 0
    outer loop
      vertex 62.0685 -3.13357 2.4
      vertex 62.148 -3.36079 1.25
      vertex 62.148 -3.36079 2.4
    endloop
  endfacet
  facet normal -0.330313 -0.943871 0
    outer loop
      vertex 61.3392 -2.55195 1.25
      vertex 61.5664 -2.63146 2.4
      vertex 61.3392 -2.55195 2.4
    endloop
  endfacet
  facet normal -0.330313 -0.943871 -0
    outer loop
      vertex 61.5664 -2.63146 2.4
      vertex 61.3392 -2.55195 1.25
      vertex 61.5664 -2.63146 1.25
    endloop
  endfacet
  facet normal -0.531887 -0.846816 0
    outer loop
      vertex 61.5664 -2.63146 1.25
      vertex 61.7703 -2.75953 2.4
      vertex 61.5664 -2.63146 2.4
    endloop
  endfacet
  facet normal -0.531887 -0.846816 -0
    outer loop
      vertex 61.7703 -2.75953 2.4
      vertex 61.5664 -2.63146 1.25
      vertex 61.7703 -2.75953 1.25
    endloop
  endfacet
  facet normal 0.111959 -0.993713 0
    outer loop
      vertex 60.8608 -2.55195 1.25
      vertex 61.1 -2.525 2.4
      vertex 60.8608 -2.55195 2.4
    endloop
  endfacet
  facet normal 0.111959 -0.993713 0
    outer loop
      vertex 61.1 -2.525 2.4
      vertex 60.8608 -2.55195 1.25
      vertex 61.1 -2.525 1.25
    endloop
  endfacet
  facet normal 0.707148 -0.707065 0
    outer loop
      vertex 60.2595 -2.92975 2.4
      vertex 60.4297 -2.75953 1.25
      vertex 60.4297 -2.75953 2.4
    endloop
  endfacet
  facet normal 0.707148 -0.707065 0
    outer loop
      vertex 60.4297 -2.75953 1.25
      vertex 60.2595 -2.92975 2.4
      vertex 60.2595 -2.92975 1.25
    endloop
  endfacet
  facet normal 0.846853 -0.531828 0
    outer loop
      vertex 60.1315 -3.13357 2.4
      vertex 60.2595 -2.92975 1.25
      vertex 60.2595 -2.92975 2.4
    endloop
  endfacet
  facet normal 0.846853 -0.531828 0
    outer loop
      vertex 60.2595 -2.92975 1.25
      vertex 60.1315 -3.13357 2.4
      vertex 60.1315 -3.13357 1.25
    endloop
  endfacet
  facet normal 0.99369 -0.112159 0
    outer loop
      vertex 60.025 -3.6 2.4
      vertex 60.052 -3.36079 1.25
      vertex 60.052 -3.36079 2.4
    endloop
  endfacet
  facet normal 0.99369 -0.112159 0
    outer loop
      vertex 60.052 -3.36079 1.25
      vertex 60.025 -3.6 2.4
      vertex 60.025 -3.6 1.25
    endloop
  endfacet
  facet normal -0.330313 0.943871 0
    outer loop
      vertex 61.5664 -4.56854 1.25
      vertex 61.3392 -4.64805 2.4
      vertex 61.5664 -4.56854 2.4
    endloop
  endfacet
  facet normal -0.330313 0.943871 0
    outer loop
      vertex 61.3392 -4.64805 2.4
      vertex 61.5664 -4.56854 1.25
      vertex 61.3392 -4.64805 1.25
    endloop
  endfacet
  facet normal 0.531887 -0.846816 0
    outer loop
      vertex 60.4297 -2.75953 1.25
      vertex 60.6336 -2.63146 2.4
      vertex 60.4297 -2.75953 2.4
    endloop
  endfacet
  facet normal 0.531887 -0.846816 0
    outer loop
      vertex 60.6336 -2.63146 2.4
      vertex 60.4297 -2.75953 1.25
      vertex 60.6336 -2.63146 1.25
    endloop
  endfacet
  facet normal 0.943893 -0.330251 0
    outer loop
      vertex 60.052 -3.36079 2.4
      vertex 60.1315 -3.13357 1.25
      vertex 60.1315 -3.13357 2.4
    endloop
  endfacet
  facet normal 0.943893 -0.330251 0
    outer loop
      vertex 60.1315 -3.13357 1.25
      vertex 60.052 -3.36079 2.4
      vertex 60.052 -3.36079 1.25
    endloop
  endfacet
  facet normal -0.881895 0.471446 0
    outer loop
      vertex 62.6798 -4.65558 3.8147e-07
      vertex 62.8554 -4.3271 1.25
      vertex 62.8554 -4.3271 3.8147e-07
    endloop
  endfacet
  facet normal -0.881895 0.471446 0
    outer loop
      vertex 62.8554 -4.3271 1.25
      vertex 62.6798 -4.65558 3.8147e-07
      vertex 62.6798 -4.65558 1.25
    endloop
  endfacet
  facet normal -0.772997 0.63441 0
    outer loop
      vertex 62.4435 -4.9435 3.8147e-07
      vertex 62.6798 -4.65558 1.25
      vertex 62.6798 -4.65558 3.8147e-07
    endloop
  endfacet
  facet normal -0.772997 0.63441 0
    outer loop
      vertex 62.6798 -4.65558 1.25
      vertex 62.4435 -4.9435 3.8147e-07
      vertex 62.4435 -4.9435 1.25
    endloop
  endfacet
  facet normal -0.0980151 0.995185 0
    outer loop
      vertex 61.4707 -5.46349 3.8147e-07
      vertex 61.1 -5.5 1.25
      vertex 61.4707 -5.46349 1.25
    endloop
  endfacet
  facet normal -0.0980151 0.995185 0
    outer loop
      vertex 61.1 -5.5 1.25
      vertex 61.4707 -5.46349 3.8147e-07
      vertex 61.1 -5.5 3.8147e-07
    endloop
  endfacet
  facet normal -0.290302 0.956935 0
    outer loop
      vertex 61.8271 -5.35537 3.8147e-07
      vertex 61.4707 -5.46349 1.25
      vertex 61.8271 -5.35537 1.25
    endloop
  endfacet
  facet normal -0.290302 0.956935 0
    outer loop
      vertex 61.4707 -5.46349 1.25
      vertex 61.8271 -5.35537 3.8147e-07
      vertex 61.4707 -5.46349 3.8147e-07
    endloop
  endfacet
  facet normal 0.471382 0.881929 -0
    outer loop
      vertex 60.3729 -5.35537 3.8147e-07
      vertex 60.0444 -5.17979 1.25
      vertex 60.3729 -5.35537 1.25
    endloop
  endfacet
  facet normal 0.471382 0.881929 0
    outer loop
      vertex 60.0444 -5.17979 1.25
      vertex 60.3729 -5.35537 3.8147e-07
      vertex 60.0444 -5.17979 3.8147e-07
    endloop
  endfacet
  facet normal 0.881895 0.471446 0
    outer loop
      vertex 59.5202 -4.65558 1.25
      vertex 59.3446 -4.3271 3.8147e-07
      vertex 59.3446 -4.3271 1.25
    endloop
  endfacet
  facet normal 0.881895 0.471446 0
    outer loop
      vertex 59.3446 -4.3271 3.8147e-07
      vertex 59.5202 -4.65558 1.25
      vertex 59.5202 -4.65558 3.8147e-07
    endloop
  endfacet
  facet normal -0.995187 -0.0979964 0
    outer loop
      vertex 63 -3.6 3.8147e-07
      vertex 62.9635 -3.22933 1.25
      vertex 62.9635 -3.22933 3.8147e-07
    endloop
  endfacet
  facet normal -0.995187 -0.0979964 0
    outer loop
      vertex 62.9635 -3.22933 1.25
      vertex 63 -3.6 3.8147e-07
      vertex 63 -3.6 1.25
    endloop
  endfacet
  facet normal -0.63442 0.772989 0
    outer loop
      vertex 62.4435 -4.9435 3.8147e-07
      vertex 62.1556 -5.17979 1.25
      vertex 62.4435 -4.9435 1.25
    endloop
  endfacet
  facet normal -0.63442 0.772989 0
    outer loop
      vertex 62.1556 -5.17979 1.25
      vertex 62.4435 -4.9435 3.8147e-07
      vertex 62.1556 -5.17979 3.8147e-07
    endloop
  endfacet
  facet normal 0.0980151 0.995185 -0
    outer loop
      vertex 61.1 -5.5 3.8147e-07
      vertex 60.7293 -5.46349 1.25
      vertex 61.1 -5.5 1.25
    endloop
  endfacet
  facet normal 0.0980151 0.995185 0
    outer loop
      vertex 60.7293 -5.46349 1.25
      vertex 61.1 -5.5 3.8147e-07
      vertex 60.7293 -5.46349 3.8147e-07
    endloop
  endfacet
  facet normal -0.471382 0.881929 0
    outer loop
      vertex 62.1556 -5.17979 3.8147e-07
      vertex 61.8271 -5.35537 1.25
      vertex 62.1556 -5.17979 1.25
    endloop
  endfacet
  facet normal -0.471382 0.881929 0
    outer loop
      vertex 61.8271 -5.35537 1.25
      vertex 62.1556 -5.17979 3.8147e-07
      vertex 61.8271 -5.35537 3.8147e-07
    endloop
  endfacet
  facet normal 0.995187 0.0979964 0
    outer loop
      vertex 59.2365 -3.97067 1.25
      vertex 59.2 -3.6 3.8147e-07
      vertex 59.2 -3.6 1.25
    endloop
  endfacet
  facet normal 0.995187 0.0979964 0
    outer loop
      vertex 59.2 -3.6 3.8147e-07
      vertex 59.2365 -3.97067 1.25
      vertex 59.2365 -3.97067 3.8147e-07
    endloop
  endfacet
  facet normal 0.63442 0.772989 -0
    outer loop
      vertex 60.0444 -5.17979 3.8147e-07
      vertex 59.7565 -4.9435 1.25
      vertex 60.0444 -5.17979 1.25
    endloop
  endfacet
  facet normal 0.63442 0.772989 0
    outer loop
      vertex 59.7565 -4.9435 1.25
      vertex 60.0444 -5.17979 3.8147e-07
      vertex 59.7565 -4.9435 3.8147e-07
    endloop
  endfacet
  facet normal 0.290302 0.956935 -0
    outer loop
      vertex 60.7293 -5.46349 3.8147e-07
      vertex 60.3729 -5.35537 1.25
      vertex 60.7293 -5.46349 1.25
    endloop
  endfacet
  facet normal 0.290302 0.956935 0
    outer loop
      vertex 60.3729 -5.35537 1.25
      vertex 60.7293 -5.46349 3.8147e-07
      vertex 60.3729 -5.35537 3.8147e-07
    endloop
  endfacet
  facet normal 0.772997 0.63441 0
    outer loop
      vertex 59.7565 -4.9435 1.25
      vertex 59.5202 -4.65558 3.8147e-07
      vertex 59.5202 -4.65558 1.25
    endloop
  endfacet
  facet normal 0.772997 0.63441 0
    outer loop
      vertex 59.5202 -4.65558 3.8147e-07
      vertex 59.7565 -4.9435 1.25
      vertex 59.7565 -4.9435 3.8147e-07
    endloop
  endfacet
  facet normal -0.995187 0.0979964 0
    outer loop
      vertex 62.9635 -3.97067 3.8147e-07
      vertex 63 -3.6 1.25
      vertex 63 -3.6 3.8147e-07
    endloop
  endfacet
  facet normal -0.995187 0.0979964 0
    outer loop
      vertex 63 -3.6 1.25
      vertex 62.9635 -3.97067 3.8147e-07
      vertex 62.9635 -3.97067 1.25
    endloop
  endfacet
  facet normal -0.956957 -0.290231 0
    outer loop
      vertex 62.9635 -3.22933 3.8147e-07
      vertex 62.8554 -2.8729 1.25
      vertex 62.8554 -2.8729 3.8147e-07
    endloop
  endfacet
  facet normal -0.956957 -0.290231 0
    outer loop
      vertex 62.8554 -2.8729 1.25
      vertex 62.9635 -3.22933 3.8147e-07
      vertex 62.9635 -3.22933 1.25
    endloop
  endfacet
  facet normal -0.63442 -0.772989 0
    outer loop
      vertex 62.1556 -2.02021 3.8147e-07
      vertex 62.4435 -2.2565 1.25
      vertex 62.1556 -2.02021 1.25
    endloop
  endfacet
  facet normal -0.63442 -0.772989 -0
    outer loop
      vertex 62.4435 -2.2565 1.25
      vertex 62.1556 -2.02021 3.8147e-07
      vertex 62.4435 -2.2565 3.8147e-07
    endloop
  endfacet
  facet normal -0.956957 0.290231 0
    outer loop
      vertex 62.8554 -4.3271 3.8147e-07
      vertex 62.9635 -3.97067 1.25
      vertex 62.9635 -3.97067 3.8147e-07
    endloop
  endfacet
  facet normal -0.956957 0.290231 0
    outer loop
      vertex 62.9635 -3.97067 1.25
      vertex 62.8554 -4.3271 3.8147e-07
      vertex 62.8554 -4.3271 1.25
    endloop
  endfacet
  facet normal 0.956957 0.290231 0
    outer loop
      vertex 59.3446 -4.3271 1.25
      vertex 59.2365 -3.97067 3.8147e-07
      vertex 59.2365 -3.97067 1.25
    endloop
  endfacet
  facet normal 0.956957 0.290231 0
    outer loop
      vertex 59.2365 -3.97067 3.8147e-07
      vertex 59.3446 -4.3271 1.25
      vertex 59.3446 -4.3271 3.8147e-07
    endloop
  endfacet
  facet normal -0.881895 -0.471446 0
    outer loop
      vertex 62.8554 -2.8729 3.8147e-07
      vertex 62.6798 -2.54442 1.25
      vertex 62.6798 -2.54442 3.8147e-07
    endloop
  endfacet
  facet normal -0.881895 -0.471446 0
    outer loop
      vertex 62.6798 -2.54442 1.25
      vertex 62.8554 -2.8729 3.8147e-07
      vertex 62.8554 -2.8729 1.25
    endloop
  endfacet
  facet normal -0.0980151 -0.995185 0
    outer loop
      vertex 61.1 -1.7 3.8147e-07
      vertex 61.4707 -1.73651 1.25
      vertex 61.1 -1.7 1.25
    endloop
  endfacet
  facet normal -0.0980151 -0.995185 -0
    outer loop
      vertex 61.4707 -1.73651 1.25
      vertex 61.1 -1.7 3.8147e-07
      vertex 61.4707 -1.73651 3.8147e-07
    endloop
  endfacet
  facet normal 0 0 -1
    outer loop
      vertex 62.175 -3.6 1.25
      vertex 63 -3.6 1.25
      vertex 62.9635 -3.97067 1.25
    endloop
  endfacet
  facet normal 0 0 -1
    outer loop
      vertex 62.148 -3.83921 1.25
      vertex 62.9635 -3.97067 1.25
      vertex 62.8554 -4.3271 1.25
    endloop
  endfacet
  facet normal 0 0 -1
    outer loop
      vertex 63 -3.6 1.25
      vertex 62.175 -3.6 1.25
      vertex 62.9635 -3.22933 1.25
    endloop
  endfacet
  facet normal 0 0 -1
    outer loop
      vertex 62.0685 -4.06642 1.25
      vertex 62.8554 -4.3271 1.25
      vertex 62.6798 -4.65558 1.25
    endloop
  endfacet
  facet normal 0 0 -1
    outer loop
      vertex 62.148 -3.36079 1.25
      vertex 62.9635 -3.22933 1.25
      vertex 62.175 -3.6 1.25
    endloop
  endfacet
  facet normal 0 0 -1
    outer loop
      vertex 61.9405 -4.27025 1.25
      vertex 62.6798 -4.65558 1.25
      vertex 62.4435 -4.9435 1.25
    endloop
  endfacet
  facet normal -0 0 -1
    outer loop
      vertex 62.9635 -3.22933 1.25
      vertex 62.148 -3.36079 1.25
      vertex 62.8554 -2.8729 1.25
    endloop
  endfacet
  facet normal 0 0 -1
    outer loop
      vertex 62.0685 -3.13357 1.25
      vertex 62.8554 -2.8729 1.25
      vertex 62.148 -3.36079 1.25
    endloop
  endfacet
  facet normal 0 0 -1
    outer loop
      vertex 61.7703 -4.44047 1.25
      vertex 62.4435 -4.9435 1.25
      vertex 62.1556 -5.17979 1.25
    endloop
  endfacet
  facet normal 0 0 -1
    outer loop
      vertex 62.9635 -3.97067 1.25
      vertex 62.148 -3.83921 1.25
      vertex 62.175 -3.6 1.25
    endloop
  endfacet
  facet normal 0 0 -1
    outer loop
      vertex 62.8554 -4.3271 1.25
      vertex 62.0685 -4.06642 1.25
      vertex 62.148 -3.83921 1.25
    endloop
  endfacet
  facet normal 0 0 -1
    outer loop
      vertex 62.6798 -4.65558 1.25
      vertex 61.9405 -4.27025 1.25
      vertex 62.0685 -4.06642 1.25
    endloop
  endfacet
  facet normal 0 0 -1
    outer loop
      vertex 61.5664 -4.56854 1.25
      vertex 62.1556 -5.17979 1.25
      vertex 61.8271 -5.35537 1.25
    endloop
  endfacet
  facet normal 0 0 -1
    outer loop
      vertex 62.4435 -4.9435 1.25
      vertex 61.7703 -4.44047 1.25
      vertex 61.9405 -4.27025 1.25
    endloop
  endfacet
  facet normal 0 0 -1
    outer loop
      vertex 62.1556 -5.17979 1.25
      vertex 61.5664 -4.56854 1.25
      vertex 61.7703 -4.44047 1.25
    endloop
  endfacet
  facet normal 0 0 -1
    outer loop
      vertex 61.3392 -4.64805 1.25
      vertex 61.8271 -5.35537 1.25
      vertex 61.4707 -5.46349 1.25
    endloop
  endfacet
  facet normal 0 0 -1
    outer loop
      vertex 61.8271 -5.35537 1.25
      vertex 61.3392 -4.64805 1.25
      vertex 61.5664 -4.56854 1.25
    endloop
  endfacet
  facet normal 0 0 -1
    outer loop
      vertex 61.1 -4.675 1.25
      vertex 61.4707 -5.46349 1.25
      vertex 61.1 -5.5 1.25
    endloop
  endfacet
  facet normal 0 0 -1
    outer loop
      vertex 61.4707 -5.46349 1.25
      vertex 61.1 -4.675 1.25
      vertex 61.3392 -4.64805 1.25
    endloop
  endfacet
  facet normal 0 0 -1
    outer loop
      vertex 60.7293 -5.46349 1.25
      vertex 61.1 -4.675 1.25
      vertex 61.1 -5.5 1.25
    endloop
  endfacet
  facet normal -0 0 -1
    outer loop
      vertex 61.1 -4.675 1.25
      vertex 60.7293 -5.46349 1.25
      vertex 60.8608 -4.64805 1.25
    endloop
  endfacet
  facet normal 0 0 -1
    outer loop
      vertex 60.3729 -5.35537 1.25
      vertex 60.8608 -4.64805 1.25
      vertex 60.7293 -5.46349 1.25
    endloop
  endfacet
  facet normal -0 0 -1
    outer loop
      vertex 60.8608 -4.64805 1.25
      vertex 60.3729 -5.35537 1.25
      vertex 60.6336 -4.56854 1.25
    endloop
  endfacet
  facet normal 0 0 -1
    outer loop
      vertex 60.0444 -5.17979 1.25
      vertex 60.6336 -4.56854 1.25
      vertex 60.3729 -5.35537 1.25
    endloop
  endfacet
  facet normal -0 0 -1
    outer loop
      vertex 60.6336 -4.56854 1.25
      vertex 60.0444 -5.17979 1.25
      vertex 60.4297 -4.44047 1.25
    endloop
  endfacet
  facet normal 0 0 -1
    outer loop
      vertex 59.7565 -4.9435 1.25
      vertex 60.4297 -4.44047 1.25
      vertex 60.0444 -5.17979 1.25
    endloop
  endfacet
  facet normal -0 0 -1
    outer loop
      vertex 60.4297 -4.44047 1.25
      vertex 59.7565 -4.9435 1.25
      vertex 60.2595 -4.27025 1.25
    endloop
  endfacet
  facet normal 0 0 -1
    outer loop
      vertex 59.5202 -4.65558 1.25
      vertex 60.2595 -4.27025 1.25
      vertex 59.7565 -4.9435 1.25
    endloop
  endfacet
  facet normal -0 0 -1
    outer loop
      vertex 60.2595 -4.27025 1.25
      vertex 59.5202 -4.65558 1.25
      vertex 60.1315 -4.06642 1.25
    endloop
  endfacet
  facet normal 0 0 -1
    outer loop
      vertex 59.3446 -4.3271 1.25
      vertex 60.1315 -4.06642 1.25
      vertex 59.5202 -4.65558 1.25
    endloop
  endfacet
  facet normal -0 0 -1
    outer loop
      vertex 62.8554 -2.8729 1.25
      vertex 62.0685 -3.13357 1.25
      vertex 62.6798 -2.54442 1.25
    endloop
  endfacet
  facet normal 0 0 -1
    outer loop
      vertex 61.9405 -2.92975 1.25
      vertex 62.6798 -2.54442 1.25
      vertex 62.0685 -3.13357 1.25
    endloop
  endfacet
  facet normal -0 0 -1
    outer loop
      vertex 62.6798 -2.54442 1.25
      vertex 61.9405 -2.92975 1.25
      vertex 62.4435 -2.2565 1.25
    endloop
  endfacet
  facet normal 0 0 -1
    outer loop
      vertex 61.7703 -2.75953 1.25
      vertex 62.4435 -2.2565 1.25
      vertex 61.9405 -2.92975 1.25
    endloop
  endfacet
  facet normal -0 0 -1
    outer loop
      vertex 62.4435 -2.2565 1.25
      vertex 61.7703 -2.75953 1.25
      vertex 62.1556 -2.02021 1.25
    endloop
  endfacet
  facet normal 0 0 -1
    outer loop
      vertex 61.5664 -2.63146 1.25
      vertex 62.1556 -2.02021 1.25
      vertex 61.7703 -2.75953 1.25
    endloop
  endfacet
  facet normal -0 0 -1
    outer loop
      vertex 62.1556 -2.02021 1.25
      vertex 61.5664 -2.63146 1.25
      vertex 61.8271 -1.84463 1.25
    endloop
  endfacet
  facet normal 0 0 -1
    outer loop
      vertex 61.3392 -2.55195 1.25
      vertex 61.8271 -1.84463 1.25
      vertex 61.5664 -2.63146 1.25
    endloop
  endfacet
  facet normal -0 0 -1
    outer loop
      vertex 61.8271 -1.84463 1.25
      vertex 61.3392 -2.55195 1.25
      vertex 61.4707 -1.73651 1.25
    endloop
  endfacet
  facet normal 0 0 -1
    outer loop
      vertex 61.1 -2.525 1.25
      vertex 61.4707 -1.73651 1.25
      vertex 61.3392 -2.55195 1.25
    endloop
  endfacet
  facet normal 0 0 -1
    outer loop
      vertex 61.1 -2.525 1.25
      vertex 61.1 -1.7 1.25
      vertex 61.4707 -1.73651 1.25
    endloop
  endfacet
  facet normal 0 0 -1
    outer loop
      vertex 60.7293 -1.73651 1.25
      vertex 61.1 -2.525 1.25
      vertex 60.8608 -2.55195 1.25
    endloop
  endfacet
  facet normal 0 0 -1
    outer loop
      vertex 61.1 -2.525 1.25
      vertex 60.7293 -1.73651 1.25
      vertex 61.1 -1.7 1.25
    endloop
  endfacet
  facet normal 0 0 -1
    outer loop
      vertex 60.3729 -1.84463 1.25
      vertex 60.8608 -2.55195 1.25
      vertex 60.6336 -2.63146 1.25
    endloop
  endfacet
  facet normal 0 0 -1
    outer loop
      vertex 60.0444 -2.02021 1.25
      vertex 60.6336 -2.63146 1.25
      vertex 60.4297 -2.75953 1.25
    endloop
  endfacet
  facet normal 0 0 -1
    outer loop
      vertex 60.8608 -2.55195 1.25
      vertex 60.3729 -1.84463 1.25
      vertex 60.7293 -1.73651 1.25
    endloop
  endfacet
  facet normal 0 0 -1
    outer loop
      vertex 59.7565 -2.2565 1.25
      vertex 60.4297 -2.75953 1.25
      vertex 60.2595 -2.92975 1.25
    endloop
  endfacet
  facet normal 0 0 -1
    outer loop
      vertex 59.5202 -2.54442 1.25
      vertex 60.2595 -2.92975 1.25
      vertex 60.1315 -3.13357 1.25
    endloop
  endfacet
  facet normal 0 0 -1
    outer loop
      vertex 59.3446 -2.8729 1.25
      vertex 60.1315 -3.13357 1.25
      vertex 60.052 -3.36079 1.25
    endloop
  endfacet
  facet normal 0 0 -1
    outer loop
      vertex 60.6336 -2.63146 1.25
      vertex 60.0444 -2.02021 1.25
      vertex 60.3729 -1.84463 1.25
    endloop
  endfacet
  facet normal 0 0 -1
    outer loop
      vertex 59.2365 -3.22933 1.25
      vertex 60.052 -3.36079 1.25
      vertex 60.025 -3.6 1.25
    endloop
  endfacet
  facet normal -0 0 -1
    outer loop
      vertex 60.1315 -4.06642 1.25
      vertex 59.3446 -4.3271 1.25
      vertex 60.052 -3.83921 1.25
    endloop
  endfacet
  facet normal 0 0 -1
    outer loop
      vertex 60.4297 -2.75953 1.25
      vertex 59.7565 -2.2565 1.25
      vertex 60.0444 -2.02021 1.25
    endloop
  endfacet
  facet normal 0 0 -1
    outer loop
      vertex 59.2365 -3.97067 1.25
      vertex 60.052 -3.83921 1.25
      vertex 59.3446 -4.3271 1.25
    endloop
  endfacet
  facet normal 0 0 -1
    outer loop
      vertex 60.2595 -2.92975 1.25
      vertex 59.5202 -2.54442 1.25
      vertex 59.7565 -2.2565 1.25
    endloop
  endfacet
  facet normal -0 0 -1
    outer loop
      vertex 60.052 -3.83921 1.25
      vertex 59.2365 -3.97067 1.25
      vertex 60.025 -3.6 1.25
    endloop
  endfacet
  facet normal 0 0 -1
    outer loop
      vertex 60.1315 -3.13357 1.25
      vertex 59.3446 -2.8729 1.25
      vertex 59.5202 -2.54442 1.25
    endloop
  endfacet
  facet normal 0 0 -1
    outer loop
      vertex 59.2 -3.6 1.25
      vertex 60.025 -3.6 1.25
      vertex 59.2365 -3.97067 1.25
    endloop
  endfacet
  facet normal 0 0 -1
    outer loop
      vertex 60.052 -3.36079 1.25
      vertex 59.2365 -3.22933 1.25
      vertex 59.3446 -2.8729 1.25
    endloop
  endfacet
  facet normal 0 0 -1
    outer loop
      vertex 60.025 -3.6 1.25
      vertex 59.2 -3.6 1.25
      vertex 59.2365 -3.22933 1.25
    endloop
  endfacet
  facet normal 0.881895 -0.471446 0
    outer loop
      vertex 59.3446 -2.8729 1.25
      vertex 59.5202 -2.54442 3.8147e-07
      vertex 59.5202 -2.54442 1.25
    endloop
  endfacet
  facet normal 0.881895 -0.471446 0
    outer loop
      vertex 59.5202 -2.54442 3.8147e-07
      vertex 59.3446 -2.8729 1.25
      vertex 59.3446 -2.8729 3.8147e-07
    endloop
  endfacet
  facet normal -0.290302 -0.956935 0
    outer loop
      vertex 61.4707 -1.73651 3.8147e-07
      vertex 61.8271 -1.84463 1.25
      vertex 61.4707 -1.73651 1.25
    endloop
  endfacet
  facet normal -0.290302 -0.956935 -0
    outer loop
      vertex 61.8271 -1.84463 1.25
      vertex 61.4707 -1.73651 3.8147e-07
      vertex 61.8271 -1.84463 3.8147e-07
    endloop
  endfacet
  facet normal -0.471382 -0.881929 0
    outer loop
      vertex 61.8271 -1.84463 3.8147e-07
      vertex 62.1556 -2.02021 1.25
      vertex 61.8271 -1.84463 1.25
    endloop
  endfacet
  facet normal -0.471382 -0.881929 -0
    outer loop
      vertex 62.1556 -2.02021 1.25
      vertex 61.8271 -1.84463 3.8147e-07
      vertex 62.1556 -2.02021 3.8147e-07
    endloop
  endfacet
  facet normal 0.471382 -0.881929 0
    outer loop
      vertex 60.0444 -2.02021 3.8147e-07
      vertex 60.3729 -1.84463 1.25
      vertex 60.0444 -2.02021 1.25
    endloop
  endfacet
  facet normal 0.471382 -0.881929 0
    outer loop
      vertex 60.3729 -1.84463 1.25
      vertex 60.0444 -2.02021 3.8147e-07
      vertex 60.3729 -1.84463 3.8147e-07
    endloop
  endfacet
  facet normal 0.956957 -0.290231 0
    outer loop
      vertex 59.2365 -3.22933 1.25
      vertex 59.3446 -2.8729 3.8147e-07
      vertex 59.3446 -2.8729 1.25
    endloop
  endfacet
  facet normal 0.956957 -0.290231 0
    outer loop
      vertex 59.3446 -2.8729 3.8147e-07
      vertex 59.2365 -3.22933 1.25
      vertex 59.2365 -3.22933 3.8147e-07
    endloop
  endfacet
  facet normal 0.995187 -0.0979964 0
    outer loop
      vertex 59.2 -3.6 1.25
      vertex 59.2365 -3.22933 3.8147e-07
      vertex 59.2365 -3.22933 1.25
    endloop
  endfacet
  facet normal 0.995187 -0.0979964 0
    outer loop
      vertex 59.2365 -3.22933 3.8147e-07
      vertex 59.2 -3.6 1.25
      vertex 59.2 -3.6 3.8147e-07
    endloop
  endfacet
  facet normal -0.772997 -0.63441 0
    outer loop
      vertex 62.6798 -2.54442 3.8147e-07
      vertex 62.4435 -2.2565 1.25
      vertex 62.4435 -2.2565 3.8147e-07
    endloop
  endfacet
  facet normal -0.772997 -0.63441 0
    outer loop
      vertex 62.4435 -2.2565 1.25
      vertex 62.6798 -2.54442 3.8147e-07
      vertex 62.6798 -2.54442 1.25
    endloop
  endfacet
  facet normal 0.290302 -0.956935 0
    outer loop
      vertex 60.3729 -1.84463 3.8147e-07
      vertex 60.7293 -1.73651 1.25
      vertex 60.3729 -1.84463 1.25
    endloop
  endfacet
  facet normal 0.290302 -0.956935 0
    outer loop
      vertex 60.7293 -1.73651 1.25
      vertex 60.3729 -1.84463 3.8147e-07
      vertex 60.7293 -1.73651 3.8147e-07
    endloop
  endfacet
  facet normal 0.772997 -0.63441 0
    outer loop
      vertex 59.5202 -2.54442 1.25
      vertex 59.7565 -2.2565 3.8147e-07
      vertex 59.7565 -2.2565 1.25
    endloop
  endfacet
  facet normal 0.772997 -0.63441 0
    outer loop
      vertex 59.7565 -2.2565 3.8147e-07
      vertex 59.5202 -2.54442 1.25
      vertex 59.5202 -2.54442 3.8147e-07
    endloop
  endfacet
  facet normal 0.63442 -0.772989 0
    outer loop
      vertex 59.7565 -2.2565 3.8147e-07
      vertex 60.0444 -2.02021 1.25
      vertex 59.7565 -2.2565 1.25
    endloop
  endfacet
  facet normal 0.63442 -0.772989 0
    outer loop
      vertex 60.0444 -2.02021 1.25
      vertex 59.7565 -2.2565 3.8147e-07
      vertex 60.0444 -2.02021 3.8147e-07
    endloop
  endfacet
  facet normal 0.0980151 -0.995185 0
    outer loop
      vertex 60.7293 -1.73651 3.8147e-07
      vertex 61.1 -1.7 1.25
      vertex 60.7293 -1.73651 1.25
    endloop
  endfacet
  facet normal 0.0980151 -0.995185 0
    outer loop
      vertex 61.1 -1.7 1.25
      vertex 60.7293 -1.73651 3.8147e-07
      vertex 61.1 -1.7 3.8147e-07
    endloop
  endfacet
  facet normal -0.531678 0.846947 0
    outer loop
      vertex 61.7703 -27.1405 1.25
      vertex 61.5664 -27.2685 2.4
      vertex 61.7703 -27.1405 2.4
    endloop
  endfacet
  facet normal -0.531678 0.846947 0
    outer loop
      vertex 61.5664 -27.2685 2.4
      vertex 61.7703 -27.1405 1.25
      vertex 61.5664 -27.2685 1.25
    endloop
  endfacet
  facet normal 0.943884 0.330276 0
    outer loop
      vertex 60.1315 -26.7664 2.4
      vertex 60.052 -26.5392 1.25
      vertex 60.052 -26.5392 2.4
    endloop
  endfacet
  facet normal 0.943884 0.330276 0
    outer loop
      vertex 60.052 -26.5392 1.25
      vertex 60.1315 -26.7664 2.4
      vertex 60.1315 -26.7664 1.25
    endloop
  endfacet
  facet normal -0.99369 -0.112164 0
    outer loop
      vertex 62.175 -26.3 1.25
      vertex 62.148 -26.0608 2.4
      vertex 62.148 -26.0608 1.25
    endloop
  endfacet
  facet normal -0.99369 -0.112164 0
    outer loop
      vertex 62.148 -26.0608 2.4
      vertex 62.175 -26.3 1.25
      vertex 62.175 -26.3 2.4
    endloop
  endfacet
  facet normal 0.330276 -0.943884 0
    outer loop
      vertex 60.6336 -25.3315 1.25
      vertex 60.8608 -25.252 2.4
      vertex 60.6336 -25.3315 2.4
    endloop
  endfacet
  facet normal 0.330276 -0.943884 0
    outer loop
      vertex 60.8608 -25.252 2.4
      vertex 60.6336 -25.3315 1.25
      vertex 60.8608 -25.252 1.25
    endloop
  endfacet
  facet normal -0.943884 0.330276 0
    outer loop
      vertex 62.0685 -26.7664 1.25
      vertex 62.148 -26.5392 2.4
      vertex 62.148 -26.5392 1.25
    endloop
  endfacet
  facet normal -0.943884 0.330276 0
    outer loop
      vertex 62.148 -26.5392 2.4
      vertex 62.0685 -26.7664 1.25
      vertex 62.0685 -26.7664 2.4
    endloop
  endfacet
  facet normal 0.330276 0.943884 -0
    outer loop
      vertex 60.8608 -27.348 1.25
      vertex 60.6336 -27.2685 2.4
      vertex 60.8608 -27.348 2.4
    endloop
  endfacet
  facet normal 0.330276 0.943884 0
    outer loop
      vertex 60.6336 -27.2685 2.4
      vertex 60.8608 -27.348 1.25
      vertex 60.6336 -27.2685 1.25
    endloop
  endfacet
  facet normal 0.846947 0.531678 0
    outer loop
      vertex 60.2595 -26.9703 2.4
      vertex 60.1315 -26.7664 1.25
      vertex 60.1315 -26.7664 2.4
    endloop
  endfacet
  facet normal 0.846947 0.531678 0
    outer loop
      vertex 60.1315 -26.7664 1.25
      vertex 60.2595 -26.9703 2.4
      vertex 60.2595 -26.9703 1.25
    endloop
  endfacet
  facet normal 0.531678 0.846947 -0
    outer loop
      vertex 60.6336 -27.2685 1.25
      vertex 60.4297 -27.1405 2.4
      vertex 60.6336 -27.2685 2.4
    endloop
  endfacet
  facet normal 0.531678 0.846947 0
    outer loop
      vertex 60.4297 -27.1405 2.4
      vertex 60.6336 -27.2685 1.25
      vertex 60.4297 -27.1405 1.25
    endloop
  endfacet
  facet normal -0.707107 -0.707107 0
    outer loop
      vertex 61.9405 -25.6297 1.25
      vertex 61.7703 -25.4595 2.4
      vertex 61.7703 -25.4595 1.25
    endloop
  endfacet
  facet normal -0.707107 -0.707107 0
    outer loop
      vertex 61.7703 -25.4595 2.4
      vertex 61.9405 -25.6297 1.25
      vertex 61.9405 -25.6297 2.4
    endloop
  endfacet
  facet normal -0.846947 0.531678 0
    outer loop
      vertex 61.9405 -26.9703 1.25
      vertex 62.0685 -26.7664 2.4
      vertex 62.0685 -26.7664 1.25
    endloop
  endfacet
  facet normal -0.846947 0.531678 0
    outer loop
      vertex 62.0685 -26.7664 2.4
      vertex 61.9405 -26.9703 1.25
      vertex 61.9405 -26.9703 2.4
    endloop
  endfacet
  facet normal -0.707107 0.707107 0
    outer loop
      vertex 61.7703 -27.1405 1.25
      vertex 61.9405 -26.9703 2.4
      vertex 61.9405 -26.9703 1.25
    endloop
  endfacet
  facet normal -0.707107 0.707107 0
    outer loop
      vertex 61.9405 -26.9703 2.4
      vertex 61.7703 -27.1405 1.25
      vertex 61.7703 -27.1405 2.4
    endloop
  endfacet
  facet normal -0.112164 0.99369 0
    outer loop
      vertex 61.3392 -27.348 1.25
      vertex 61.1 -27.375 2.4
      vertex 61.3392 -27.348 2.4
    endloop
  endfacet
  facet normal -0.112164 0.99369 0
    outer loop
      vertex 61.1 -27.375 2.4
      vertex 61.3392 -27.348 1.25
      vertex 61.1 -27.375 1.25
    endloop
  endfacet
  facet normal 0.99369 0.112164 0
    outer loop
      vertex 60.052 -26.5392 2.4
      vertex 60.025 -26.3 1.25
      vertex 60.025 -26.3 2.4
    endloop
  endfacet
  facet normal 0.99369 0.112164 0
    outer loop
      vertex 60.025 -26.3 1.25
      vertex 60.052 -26.5392 2.4
      vertex 60.052 -26.5392 1.25
    endloop
  endfacet
  facet normal 0.707107 0.707107 0
    outer loop
      vertex 60.4297 -27.1405 2.4
      vertex 60.2595 -26.9703 1.25
      vertex 60.2595 -26.9703 2.4
    endloop
  endfacet
  facet normal 0.707107 0.707107 0
    outer loop
      vertex 60.2595 -26.9703 1.25
      vertex 60.4297 -27.1405 2.4
      vertex 60.4297 -27.1405 1.25
    endloop
  endfacet
  facet normal 0.112164 0.99369 -0
    outer loop
      vertex 61.1 -27.375 1.25
      vertex 60.8608 -27.348 2.4
      vertex 61.1 -27.375 2.4
    endloop
  endfacet
  facet normal 0.112164 0.99369 0
    outer loop
      vertex 60.8608 -27.348 2.4
      vertex 61.1 -27.375 1.25
      vertex 60.8608 -27.348 1.25
    endloop
  endfacet
  facet normal -0.99369 0.112164 0
    outer loop
      vertex 62.148 -26.5392 1.25
      vertex 62.175 -26.3 2.4
      vertex 62.175 -26.3 1.25
    endloop
  endfacet
  facet normal -0.99369 0.112164 0
    outer loop
      vertex 62.175 -26.3 2.4
      vertex 62.148 -26.5392 1.25
      vertex 62.148 -26.5392 2.4
    endloop
  endfacet
  facet normal -0.112164 -0.99369 0
    outer loop
      vertex 61.1 -25.225 1.25
      vertex 61.3392 -25.252 2.4
      vertex 61.1 -25.225 2.4
    endloop
  endfacet
  facet normal -0.112164 -0.99369 -0
    outer loop
      vertex 61.3392 -25.252 2.4
      vertex 61.1 -25.225 1.25
      vertex 61.3392 -25.252 1.25
    endloop
  endfacet
  facet normal -0.846947 -0.531678 0
    outer loop
      vertex 62.0685 -25.8336 1.25
      vertex 61.9405 -25.6297 2.4
      vertex 61.9405 -25.6297 1.25
    endloop
  endfacet
  facet normal -0.846947 -0.531678 0
    outer loop
      vertex 61.9405 -25.6297 2.4
      vertex 62.0685 -25.8336 1.25
      vertex 62.0685 -25.8336 2.4
    endloop
  endfacet
  facet normal -0.943884 -0.330276 0
    outer loop
      vertex 62.148 -26.0608 1.25
      vertex 62.0685 -25.8336 2.4
      vertex 62.0685 -25.8336 1.25
    endloop
  endfacet
  facet normal -0.943884 -0.330276 0
    outer loop
      vertex 62.0685 -25.8336 2.4
      vertex 62.148 -26.0608 1.25
      vertex 62.148 -26.0608 2.4
    endloop
  endfacet
  facet normal -0.330276 -0.943884 0
    outer loop
      vertex 61.3392 -25.252 1.25
      vertex 61.5664 -25.3315 2.4
      vertex 61.3392 -25.252 2.4
    endloop
  endfacet
  facet normal -0.330276 -0.943884 -0
    outer loop
      vertex 61.5664 -25.3315 2.4
      vertex 61.3392 -25.252 1.25
      vertex 61.5664 -25.3315 1.25
    endloop
  endfacet
  facet normal -0.531678 -0.846947 0
    outer loop
      vertex 61.5664 -25.3315 1.25
      vertex 61.7703 -25.4595 2.4
      vertex 61.5664 -25.3315 2.4
    endloop
  endfacet
  facet normal -0.531678 -0.846947 -0
    outer loop
      vertex 61.7703 -25.4595 2.4
      vertex 61.5664 -25.3315 1.25
      vertex 61.7703 -25.4595 1.25
    endloop
  endfacet
  facet normal 0.112164 -0.99369 0
    outer loop
      vertex 60.8608 -25.252 1.25
      vertex 61.1 -25.225 2.4
      vertex 60.8608 -25.252 2.4
    endloop
  endfacet
  facet normal 0.112164 -0.99369 0
    outer loop
      vertex 61.1 -25.225 2.4
      vertex 60.8608 -25.252 1.25
      vertex 61.1 -25.225 1.25
    endloop
  endfacet
  facet normal 0.707107 -0.707107 0
    outer loop
      vertex 60.2595 -25.6297 2.4
      vertex 60.4297 -25.4595 1.25
      vertex 60.4297 -25.4595 2.4
    endloop
  endfacet
  facet normal 0.707107 -0.707107 0
    outer loop
      vertex 60.4297 -25.4595 1.25
      vertex 60.2595 -25.6297 2.4
      vertex 60.2595 -25.6297 1.25
    endloop
  endfacet
  facet normal 0.846947 -0.531678 0
    outer loop
      vertex 60.1315 -25.8336 2.4
      vertex 60.2595 -25.6297 1.25
      vertex 60.2595 -25.6297 2.4
    endloop
  endfacet
  facet normal 0.846947 -0.531678 0
    outer loop
      vertex 60.2595 -25.6297 1.25
      vertex 60.1315 -25.8336 2.4
      vertex 60.1315 -25.8336 1.25
    endloop
  endfacet
  facet normal 0.99369 -0.112164 0
    outer loop
      vertex 60.025 -26.3 2.4
      vertex 60.052 -26.0608 1.25
      vertex 60.052 -26.0608 2.4
    endloop
  endfacet
  facet normal 0.99369 -0.112164 0
    outer loop
      vertex 60.052 -26.0608 1.25
      vertex 60.025 -26.3 2.4
      vertex 60.025 -26.3 1.25
    endloop
  endfacet
  facet normal -0.330276 0.943884 0
    outer loop
      vertex 61.5664 -27.2685 1.25
      vertex 61.3392 -27.348 2.4
      vertex 61.5664 -27.2685 2.4
    endloop
  endfacet
  facet normal -0.330276 0.943884 0
    outer loop
      vertex 61.3392 -27.348 2.4
      vertex 61.5664 -27.2685 1.25
      vertex 61.3392 -27.348 1.25
    endloop
  endfacet
  facet normal 0.531678 -0.846947 0
    outer loop
      vertex 60.4297 -25.4595 1.25
      vertex 60.6336 -25.3315 2.4
      vertex 60.4297 -25.4595 2.4
    endloop
  endfacet
  facet normal 0.531678 -0.846947 0
    outer loop
      vertex 60.6336 -25.3315 2.4
      vertex 60.4297 -25.4595 1.25
      vertex 60.6336 -25.3315 1.25
    endloop
  endfacet
  facet normal 0.943884 -0.330276 0
    outer loop
      vertex 60.052 -26.0608 2.4
      vertex 60.1315 -25.8336 1.25
      vertex 60.1315 -25.8336 2.4
    endloop
  endfacet
  facet normal 0.943884 -0.330276 0
    outer loop
      vertex 60.1315 -25.8336 1.25
      vertex 60.052 -26.0608 2.4
      vertex 60.052 -26.0608 1.25
    endloop
  endfacet
  facet normal -0.881907 0.471424 0
    outer loop
      vertex 62.6798 -27.3556 3.8147e-07
      vertex 62.8554 -27.0271 1.25
      vertex 62.8554 -27.0271 3.8147e-07
    endloop
  endfacet
  facet normal -0.881907 0.471424 0
    outer loop
      vertex 62.8554 -27.0271 1.25
      vertex 62.6798 -27.3556 3.8147e-07
      vertex 62.6798 -27.3556 1.25
    endloop
  endfacet
  facet normal -0.772975 0.634436 0
    outer loop
      vertex 62.4435 -27.6435 3.8147e-07
      vertex 62.6798 -27.3556 1.25
      vertex 62.6798 -27.3556 3.8147e-07
    endloop
  endfacet
  facet normal -0.772975 0.634436 0
    outer loop
      vertex 62.6798 -27.3556 1.25
      vertex 62.4435 -27.6435 3.8147e-07
      vertex 62.4435 -27.6435 1.25
    endloop
  endfacet
  facet normal -0.0979885 0.995188 0
    outer loop
      vertex 61.4707 -28.1635 3.8147e-07
      vertex 61.1 -28.2 1.25
      vertex 61.4707 -28.1635 1.25
    endloop
  endfacet
  facet normal -0.0979885 0.995188 0
    outer loop
      vertex 61.1 -28.2 1.25
      vertex 61.4707 -28.1635 3.8147e-07
      vertex 61.1 -28.2 3.8147e-07
    endloop
  endfacet
  facet normal -0.290253 0.95695 0
    outer loop
      vertex 61.8271 -28.0554 3.8147e-07
      vertex 61.4707 -28.1635 1.25
      vertex 61.8271 -28.0554 1.25
    endloop
  endfacet
  facet normal -0.290253 0.95695 0
    outer loop
      vertex 61.4707 -28.1635 1.25
      vertex 61.8271 -28.0554 3.8147e-07
      vertex 61.4707 -28.1635 3.8147e-07
    endloop
  endfacet
  facet normal 0.471424 0.881907 -0
    outer loop
      vertex 60.3729 -28.0554 3.8147e-07
      vertex 60.0444 -27.8798 1.25
      vertex 60.3729 -28.0554 1.25
    endloop
  endfacet
  facet normal 0.471424 0.881907 0
    outer loop
      vertex 60.0444 -27.8798 1.25
      vertex 60.3729 -28.0554 3.8147e-07
      vertex 60.0444 -27.8798 3.8147e-07
    endloop
  endfacet
  facet normal 0.881907 0.471424 0
    outer loop
      vertex 59.5202 -27.3556 1.25
      vertex 59.3446 -27.0271 3.8147e-07
      vertex 59.3446 -27.0271 1.25
    endloop
  endfacet
  facet normal 0.881907 0.471424 0
    outer loop
      vertex 59.3446 -27.0271 3.8147e-07
      vertex 59.5202 -27.3556 1.25
      vertex 59.5202 -27.3556 3.8147e-07
    endloop
  endfacet
  facet normal -0.995188 -0.0979885 0
    outer loop
      vertex 63 -26.3 3.8147e-07
      vertex 62.9635 -25.9293 1.25
      vertex 62.9635 -25.9293 3.8147e-07
    endloop
  endfacet
  facet normal -0.995188 -0.0979885 0
    outer loop
      vertex 62.9635 -25.9293 1.25
      vertex 63 -26.3 3.8147e-07
      vertex 63 -26.3 1.25
    endloop
  endfacet
  facet normal -0.634436 0.772975 0
    outer loop
      vertex 62.4435 -27.6435 3.8147e-07
      vertex 62.1556 -27.8798 1.25
      vertex 62.4435 -27.6435 1.25
    endloop
  endfacet
  facet normal -0.634436 0.772975 0
    outer loop
      vertex 62.1556 -27.8798 1.25
      vertex 62.4435 -27.6435 3.8147e-07
      vertex 62.1556 -27.8798 3.8147e-07
    endloop
  endfacet
  facet normal 0.0979885 0.995188 -0
    outer loop
      vertex 61.1 -28.2 3.8147e-07
      vertex 60.7293 -28.1635 1.25
      vertex 61.1 -28.2 1.25
    endloop
  endfacet
  facet normal 0.0979885 0.995188 0
    outer loop
      vertex 60.7293 -28.1635 1.25
      vertex 61.1 -28.2 3.8147e-07
      vertex 60.7293 -28.1635 3.8147e-07
    endloop
  endfacet
  facet normal -0.471424 0.881907 0
    outer loop
      vertex 62.1556 -27.8798 3.8147e-07
      vertex 61.8271 -28.0554 1.25
      vertex 62.1556 -27.8798 1.25
    endloop
  endfacet
  facet normal -0.471424 0.881907 0
    outer loop
      vertex 61.8271 -28.0554 1.25
      vertex 62.1556 -27.8798 3.8147e-07
      vertex 61.8271 -28.0554 3.8147e-07
    endloop
  endfacet
  facet normal 0.995188 0.0979885 0
    outer loop
      vertex 59.2365 -26.6707 1.25
      vertex 59.2 -26.3 3.8147e-07
      vertex 59.2 -26.3 1.25
    endloop
  endfacet
  facet normal 0.995188 0.0979885 0
    outer loop
      vertex 59.2 -26.3 3.8147e-07
      vertex 59.2365 -26.6707 1.25
      vertex 59.2365 -26.6707 3.8147e-07
    endloop
  endfacet
  facet normal 0.634436 0.772975 -0
    outer loop
      vertex 60.0444 -27.8798 3.8147e-07
      vertex 59.7565 -27.6435 1.25
      vertex 60.0444 -27.8798 1.25
    endloop
  endfacet
  facet normal 0.634436 0.772975 0
    outer loop
      vertex 59.7565 -27.6435 1.25
      vertex 60.0444 -27.8798 3.8147e-07
      vertex 59.7565 -27.6435 3.8147e-07
    endloop
  endfacet
  facet normal 0.290253 0.95695 -0
    outer loop
      vertex 60.7293 -28.1635 3.8147e-07
      vertex 60.3729 -28.0554 1.25
      vertex 60.7293 -28.1635 1.25
    endloop
  endfacet
  facet normal 0.290253 0.95695 0
    outer loop
      vertex 60.3729 -28.0554 1.25
      vertex 60.7293 -28.1635 3.8147e-07
      vertex 60.3729 -28.0554 3.8147e-07
    endloop
  endfacet
  facet normal 0.772975 0.634436 0
    outer loop
      vertex 59.7565 -27.6435 1.25
      vertex 59.5202 -27.3556 3.8147e-07
      vertex 59.5202 -27.3556 1.25
    endloop
  endfacet
  facet normal 0.772975 0.634436 0
    outer loop
      vertex 59.5202 -27.3556 3.8147e-07
      vertex 59.7565 -27.6435 1.25
      vertex 59.7565 -27.6435 3.8147e-07
    endloop
  endfacet
  facet normal -0.995188 0.0979885 0
    outer loop
      vertex 62.9635 -26.6707 3.8147e-07
      vertex 63 -26.3 1.25
      vertex 63 -26.3 3.8147e-07
    endloop
  endfacet
  facet normal -0.995188 0.0979885 0
    outer loop
      vertex 63 -26.3 1.25
      vertex 62.9635 -26.6707 3.8147e-07
      vertex 62.9635 -26.6707 1.25
    endloop
  endfacet
  facet normal -0.95695 -0.290253 0
    outer loop
      vertex 62.9635 -25.9293 3.8147e-07
      vertex 62.8554 -25.5729 1.25
      vertex 62.8554 -25.5729 3.8147e-07
    endloop
  endfacet
  facet normal -0.95695 -0.290253 0
    outer loop
      vertex 62.8554 -25.5729 1.25
      vertex 62.9635 -25.9293 3.8147e-07
      vertex 62.9635 -25.9293 1.25
    endloop
  endfacet
  facet normal -0.634436 -0.772975 0
    outer loop
      vertex 62.1556 -24.7202 3.8147e-07
      vertex 62.4435 -24.9565 1.25
      vertex 62.1556 -24.7202 1.25
    endloop
  endfacet
  facet normal -0.634436 -0.772975 -0
    outer loop
      vertex 62.4435 -24.9565 1.25
      vertex 62.1556 -24.7202 3.8147e-07
      vertex 62.4435 -24.9565 3.8147e-07
    endloop
  endfacet
  facet normal -0.95695 0.290253 0
    outer loop
      vertex 62.8554 -27.0271 3.8147e-07
      vertex 62.9635 -26.6707 1.25
      vertex 62.9635 -26.6707 3.8147e-07
    endloop
  endfacet
  facet normal -0.95695 0.290253 0
    outer loop
      vertex 62.9635 -26.6707 1.25
      vertex 62.8554 -27.0271 3.8147e-07
      vertex 62.8554 -27.0271 1.25
    endloop
  endfacet
  facet normal 0.95695 0.290253 0
    outer loop
      vertex 59.3446 -27.0271 1.25
      vertex 59.2365 -26.6707 3.8147e-07
      vertex 59.2365 -26.6707 1.25
    endloop
  endfacet
  facet normal 0.95695 0.290253 0
    outer loop
      vertex 59.2365 -26.6707 3.8147e-07
      vertex 59.3446 -27.0271 1.25
      vertex 59.3446 -27.0271 3.8147e-07
    endloop
  endfacet
  facet normal -0.881907 -0.471424 0
    outer loop
      vertex 62.8554 -25.5729 3.8147e-07
      vertex 62.6798 -25.2444 1.25
      vertex 62.6798 -25.2444 3.8147e-07
    endloop
  endfacet
  facet normal -0.881907 -0.471424 0
    outer loop
      vertex 62.6798 -25.2444 1.25
      vertex 62.8554 -25.5729 3.8147e-07
      vertex 62.8554 -25.5729 1.25
    endloop
  endfacet
  facet normal -0.0979885 -0.995188 0
    outer loop
      vertex 61.1 -24.4 3.8147e-07
      vertex 61.4707 -24.4365 1.25
      vertex 61.1 -24.4 1.25
    endloop
  endfacet
  facet normal -0.0979885 -0.995188 -0
    outer loop
      vertex 61.4707 -24.4365 1.25
      vertex 61.1 -24.4 3.8147e-07
      vertex 61.4707 -24.4365 3.8147e-07
    endloop
  endfacet
  facet normal 0 0 -1
    outer loop
      vertex 62.175 -26.3 1.25
      vertex 63 -26.3 1.25
      vertex 62.9635 -26.6707 1.25
    endloop
  endfacet
  facet normal 0 0 -1
    outer loop
      vertex 62.148 -26.5392 1.25
      vertex 62.9635 -26.6707 1.25
      vertex 62.8554 -27.0271 1.25
    endloop
  endfacet
  facet normal 0 0 -1
    outer loop
      vertex 63 -26.3 1.25
      vertex 62.175 -26.3 1.25
      vertex 62.9635 -25.9293 1.25
    endloop
  endfacet
  facet normal 0 0 -1
    outer loop
      vertex 62.0685 -26.7664 1.25
      vertex 62.8554 -27.0271 1.25
      vertex 62.6798 -27.3556 1.25
    endloop
  endfacet
  facet normal 0 0 -1
    outer loop
      vertex 62.148 -26.0608 1.25
      vertex 62.9635 -25.9293 1.25
      vertex 62.175 -26.3 1.25
    endloop
  endfacet
  facet normal 0 0 -1
    outer loop
      vertex 61.9405 -26.9703 1.25
      vertex 62.6798 -27.3556 1.25
      vertex 62.4435 -27.6435 1.25
    endloop
  endfacet
  facet normal -0 0 -1
    outer loop
      vertex 62.9635 -25.9293 1.25
      vertex 62.148 -26.0608 1.25
      vertex 62.8554 -25.5729 1.25
    endloop
  endfacet
  facet normal 0 0 -1
    outer loop
      vertex 62.0685 -25.8336 1.25
      vertex 62.8554 -25.5729 1.25
      vertex 62.148 -26.0608 1.25
    endloop
  endfacet
  facet normal 0 0 -1
    outer loop
      vertex 61.7703 -27.1405 1.25
      vertex 62.4435 -27.6435 1.25
      vertex 62.1556 -27.8798 1.25
    endloop
  endfacet
  facet normal 0 0 -1
    outer loop
      vertex 62.9635 -26.6707 1.25
      vertex 62.148 -26.5392 1.25
      vertex 62.175 -26.3 1.25
    endloop
  endfacet
  facet normal 0 0 -1
    outer loop
      vertex 62.8554 -27.0271 1.25
      vertex 62.0685 -26.7664 1.25
      vertex 62.148 -26.5392 1.25
    endloop
  endfacet
  facet normal 0 0 -1
    outer loop
      vertex 62.6798 -27.3556 1.25
      vertex 61.9405 -26.9703 1.25
      vertex 62.0685 -26.7664 1.25
    endloop
  endfacet
  facet normal 0 0 -1
    outer loop
      vertex 61.5664 -27.2685 1.25
      vertex 62.1556 -27.8798 1.25
      vertex 61.8271 -28.0554 1.25
    endloop
  endfacet
  facet normal 0 0 -1
    outer loop
      vertex 62.4435 -27.6435 1.25
      vertex 61.7703 -27.1405 1.25
      vertex 61.9405 -26.9703 1.25
    endloop
  endfacet
  facet normal 0 0 -1
    outer loop
      vertex 62.1556 -27.8798 1.25
      vertex 61.5664 -27.2685 1.25
      vertex 61.7703 -27.1405 1.25
    endloop
  endfacet
  facet normal 0 0 -1
    outer loop
      vertex 61.3392 -27.348 1.25
      vertex 61.8271 -28.0554 1.25
      vertex 61.4707 -28.1635 1.25
    endloop
  endfacet
  facet normal 0 0 -1
    outer loop
      vertex 61.8271 -28.0554 1.25
      vertex 61.3392 -27.348 1.25
      vertex 61.5664 -27.2685 1.25
    endloop
  endfacet
  facet normal 0 0 -1
    outer loop
      vertex 61.1 -27.375 1.25
      vertex 61.4707 -28.1635 1.25
      vertex 61.1 -28.2 1.25
    endloop
  endfacet
  facet normal 0 0 -1
    outer loop
      vertex 61.4707 -28.1635 1.25
      vertex 61.1 -27.375 1.25
      vertex 61.3392 -27.348 1.25
    endloop
  endfacet
  facet normal 0 0 -1
    outer loop
      vertex 60.7293 -28.1635 1.25
      vertex 61.1 -27.375 1.25
      vertex 61.1 -28.2 1.25
    endloop
  endfacet
  facet normal -0 0 -1
    outer loop
      vertex 61.1 -27.375 1.25
      vertex 60.7293 -28.1635 1.25
      vertex 60.8608 -27.348 1.25
    endloop
  endfacet
  facet normal 0 0 -1
    outer loop
      vertex 60.3729 -28.0554 1.25
      vertex 60.8608 -27.348 1.25
      vertex 60.7293 -28.1635 1.25
    endloop
  endfacet
  facet normal -0 0 -1
    outer loop
      vertex 60.8608 -27.348 1.25
      vertex 60.3729 -28.0554 1.25
      vertex 60.6336 -27.2685 1.25
    endloop
  endfacet
  facet normal 0 0 -1
    outer loop
      vertex 60.0444 -27.8798 1.25
      vertex 60.6336 -27.2685 1.25
      vertex 60.3729 -28.0554 1.25
    endloop
  endfacet
  facet normal -0 0 -1
    outer loop
      vertex 60.6336 -27.2685 1.25
      vertex 60.0444 -27.8798 1.25
      vertex 60.4297 -27.1405 1.25
    endloop
  endfacet
  facet normal 0 0 -1
    outer loop
      vertex 59.7565 -27.6435 1.25
      vertex 60.4297 -27.1405 1.25
      vertex 60.0444 -27.8798 1.25
    endloop
  endfacet
  facet normal -0 0 -1
    outer loop
      vertex 60.4297 -27.1405 1.25
      vertex 59.7565 -27.6435 1.25
      vertex 60.2595 -26.9703 1.25
    endloop
  endfacet
  facet normal 0 0 -1
    outer loop
      vertex 59.5202 -27.3556 1.25
      vertex 60.2595 -26.9703 1.25
      vertex 59.7565 -27.6435 1.25
    endloop
  endfacet
  facet normal -0 0 -1
    outer loop
      vertex 60.2595 -26.9703 1.25
      vertex 59.5202 -27.3556 1.25
      vertex 60.1315 -26.7664 1.25
    endloop
  endfacet
  facet normal 0 0 -1
    outer loop
      vertex 59.3446 -27.0271 1.25
      vertex 60.1315 -26.7664 1.25
      vertex 59.5202 -27.3556 1.25
    endloop
  endfacet
  facet normal -0 0 -1
    outer loop
      vertex 62.8554 -25.5729 1.25
      vertex 62.0685 -25.8336 1.25
      vertex 62.6798 -25.2444 1.25
    endloop
  endfacet
  facet normal 0 0 -1
    outer loop
      vertex 61.9405 -25.6297 1.25
      vertex 62.6798 -25.2444 1.25
      vertex 62.0685 -25.8336 1.25
    endloop
  endfacet
  facet normal -0 0 -1
    outer loop
      vertex 62.6798 -25.2444 1.25
      vertex 61.9405 -25.6297 1.25
      vertex 62.4435 -24.9565 1.25
    endloop
  endfacet
  facet normal 0 0 -1
    outer loop
      vertex 61.7703 -25.4595 1.25
      vertex 62.4435 -24.9565 1.25
      vertex 61.9405 -25.6297 1.25
    endloop
  endfacet
  facet normal -0 0 -1
    outer loop
      vertex 62.4435 -24.9565 1.25
      vertex 61.7703 -25.4595 1.25
      vertex 62.1556 -24.7202 1.25
    endloop
  endfacet
  facet normal 0 0 -1
    outer loop
      vertex 61.5664 -25.3315 1.25
      vertex 62.1556 -24.7202 1.25
      vertex 61.7703 -25.4595 1.25
    endloop
  endfacet
  facet normal -0 0 -1
    outer loop
      vertex 62.1556 -24.7202 1.25
      vertex 61.5664 -25.3315 1.25
      vertex 61.8271 -24.5446 1.25
    endloop
  endfacet
  facet normal 0 0 -1
    outer loop
      vertex 61.3392 -25.252 1.25
      vertex 61.8271 -24.5446 1.25
      vertex 61.5664 -25.3315 1.25
    endloop
  endfacet
  facet normal -0 0 -1
    outer loop
      vertex 61.8271 -24.5446 1.25
      vertex 61.3392 -25.252 1.25
      vertex 61.4707 -24.4365 1.25
    endloop
  endfacet
  facet normal 0 0 -1
    outer loop
      vertex 61.1 -25.225 1.25
      vertex 61.4707 -24.4365 1.25
      vertex 61.3392 -25.252 1.25
    endloop
  endfacet
  facet normal 0 0 -1
    outer loop
      vertex 61.1 -25.225 1.25
      vertex 61.1 -24.4 1.25
      vertex 61.4707 -24.4365 1.25
    endloop
  endfacet
  facet normal 0 0 -1
    outer loop
      vertex 60.7293 -24.4365 1.25
      vertex 61.1 -25.225 1.25
      vertex 60.8608 -25.252 1.25
    endloop
  endfacet
  facet normal 0 0 -1
    outer loop
      vertex 61.1 -25.225 1.25
      vertex 60.7293 -24.4365 1.25
      vertex 61.1 -24.4 1.25
    endloop
  endfacet
  facet normal 0 0 -1
    outer loop
      vertex 60.3729 -24.5446 1.25
      vertex 60.8608 -25.252 1.25
      vertex 60.6336 -25.3315 1.25
    endloop
  endfacet
  facet normal 0 0 -1
    outer loop
      vertex 60.0444 -24.7202 1.25
      vertex 60.6336 -25.3315 1.25
      vertex 60.4297 -25.4595 1.25
    endloop
  endfacet
  facet normal 0 0 -1
    outer loop
      vertex 60.8608 -25.252 1.25
      vertex 60.3729 -24.5446 1.25
      vertex 60.7293 -24.4365 1.25
    endloop
  endfacet
  facet normal 0 0 -1
    outer loop
      vertex 59.7565 -24.9565 1.25
      vertex 60.4297 -25.4595 1.25
      vertex 60.2595 -25.6297 1.25
    endloop
  endfacet
  facet normal 0 0 -1
    outer loop
      vertex 59.5202 -25.2444 1.25
      vertex 60.2595 -25.6297 1.25
      vertex 60.1315 -25.8336 1.25
    endloop
  endfacet
  facet normal 0 0 -1
    outer loop
      vertex 59.3446 -25.5729 1.25
      vertex 60.1315 -25.8336 1.25
      vertex 60.052 -26.0608 1.25
    endloop
  endfacet
  facet normal 0 0 -1
    outer loop
      vertex 60.6336 -25.3315 1.25
      vertex 60.0444 -24.7202 1.25
      vertex 60.3729 -24.5446 1.25
    endloop
  endfacet
  facet normal 0 0 -1
    outer loop
      vertex 59.2365 -25.9293 1.25
      vertex 60.052 -26.0608 1.25
      vertex 60.025 -26.3 1.25
    endloop
  endfacet
  facet normal -0 0 -1
    outer loop
      vertex 60.1315 -26.7664 1.25
      vertex 59.3446 -27.0271 1.25
      vertex 60.052 -26.5392 1.25
    endloop
  endfacet
  facet normal 0 0 -1
    outer loop
      vertex 60.4297 -25.4595 1.25
      vertex 59.7565 -24.9565 1.25
      vertex 60.0444 -24.7202 1.25
    endloop
  endfacet
  facet normal 0 0 -1
    outer loop
      vertex 59.2365 -26.6707 1.25
      vertex 60.052 -26.5392 1.25
      vertex 59.3446 -27.0271 1.25
    endloop
  endfacet
  facet normal 0 0 -1
    outer loop
      vertex 60.2595 -25.6297 1.25
      vertex 59.5202 -25.2444 1.25
      vertex 59.7565 -24.9565 1.25
    endloop
  endfacet
  facet normal -0 0 -1
    outer loop
      vertex 60.052 -26.5392 1.25
      vertex 59.2365 -26.6707 1.25
      vertex 60.025 -26.3 1.25
    endloop
  endfacet
  facet normal 0 0 -1
    outer loop
      vertex 60.1315 -25.8336 1.25
      vertex 59.3446 -25.5729 1.25
      vertex 59.5202 -25.2444 1.25
    endloop
  endfacet
  facet normal 0 0 -1
    outer loop
      vertex 59.2 -26.3 1.25
      vertex 60.025 -26.3 1.25
      vertex 59.2365 -26.6707 1.25
    endloop
  endfacet
  facet normal 0 0 -1
    outer loop
      vertex 60.052 -26.0608 1.25
      vertex 59.2365 -25.9293 1.25
      vertex 59.3446 -25.5729 1.25
    endloop
  endfacet
  facet normal 0 0 -1
    outer loop
      vertex 60.025 -26.3 1.25
      vertex 59.2 -26.3 1.25
      vertex 59.2365 -25.9293 1.25
    endloop
  endfacet
  facet normal 0.881907 -0.471424 0
    outer loop
      vertex 59.3446 -25.5729 1.25
      vertex 59.5202 -25.2444 3.8147e-07
      vertex 59.5202 -25.2444 1.25
    endloop
  endfacet
  facet normal 0.881907 -0.471424 0
    outer loop
      vertex 59.5202 -25.2444 3.8147e-07
      vertex 59.3446 -25.5729 1.25
      vertex 59.3446 -25.5729 3.8147e-07
    endloop
  endfacet
  facet normal -0.290253 -0.95695 0
    outer loop
      vertex 61.4707 -24.4365 3.8147e-07
      vertex 61.8271 -24.5446 1.25
      vertex 61.4707 -24.4365 1.25
    endloop
  endfacet
  facet normal -0.290253 -0.95695 -0
    outer loop
      vertex 61.8271 -24.5446 1.25
      vertex 61.4707 -24.4365 3.8147e-07
      vertex 61.8271 -24.5446 3.8147e-07
    endloop
  endfacet
  facet normal -0.471424 -0.881907 0
    outer loop
      vertex 61.8271 -24.5446 3.8147e-07
      vertex 62.1556 -24.7202 1.25
      vertex 61.8271 -24.5446 1.25
    endloop
  endfacet
  facet normal -0.471424 -0.881907 -0
    outer loop
      vertex 62.1556 -24.7202 1.25
      vertex 61.8271 -24.5446 3.8147e-07
      vertex 62.1556 -24.7202 3.8147e-07
    endloop
  endfacet
  facet normal 0.471424 -0.881907 0
    outer loop
      vertex 60.0444 -24.7202 3.8147e-07
      vertex 60.3729 -24.5446 1.25
      vertex 60.0444 -24.7202 1.25
    endloop
  endfacet
  facet normal 0.471424 -0.881907 0
    outer loop
      vertex 60.3729 -24.5446 1.25
      vertex 60.0444 -24.7202 3.8147e-07
      vertex 60.3729 -24.5446 3.8147e-07
    endloop
  endfacet
  facet normal 0.95695 -0.290253 0
    outer loop
      vertex 59.2365 -25.9293 1.25
      vertex 59.3446 -25.5729 3.8147e-07
      vertex 59.3446 -25.5729 1.25
    endloop
  endfacet
  facet normal 0.95695 -0.290253 0
    outer loop
      vertex 59.3446 -25.5729 3.8147e-07
      vertex 59.2365 -25.9293 1.25
      vertex 59.2365 -25.9293 3.8147e-07
    endloop
  endfacet
  facet normal 0.995188 -0.0979885 0
    outer loop
      vertex 59.2 -26.3 1.25
      vertex 59.2365 -25.9293 3.8147e-07
      vertex 59.2365 -25.9293 1.25
    endloop
  endfacet
  facet normal 0.995188 -0.0979885 0
    outer loop
      vertex 59.2365 -25.9293 3.8147e-07
      vertex 59.2 -26.3 1.25
      vertex 59.2 -26.3 3.8147e-07
    endloop
  endfacet
  facet normal -0.772975 -0.634436 0
    outer loop
      vertex 62.6798 -25.2444 3.8147e-07
      vertex 62.4435 -24.9565 1.25
      vertex 62.4435 -24.9565 3.8147e-07
    endloop
  endfacet
  facet normal -0.772975 -0.634436 0
    outer loop
      vertex 62.4435 -24.9565 1.25
      vertex 62.6798 -25.2444 3.8147e-07
      vertex 62.6798 -25.2444 1.25
    endloop
  endfacet
  facet normal 0.290253 -0.95695 0
    outer loop
      vertex 60.3729 -24.5446 3.8147e-07
      vertex 60.7293 -24.4365 1.25
      vertex 60.3729 -24.5446 1.25
    endloop
  endfacet
  facet normal 0.290253 -0.95695 0
    outer loop
      vertex 60.7293 -24.4365 1.25
      vertex 60.3729 -24.5446 3.8147e-07
      vertex 60.7293 -24.4365 3.8147e-07
    endloop
  endfacet
  facet normal 0.772975 -0.634436 0
    outer loop
      vertex 59.5202 -25.2444 1.25
      vertex 59.7565 -24.9565 3.8147e-07
      vertex 59.7565 -24.9565 1.25
    endloop
  endfacet
  facet normal 0.772975 -0.634436 0
    outer loop
      vertex 59.7565 -24.9565 3.8147e-07
      vertex 59.5202 -25.2444 1.25
      vertex 59.5202 -25.2444 3.8147e-07
    endloop
  endfacet
  facet normal 0.634436 -0.772975 0
    outer loop
      vertex 59.7565 -24.9565 3.8147e-07
      vertex 60.0444 -24.7202 1.25
      vertex 59.7565 -24.9565 1.25
    endloop
  endfacet
  facet normal 0.634436 -0.772975 0
    outer loop
      vertex 60.0444 -24.7202 1.25
      vertex 59.7565 -24.9565 3.8147e-07
      vertex 60.0444 -24.7202 3.8147e-07
    endloop
  endfacet
  facet normal 0.0979885 -0.995188 0
    outer loop
      vertex 60.7293 -24.4365 3.8147e-07
      vertex 61.1 -24.4 1.25
      vertex 60.7293 -24.4365 1.25
    endloop
  endfacet
  facet normal 0.0979885 -0.995188 0
    outer loop
      vertex 61.1 -24.4 1.25
      vertex 60.7293 -24.4365 3.8147e-07
      vertex 61.1 -24.4 3.8147e-07
    endloop
  endfacet
  facet normal -0.522542 0.852614 0
    outer loop
      vertex 12.6809 -9.28885 3.8147e-07
      vertex 12.2528 -9.55122 2.4
      vertex 12.6809 -9.28885 2.4
    endloop
  endfacet
  facet normal -0.522542 0.852614 0
    outer loop
      vertex 12.2528 -9.55122 2.4
      vertex 12.6809 -9.28885 3.8147e-07
      vertex 12.2528 -9.55122 3.8147e-07
    endloop
  endfacet
  facet normal -0.996917 -0.0784645 0
    outer loop
      vertex 14 -6.7 3.8147e-07
      vertex 13.9606 -6.19941 2.4
      vertex 13.9606 -6.19941 3.8147e-07
    endloop
  endfacet
  facet normal -0.996917 -0.0784645 0
    outer loop
      vertex 13.9606 -6.19941 2.4
      vertex 14 -6.7 3.8147e-07
      vertex 14 -6.7 2.4
    endloop
  endfacet
  facet normal 0.0784629 -0.996917 0
    outer loop
      vertex 10.2994 -3.5394 3.8147e-07
      vertex 10.8 -3.5 2.4
      vertex 10.2994 -3.5394 2.4
    endloop
  endfacet
  facet normal 0.0784629 -0.996917 0
    outer loop
      vertex 10.8 -3.5 2.4
      vertex 10.2994 -3.5394 3.8147e-07
      vertex 10.8 -3.5 3.8147e-07
    endloop
  endfacet
  facet normal 0.522506 0.852635 -0
    outer loop
      vertex 9.34723 -9.55122 3.8147e-07
      vertex 8.91909 -9.28885 2.4
      vertex 9.34723 -9.55122 2.4
    endloop
  endfacet
  facet normal 0.522506 0.852635 0
    outer loop
      vertex 8.91909 -9.28885 2.4
      vertex 9.34723 -9.55122 3.8147e-07
      vertex 8.91909 -9.28885 3.8147e-07
    endloop
  endfacet
  facet normal 0.923881 0.38268 0
    outer loop
      vertex 7.94878 -8.15277 2.4
      vertex 7.75662 -7.68885 3.8147e-07
      vertex 7.75662 -7.68885 2.4
    endloop
  endfacet
  facet normal 0.923881 0.38268 0
    outer loop
      vertex 7.75662 -7.68885 3.8147e-07
      vertex 7.94878 -8.15277 2.4
      vertex 7.94878 -8.15277 3.8147e-07
    endloop
  endfacet
  facet normal -0.760321 -0.649547 0
    outer loop
      vertex 13.3889 -4.81909 3.8147e-07
      vertex 13.0627 -4.43726 2.4
      vertex 13.0627 -4.43726 3.8147e-07
    endloop
  endfacet
  facet normal -0.760321 -0.649547 0
    outer loop
      vertex 13.0627 -4.43726 2.4
      vertex 13.3889 -4.81909 3.8147e-07
      vertex 13.3889 -4.81909 2.4
    endloop
  endfacet
  facet normal -0.852697 0.522405 0
    outer loop
      vertex 13.3889 -8.58091 3.8147e-07
      vertex 13.6512 -8.15277 2.4
      vertex 13.6512 -8.15277 3.8147e-07
    endloop
  endfacet
  facet normal -0.852697 0.522405 0
    outer loop
      vertex 13.6512 -8.15277 2.4
      vertex 13.3889 -8.58091 3.8147e-07
      vertex 13.3889 -8.58091 2.4
    endloop
  endfacet
  facet normal -0.760321 0.649547 0
    outer loop
      vertex 13.0627 -8.96274 3.8147e-07
      vertex 13.3889 -8.58091 2.4
      vertex 13.3889 -8.58091 3.8147e-07
    endloop
  endfacet
  facet normal -0.760321 0.649547 0
    outer loop
      vertex 13.3889 -8.58091 2.4
      vertex 13.0627 -8.96274 3.8147e-07
      vertex 13.0627 -8.96274 2.4
    endloop
  endfacet
  facet normal -0.649473 0.760384 0
    outer loop
      vertex 13.0627 -8.96274 3.8147e-07
      vertex 12.6809 -9.28885 2.4
      vertex 13.0627 -8.96274 2.4
    endloop
  endfacet
  facet normal -0.649473 0.760384 0
    outer loop
      vertex 12.6809 -9.28885 2.4
      vertex 13.0627 -8.96274 3.8147e-07
      vertex 12.6809 -9.28885 3.8147e-07
    endloop
  endfacet
  facet normal -0.382694 0.923875 0
    outer loop
      vertex 12.2528 -9.55122 3.8147e-07
      vertex 11.7889 -9.74338 2.4
      vertex 12.2528 -9.55122 2.4
    endloop
  endfacet
  facet normal -0.382694 0.923875 0
    outer loop
      vertex 11.7889 -9.74338 2.4
      vertex 12.2528 -9.55122 3.8147e-07
      vertex 11.7889 -9.74338 3.8147e-07
    endloop
  endfacet
  facet normal 0.852635 0.522506 0
    outer loop
      vertex 8.21115 -8.58091 2.4
      vertex 7.94878 -8.15277 3.8147e-07
      vertex 7.94878 -8.15277 2.4
    endloop
  endfacet
  facet normal 0.852635 0.522506 0
    outer loop
      vertex 7.94878 -8.15277 3.8147e-07
      vertex 8.21115 -8.58091 2.4
      vertex 8.21115 -8.58091 3.8147e-07
    endloop
  endfacet
  facet normal 0.649444 0.76041 -0
    outer loop
      vertex 8.91909 -9.28885 3.8147e-07
      vertex 8.53726 -8.96274 2.4
      vertex 8.91909 -9.28885 2.4
    endloop
  endfacet
  facet normal 0.649444 0.76041 0
    outer loop
      vertex 8.53726 -8.96274 2.4
      vertex 8.91909 -9.28885 3.8147e-07
      vertex 8.53726 -8.96274 3.8147e-07
    endloop
  endfacet
  facet normal 0.233444 0.97237 -0
    outer loop
      vertex 10.2994 -9.8606 3.8147e-07
      vertex 9.81114 -9.74338 2.4
      vertex 10.2994 -9.8606 2.4
    endloop
  endfacet
  facet normal 0.233444 0.97237 0
    outer loop
      vertex 9.81114 -9.74338 2.4
      vertex 10.2994 -9.8606 3.8147e-07
      vertex 9.81114 -9.74338 3.8147e-07
    endloop
  endfacet
  facet normal 0.76041 0.649444 0
    outer loop
      vertex 8.53726 -8.96274 2.4
      vertex 8.21115 -8.58091 3.8147e-07
      vertex 8.21115 -8.58091 2.4
    endloop
  endfacet
  facet normal 0.76041 0.649444 0
    outer loop
      vertex 8.21115 -8.58091 3.8147e-07
      vertex 8.53726 -8.96274 2.4
      vertex 8.53726 -8.96274 3.8147e-07
    endloop
  endfacet
  facet normal -0.996917 0.0784645 0
    outer loop
      vertex 13.9606 -7.20059 3.8147e-07
      vertex 14 -6.7 2.4
      vertex 14 -6.7 3.8147e-07
    endloop
  endfacet
  facet normal -0.996917 0.0784645 0
    outer loop
      vertex 14 -6.7 2.4
      vertex 13.9606 -7.20059 3.8147e-07
      vertex 13.9606 -7.20059 2.4
    endloop
  endfacet
  facet normal -0.233426 -0.972375 0
    outer loop
      vertex 11.3006 -3.5394 3.8147e-07
      vertex 11.7889 -3.65662 2.4
      vertex 11.3006 -3.5394 2.4
    endloop
  endfacet
  facet normal -0.233426 -0.972375 -0
    outer loop
      vertex 11.7889 -3.65662 2.4
      vertex 11.3006 -3.5394 3.8147e-07
      vertex 11.7889 -3.65662 3.8147e-07
    endloop
  endfacet
  facet normal -0.972379 -0.233406 0
    outer loop
      vertex 13.9606 -6.19941 3.8147e-07
      vertex 13.8434 -5.71115 2.4
      vertex 13.8434 -5.71115 3.8147e-07
    endloop
  endfacet
  facet normal -0.972379 -0.233406 0
    outer loop
      vertex 13.8434 -5.71115 2.4
      vertex 13.9606 -6.19941 3.8147e-07
      vertex 13.9606 -6.19941 2.4
    endloop
  endfacet
  facet normal -0.382694 -0.923875 0
    outer loop
      vertex 11.7889 -3.65662 3.8147e-07
      vertex 12.2528 -3.84878 2.4
      vertex 11.7889 -3.65662 2.4
    endloop
  endfacet
  facet normal -0.382694 -0.923875 -0
    outer loop
      vertex 12.2528 -3.84878 2.4
      vertex 11.7889 -3.65662 3.8147e-07
      vertex 12.2528 -3.84878 3.8147e-07
    endloop
  endfacet
  facet normal -0.0784629 -0.996917 0
    outer loop
      vertex 10.8 -3.5 3.8147e-07
      vertex 11.3006 -3.5394 2.4
      vertex 10.8 -3.5 2.4
    endloop
  endfacet
  facet normal -0.0784629 -0.996917 -0
    outer loop
      vertex 11.3006 -3.5394 2.4
      vertex 10.8 -3.5 3.8147e-07
      vertex 11.3006 -3.5394 3.8147e-07
    endloop
  endfacet
  facet normal 0.522506 -0.852635 0
    outer loop
      vertex 8.91909 -4.11115 3.8147e-07
      vertex 9.34723 -3.84878 2.4
      vertex 8.91909 -4.11115 2.4
    endloop
  endfacet
  facet normal 0.522506 -0.852635 0
    outer loop
      vertex 9.34723 -3.84878 2.4
      vertex 8.91909 -4.11115 3.8147e-07
      vertex 9.34723 -3.84878 3.8147e-07
    endloop
  endfacet
  facet normal 0.97237 -0.233444 0
    outer loop
      vertex 7.6394 -6.19941 2.4
      vertex 7.75662 -5.71115 3.8147e-07
      vertex 7.75662 -5.71115 2.4
    endloop
  endfacet
  facet normal 0.97237 -0.233444 0
    outer loop
      vertex 7.75662 -5.71115 3.8147e-07
      vertex 7.6394 -6.19941 2.4
      vertex 7.6394 -6.19941 3.8147e-07
    endloop
  endfacet
  facet normal 0.649444 -0.76041 0
    outer loop
      vertex 8.53726 -4.43726 3.8147e-07
      vertex 8.91909 -4.11115 2.4
      vertex 8.53726 -4.43726 2.4
    endloop
  endfacet
  facet normal 0.649444 -0.76041 0
    outer loop
      vertex 8.91909 -4.11115 2.4
      vertex 8.53726 -4.43726 3.8147e-07
      vertex 8.91909 -4.11115 3.8147e-07
    endloop
  endfacet
  facet normal -0.972379 0.233406 0
    outer loop
      vertex 13.8434 -7.68885 3.8147e-07
      vertex 13.9606 -7.20059 2.4
      vertex 13.9606 -7.20059 3.8147e-07
    endloop
  endfacet
  facet normal -0.972379 0.233406 0
    outer loop
      vertex 13.9606 -7.20059 2.4
      vertex 13.8434 -7.68885 3.8147e-07
      vertex 13.8434 -7.68885 2.4
    endloop
  endfacet
  facet normal -0.923853 0.382748 0
    outer loop
      vertex 13.6512 -8.15277 3.8147e-07
      vertex 13.8434 -7.68885 2.4
      vertex 13.8434 -7.68885 3.8147e-07
    endloop
  endfacet
  facet normal -0.923853 0.382748 0
    outer loop
      vertex 13.8434 -7.68885 2.4
      vertex 13.6512 -8.15277 3.8147e-07
      vertex 13.6512 -8.15277 2.4
    endloop
  endfacet
  facet normal 0.0784629 0.996917 -0
    outer loop
      vertex 10.8 -9.9 3.8147e-07
      vertex 10.2994 -9.8606 2.4
      vertex 10.8 -9.9 2.4
    endloop
  endfacet
  facet normal 0.0784629 0.996917 0
    outer loop
      vertex 10.2994 -9.8606 2.4
      vertex 10.8 -9.9 3.8147e-07
      vertex 10.2994 -9.8606 3.8147e-07
    endloop
  endfacet
  facet normal -0.233426 0.972375 0
    outer loop
      vertex 11.7889 -9.74338 3.8147e-07
      vertex 11.3006 -9.8606 2.4
      vertex 11.7889 -9.74338 2.4
    endloop
  endfacet
  facet normal -0.233426 0.972375 0
    outer loop
      vertex 11.3006 -9.8606 2.4
      vertex 11.7889 -9.74338 3.8147e-07
      vertex 11.3006 -9.8606 3.8147e-07
    endloop
  endfacet
  facet normal 0.996917 -0.0784645 0
    outer loop
      vertex 7.6 -6.7 2.4
      vertex 7.6394 -6.19941 3.8147e-07
      vertex 7.6394 -6.19941 2.4
    endloop
  endfacet
  facet normal 0.996917 -0.0784645 0
    outer loop
      vertex 7.6394 -6.19941 3.8147e-07
      vertex 7.6 -6.7 2.4
      vertex 7.6 -6.7 3.8147e-07
    endloop
  endfacet
  facet normal 0.97237 0.233444 0
    outer loop
      vertex 7.75662 -7.68885 2.4
      vertex 7.6394 -7.20059 3.8147e-07
      vertex 7.6394 -7.20059 2.4
    endloop
  endfacet
  facet normal 0.97237 0.233444 0
    outer loop
      vertex 7.6394 -7.20059 3.8147e-07
      vertex 7.75662 -7.68885 2.4
      vertex 7.75662 -7.68885 3.8147e-07
    endloop
  endfacet
  facet normal 0.382687 0.923878 -0
    outer loop
      vertex 9.81114 -9.74338 3.8147e-07
      vertex 9.34723 -9.55122 2.4
      vertex 9.81114 -9.74338 2.4
    endloop
  endfacet
  facet normal 0.382687 0.923878 0
    outer loop
      vertex 9.34723 -9.55122 2.4
      vertex 9.81114 -9.74338 3.8147e-07
      vertex 9.34723 -9.55122 3.8147e-07
    endloop
  endfacet
  facet normal -0.852697 -0.522405 0
    outer loop
      vertex 13.6512 -5.24723 3.8147e-07
      vertex 13.3889 -4.81909 2.4
      vertex 13.3889 -4.81909 3.8147e-07
    endloop
  endfacet
  facet normal -0.852697 -0.522405 0
    outer loop
      vertex 13.3889 -4.81909 2.4
      vertex 13.6512 -5.24723 3.8147e-07
      vertex 13.6512 -5.24723 2.4
    endloop
  endfacet
  facet normal -0.923853 -0.382748 0
    outer loop
      vertex 13.8434 -5.71115 3.8147e-07
      vertex 13.6512 -5.24723 2.4
      vertex 13.6512 -5.24723 3.8147e-07
    endloop
  endfacet
  facet normal -0.923853 -0.382748 0
    outer loop
      vertex 13.6512 -5.24723 2.4
      vertex 13.8434 -5.71115 3.8147e-07
      vertex 13.8434 -5.71115 2.4
    endloop
  endfacet
  facet normal -0.522542 -0.852614 0
    outer loop
      vertex 12.2528 -3.84878 3.8147e-07
      vertex 12.6809 -4.11115 2.4
      vertex 12.2528 -3.84878 2.4
    endloop
  endfacet
  facet normal -0.522542 -0.852614 -0
    outer loop
      vertex 12.6809 -4.11115 2.4
      vertex 12.2528 -3.84878 3.8147e-07
      vertex 12.6809 -4.11115 3.8147e-07
    endloop
  endfacet
  facet normal 0.382687 -0.923878 0
    outer loop
      vertex 9.34723 -3.84878 3.8147e-07
      vertex 9.81114 -3.65662 2.4
      vertex 9.34723 -3.84878 2.4
    endloop
  endfacet
  facet normal 0.382687 -0.923878 0
    outer loop
      vertex 9.81114 -3.65662 2.4
      vertex 9.34723 -3.84878 3.8147e-07
      vertex 9.81114 -3.65662 3.8147e-07
    endloop
  endfacet
  facet normal 0.923881 -0.38268 0
    outer loop
      vertex 7.75662 -5.71115 2.4
      vertex 7.94878 -5.24723 3.8147e-07
      vertex 7.94878 -5.24723 2.4
    endloop
  endfacet
  facet normal 0.923881 -0.38268 0
    outer loop
      vertex 7.94878 -5.24723 3.8147e-07
      vertex 7.75662 -5.71115 2.4
      vertex 7.75662 -5.71115 3.8147e-07
    endloop
  endfacet
  facet normal 0.852635 -0.522506 0
    outer loop
      vertex 7.94878 -5.24723 2.4
      vertex 8.21115 -4.81909 3.8147e-07
      vertex 8.21115 -4.81909 2.4
    endloop
  endfacet
  facet normal 0.852635 -0.522506 0
    outer loop
      vertex 8.21115 -4.81909 3.8147e-07
      vertex 7.94878 -5.24723 2.4
      vertex 7.94878 -5.24723 3.8147e-07
    endloop
  endfacet
  facet normal -0.0784629 0.996917 0
    outer loop
      vertex 11.3006 -9.8606 3.8147e-07
      vertex 10.8 -9.9 2.4
      vertex 11.3006 -9.8606 2.4
    endloop
  endfacet
  facet normal -0.0784629 0.996917 0
    outer loop
      vertex 10.8 -9.9 2.4
      vertex 11.3006 -9.8606 3.8147e-07
      vertex 10.8 -9.9 3.8147e-07
    endloop
  endfacet
  facet normal 0.996917 0.0784645 0
    outer loop
      vertex 7.6394 -7.20059 2.4
      vertex 7.6 -6.7 3.8147e-07
      vertex 7.6 -6.7 2.4
    endloop
  endfacet
  facet normal 0.996917 0.0784645 0
    outer loop
      vertex 7.6 -6.7 3.8147e-07
      vertex 7.6394 -7.20059 2.4
      vertex 7.6394 -7.20059 3.8147e-07
    endloop
  endfacet
  facet normal -0.649473 -0.760384 0
    outer loop
      vertex 12.6809 -4.11115 3.8147e-07
      vertex 13.0627 -4.43726 2.4
      vertex 12.6809 -4.11115 2.4
    endloop
  endfacet
  facet normal -0.649473 -0.760384 -0
    outer loop
      vertex 13.0627 -4.43726 2.4
      vertex 12.6809 -4.11115 3.8147e-07
      vertex 13.0627 -4.43726 3.8147e-07
    endloop
  endfacet
  facet normal 0.233444 -0.97237 0
    outer loop
      vertex 9.81114 -3.65662 3.8147e-07
      vertex 10.2994 -3.5394 2.4
      vertex 9.81114 -3.65662 2.4
    endloop
  endfacet
  facet normal 0.233444 -0.97237 0
    outer loop
      vertex 10.2994 -3.5394 2.4
      vertex 9.81114 -3.65662 3.8147e-07
      vertex 10.2994 -3.5394 3.8147e-07
    endloop
  endfacet
  facet normal 0.76041 -0.649444 0
    outer loop
      vertex 8.21115 -4.81909 2.4
      vertex 8.53726 -4.43726 3.8147e-07
      vertex 8.53726 -4.43726 2.4
    endloop
  endfacet
  facet normal 0.76041 -0.649444 0
    outer loop
      vertex 8.53726 -4.43726 3.8147e-07
      vertex 8.21115 -4.81909 2.4
      vertex 8.21115 -4.81909 3.8147e-07
    endloop
  endfacet
  facet normal -0.522441 0.852676 0
    outer loop
      vertex 12.6809 -25.5889 3.8147e-07
      vertex 12.2528 -25.8512 2.4
      vertex 12.6809 -25.5889 2.4
    endloop
  endfacet
  facet normal -0.522441 0.852676 0
    outer loop
      vertex 12.2528 -25.8512 2.4
      vertex 12.6809 -25.5889 3.8147e-07
      vertex 12.2528 -25.8512 3.8147e-07
    endloop
  endfacet
  facet normal -0.996917 -0.0784629 0
    outer loop
      vertex 14 -23 3.8147e-07
      vertex 13.9606 -22.4994 2.4
      vertex 13.9606 -22.4994 3.8147e-07
    endloop
  endfacet
  facet normal -0.996917 -0.0784629 0
    outer loop
      vertex 13.9606 -22.4994 2.4
      vertex 14 -23 3.8147e-07
      vertex 14 -23 2.4
    endloop
  endfacet
  facet normal 0.233406 -0.972379 0
    outer loop
      vertex 9.81114 -19.9566 3.8147e-07
      vertex 10.2994 -19.8394 2.4
      vertex 9.81114 -19.9566 2.4
    endloop
  endfacet
  facet normal 0.233406 -0.972379 0
    outer loop
      vertex 10.2994 -19.8394 2.4
      vertex 9.81114 -19.9566 3.8147e-07
      vertex 10.2994 -19.8394 3.8147e-07
    endloop
  endfacet
  facet normal 0.522405 0.852697 -0
    outer loop
      vertex 9.34723 -25.8512 3.8147e-07
      vertex 8.91909 -25.5889 2.4
      vertex 9.34723 -25.8512 2.4
    endloop
  endfacet
  facet normal 0.522405 0.852697 0
    outer loop
      vertex 8.91909 -25.5889 2.4
      vertex 9.34723 -25.8512 3.8147e-07
      vertex 8.91909 -25.5889 3.8147e-07
    endloop
  endfacet
  facet normal 0.923875 0.382694 0
    outer loop
      vertex 7.94878 -24.4528 2.4
      vertex 7.75662 -23.9889 3.8147e-07
      vertex 7.75662 -23.9889 2.4
    endloop
  endfacet
  facet normal 0.923875 0.382694 0
    outer loop
      vertex 7.75662 -23.9889 3.8147e-07
      vertex 7.94878 -24.4528 2.4
      vertex 7.94878 -24.4528 3.8147e-07
    endloop
  endfacet
  facet normal -0.760296 -0.649577 0
    outer loop
      vertex 13.3889 -21.1191 3.8147e-07
      vertex 13.0627 -20.7373 2.4
      vertex 13.0627 -20.7373 3.8147e-07
    endloop
  endfacet
  facet normal -0.760296 -0.649577 0
    outer loop
      vertex 13.0627 -20.7373 2.4
      vertex 13.3889 -21.1191 3.8147e-07
      vertex 13.3889 -21.1191 2.4
    endloop
  endfacet
  facet normal -0.852676 0.522441 0
    outer loop
      vertex 13.3889 -24.8809 3.8147e-07
      vertex 13.6512 -24.4528 2.4
      vertex 13.6512 -24.4528 3.8147e-07
    endloop
  endfacet
  facet normal -0.852676 0.522441 0
    outer loop
      vertex 13.6512 -24.4528 2.4
      vertex 13.3889 -24.8809 3.8147e-07
      vertex 13.3889 -24.8809 2.4
    endloop
  endfacet
  facet normal -0.760296 0.649577 0
    outer loop
      vertex 13.0627 -25.2627 3.8147e-07
      vertex 13.3889 -24.8809 2.4
      vertex 13.3889 -24.8809 3.8147e-07
    endloop
  endfacet
  facet normal -0.760296 0.649577 0
    outer loop
      vertex 13.3889 -24.8809 2.4
      vertex 13.0627 -25.2627 3.8147e-07
      vertex 13.0627 -25.2627 2.4
    endloop
  endfacet
  facet normal -0.649577 0.760296 0
    outer loop
      vertex 13.0627 -25.2627 3.8147e-07
      vertex 12.6809 -25.5889 2.4
      vertex 13.0627 -25.2627 2.4
    endloop
  endfacet
  facet normal -0.649577 0.760296 0
    outer loop
      vertex 12.6809 -25.5889 2.4
      vertex 13.0627 -25.2627 3.8147e-07
      vertex 12.6809 -25.5889 3.8147e-07
    endloop
  endfacet
  facet normal -0.382762 0.923847 0
    outer loop
      vertex 12.2528 -25.8512 3.8147e-07
      vertex 11.7889 -26.0434 2.4
      vertex 12.2528 -25.8512 2.4
    endloop
  endfacet
  facet normal -0.382762 0.923847 0
    outer loop
      vertex 11.7889 -26.0434 2.4
      vertex 12.2528 -25.8512 3.8147e-07
      vertex 11.7889 -26.0434 3.8147e-07
    endloop
  endfacet
  facet normal 0.852614 0.522542 0
    outer loop
      vertex 8.21115 -24.8809 2.4
      vertex 7.94878 -24.4528 3.8147e-07
      vertex 7.94878 -24.4528 2.4
    endloop
  endfacet
  facet normal 0.852614 0.522542 0
    outer loop
      vertex 7.94878 -24.4528 3.8147e-07
      vertex 8.21115 -24.8809 2.4
      vertex 8.21115 -24.8809 3.8147e-07
    endloop
  endfacet
  facet normal 0.649547 0.760321 -0
    outer loop
      vertex 8.91909 -25.5889 3.8147e-07
      vertex 8.53726 -25.2627 2.4
      vertex 8.91909 -25.5889 2.4
    endloop
  endfacet
  facet normal 0.649547 0.760321 0
    outer loop
      vertex 8.53726 -25.2627 2.4
      vertex 8.91909 -25.5889 3.8147e-07
      vertex 8.53726 -25.2627 3.8147e-07
    endloop
  endfacet
  facet normal 0.233406 0.972379 -0
    outer loop
      vertex 10.2994 -26.1606 3.8147e-07
      vertex 9.81114 -26.0434 2.4
      vertex 10.2994 -26.1606 2.4
    endloop
  endfacet
  facet normal 0.233406 0.972379 0
    outer loop
      vertex 9.81114 -26.0434 2.4
      vertex 10.2994 -26.1606 3.8147e-07
      vertex 9.81114 -26.0434 3.8147e-07
    endloop
  endfacet
  facet normal 0.760384 0.649473 0
    outer loop
      vertex 8.53726 -25.2627 2.4
      vertex 8.21115 -24.8809 3.8147e-07
      vertex 8.21115 -24.8809 2.4
    endloop
  endfacet
  facet normal 0.760384 0.649473 0
    outer loop
      vertex 8.21115 -24.8809 3.8147e-07
      vertex 8.53726 -25.2627 2.4
      vertex 8.53726 -25.2627 3.8147e-07
    endloop
  endfacet
  facet normal -0.996917 0.0784629 0
    outer loop
      vertex 13.9606 -23.5006 3.8147e-07
      vertex 14 -23 2.4
      vertex 14 -23 3.8147e-07
    endloop
  endfacet
  facet normal -0.996917 0.0784629 0
    outer loop
      vertex 14 -23 2.4
      vertex 13.9606 -23.5006 3.8147e-07
      vertex 13.9606 -23.5006 2.4
    endloop
  endfacet
  facet normal -0.233388 -0.972384 0
    outer loop
      vertex 11.3006 -19.8394 3.8147e-07
      vertex 11.7889 -19.9566 2.4
      vertex 11.3006 -19.8394 2.4
    endloop
  endfacet
  facet normal -0.233388 -0.972384 -0
    outer loop
      vertex 11.7889 -19.9566 2.4
      vertex 11.3006 -19.8394 3.8147e-07
      vertex 11.7889 -19.9566 3.8147e-07
    endloop
  endfacet
  facet normal -0.972384 -0.233388 0
    outer loop
      vertex 13.9606 -22.4994 3.8147e-07
      vertex 13.8434 -22.0111 2.4
      vertex 13.8434 -22.0111 3.8147e-07
    endloop
  endfacet
  facet normal -0.972384 -0.233388 0
    outer loop
      vertex 13.8434 -22.0111 2.4
      vertex 13.9606 -22.4994 3.8147e-07
      vertex 13.9606 -22.4994 2.4
    endloop
  endfacet
  facet normal -0.382762 -0.923847 0
    outer loop
      vertex 11.7889 -19.9566 3.8147e-07
      vertex 12.2528 -20.1488 2.4
      vertex 11.7889 -19.9566 2.4
    endloop
  endfacet
  facet normal -0.382762 -0.923847 -0
    outer loop
      vertex 12.2528 -20.1488 2.4
      vertex 11.7889 -19.9566 3.8147e-07
      vertex 12.2528 -20.1488 3.8147e-07
    endloop
  endfacet
  facet normal 0.0784629 -0.996917 0
    outer loop
      vertex 10.2994 -19.8394 3.8147e-07
      vertex 10.8 -19.8 2.4
      vertex 10.2994 -19.8394 2.4
    endloop
  endfacet
  facet normal 0.0784629 -0.996917 0
    outer loop
      vertex 10.8 -19.8 2.4
      vertex 10.2994 -19.8394 3.8147e-07
      vertex 10.8 -19.8 3.8147e-07
    endloop
  endfacet
  facet normal 0.522405 -0.852697 0
    outer loop
      vertex 8.91909 -20.4111 3.8147e-07
      vertex 9.34723 -20.1488 2.4
      vertex 8.91909 -20.4111 2.4
    endloop
  endfacet
  facet normal 0.522405 -0.852697 0
    outer loop
      vertex 9.34723 -20.1488 2.4
      vertex 8.91909 -20.4111 3.8147e-07
      vertex 9.34723 -20.1488 3.8147e-07
    endloop
  endfacet
  facet normal 0.760384 -0.649473 0
    outer loop
      vertex 8.21115 -21.1191 2.4
      vertex 8.53726 -20.7373 3.8147e-07
      vertex 8.53726 -20.7373 2.4
    endloop
  endfacet
  facet normal 0.760384 -0.649473 0
    outer loop
      vertex 8.53726 -20.7373 3.8147e-07
      vertex 8.21115 -21.1191 2.4
      vertex 8.21115 -21.1191 3.8147e-07
    endloop
  endfacet
  facet normal 0.972375 -0.233426 0
    outer loop
      vertex 7.6394 -22.4994 2.4
      vertex 7.75662 -22.0111 3.8147e-07
      vertex 7.75662 -22.0111 2.4
    endloop
  endfacet
  facet normal 0.972375 -0.233426 0
    outer loop
      vertex 7.75662 -22.0111 3.8147e-07
      vertex 7.6394 -22.4994 2.4
      vertex 7.6394 -22.4994 3.8147e-07
    endloop
  endfacet
  facet normal 0.649547 -0.760321 0
    outer loop
      vertex 8.53726 -20.7373 3.8147e-07
      vertex 8.91909 -20.4111 2.4
      vertex 8.53726 -20.7373 2.4
    endloop
  endfacet
  facet normal 0.649547 -0.760321 0
    outer loop
      vertex 8.91909 -20.4111 2.4
      vertex 8.53726 -20.7373 3.8147e-07
      vertex 8.91909 -20.4111 3.8147e-07
    endloop
  endfacet
  facet normal -0.972384 0.233388 0
    outer loop
      vertex 13.8434 -23.9889 3.8147e-07
      vertex 13.9606 -23.5006 2.4
      vertex 13.9606 -23.5006 3.8147e-07
    endloop
  endfacet
  facet normal -0.972384 0.233388 0
    outer loop
      vertex 13.9606 -23.5006 2.4
      vertex 13.8434 -23.9889 3.8147e-07
      vertex 13.8434 -23.9889 2.4
    endloop
  endfacet
  facet normal -0.923847 0.382762 0
    outer loop
      vertex 13.6512 -24.4528 3.8147e-07
      vertex 13.8434 -23.9889 2.4
      vertex 13.8434 -23.9889 3.8147e-07
    endloop
  endfacet
  facet normal -0.923847 0.382762 0
    outer loop
      vertex 13.8434 -23.9889 2.4
      vertex 13.6512 -24.4528 3.8147e-07
      vertex 13.6512 -24.4528 2.4
    endloop
  endfacet
  facet normal 0.0784629 0.996917 -0
    outer loop
      vertex 10.8 -26.2 3.8147e-07
      vertex 10.2994 -26.1606 2.4
      vertex 10.8 -26.2 2.4
    endloop
  endfacet
  facet normal 0.0784629 0.996917 0
    outer loop
      vertex 10.2994 -26.1606 2.4
      vertex 10.8 -26.2 3.8147e-07
      vertex 10.2994 -26.1606 3.8147e-07
    endloop
  endfacet
  facet normal -0.233388 0.972384 0
    outer loop
      vertex 11.7889 -26.0434 3.8147e-07
      vertex 11.3006 -26.1606 2.4
      vertex 11.7889 -26.0434 2.4
    endloop
  endfacet
  facet normal -0.233388 0.972384 0
    outer loop
      vertex 11.3006 -26.1606 2.4
      vertex 11.7889 -26.0434 3.8147e-07
      vertex 11.3006 -26.1606 3.8147e-07
    endloop
  endfacet
  facet normal 0.996917 -0.0784629 0
    outer loop
      vertex 7.6 -23 2.4
      vertex 7.6394 -22.4994 3.8147e-07
      vertex 7.6394 -22.4994 2.4
    endloop
  endfacet
  facet normal 0.996917 -0.0784629 0
    outer loop
      vertex 7.6394 -22.4994 3.8147e-07
      vertex 7.6 -23 2.4
      vertex 7.6 -23 3.8147e-07
    endloop
  endfacet
  facet normal 0.972375 0.233426 0
    outer loop
      vertex 7.75662 -23.9889 2.4
      vertex 7.6394 -23.5006 3.8147e-07
      vertex 7.6394 -23.5006 2.4
    endloop
  endfacet
  facet normal 0.972375 0.233426 0
    outer loop
      vertex 7.6394 -23.5006 3.8147e-07
      vertex 7.75662 -23.9889 2.4
      vertex 7.75662 -23.9889 3.8147e-07
    endloop
  endfacet
  facet normal 0.382755 0.92385 -0
    outer loop
      vertex 9.81114 -26.0434 3.8147e-07
      vertex 9.34723 -25.8512 2.4
      vertex 9.81114 -26.0434 2.4
    endloop
  endfacet
  facet normal 0.382755 0.92385 0
    outer loop
      vertex 9.34723 -25.8512 2.4
      vertex 9.81114 -26.0434 3.8147e-07
      vertex 9.34723 -25.8512 3.8147e-07
    endloop
  endfacet
  facet normal -0.852676 -0.522441 0
    outer loop
      vertex 13.6512 -21.5472 3.8147e-07
      vertex 13.3889 -21.1191 2.4
      vertex 13.3889 -21.1191 3.8147e-07
    endloop
  endfacet
  facet normal -0.852676 -0.522441 0
    outer loop
      vertex 13.3889 -21.1191 2.4
      vertex 13.6512 -21.5472 3.8147e-07
      vertex 13.6512 -21.5472 2.4
    endloop
  endfacet
  facet normal -0.923847 -0.382762 0
    outer loop
      vertex 13.8434 -22.0111 3.8147e-07
      vertex 13.6512 -21.5472 2.4
      vertex 13.6512 -21.5472 3.8147e-07
    endloop
  endfacet
  facet normal -0.923847 -0.382762 0
    outer loop
      vertex 13.6512 -21.5472 2.4
      vertex 13.8434 -22.0111 3.8147e-07
      vertex 13.8434 -22.0111 2.4
    endloop
  endfacet
  facet normal -0.522441 -0.852676 0
    outer loop
      vertex 12.2528 -20.1488 3.8147e-07
      vertex 12.6809 -20.4111 2.4
      vertex 12.2528 -20.1488 2.4
    endloop
  endfacet
  facet normal -0.522441 -0.852676 -0
    outer loop
      vertex 12.6809 -20.4111 2.4
      vertex 12.2528 -20.1488 3.8147e-07
      vertex 12.6809 -20.4111 3.8147e-07
    endloop
  endfacet
  facet normal -0.0784629 -0.996917 0
    outer loop
      vertex 10.8 -19.8 3.8147e-07
      vertex 11.3006 -19.8394 2.4
      vertex 10.8 -19.8 2.4
    endloop
  endfacet
  facet normal -0.0784629 -0.996917 -0
    outer loop
      vertex 11.3006 -19.8394 2.4
      vertex 10.8 -19.8 3.8147e-07
      vertex 11.3006 -19.8394 3.8147e-07
    endloop
  endfacet
  facet normal 0.382755 -0.92385 0
    outer loop
      vertex 9.34723 -20.1488 3.8147e-07
      vertex 9.81114 -19.9566 2.4
      vertex 9.34723 -20.1488 2.4
    endloop
  endfacet
  facet normal 0.382755 -0.92385 0
    outer loop
      vertex 9.81114 -19.9566 2.4
      vertex 9.34723 -20.1488 3.8147e-07
      vertex 9.81114 -19.9566 3.8147e-07
    endloop
  endfacet
  facet normal 0.923875 -0.382694 0
    outer loop
      vertex 7.75662 -22.0111 2.4
      vertex 7.94878 -21.5472 3.8147e-07
      vertex 7.94878 -21.5472 2.4
    endloop
  endfacet
  facet normal 0.923875 -0.382694 0
    outer loop
      vertex 7.94878 -21.5472 3.8147e-07
      vertex 7.75662 -22.0111 2.4
      vertex 7.75662 -22.0111 3.8147e-07
    endloop
  endfacet
  facet normal -0.0784629 0.996917 0
    outer loop
      vertex 11.3006 -26.1606 3.8147e-07
      vertex 10.8 -26.2 2.4
      vertex 11.3006 -26.1606 2.4
    endloop
  endfacet
  facet normal -0.0784629 0.996917 0
    outer loop
      vertex 10.8 -26.2 2.4
      vertex 11.3006 -26.1606 3.8147e-07
      vertex 10.8 -26.2 3.8147e-07
    endloop
  endfacet
  facet normal 0.996917 0.0784629 0
    outer loop
      vertex 7.6394 -23.5006 2.4
      vertex 7.6 -23 3.8147e-07
      vertex 7.6 -23 2.4
    endloop
  endfacet
  facet normal 0.996917 0.0784629 0
    outer loop
      vertex 7.6 -23 3.8147e-07
      vertex 7.6394 -23.5006 2.4
      vertex 7.6394 -23.5006 3.8147e-07
    endloop
  endfacet
  facet normal -0.649577 -0.760296 0
    outer loop
      vertex 12.6809 -20.4111 3.8147e-07
      vertex 13.0627 -20.7373 2.4
      vertex 12.6809 -20.4111 2.4
    endloop
  endfacet
  facet normal -0.649577 -0.760296 -0
    outer loop
      vertex 13.0627 -20.7373 2.4
      vertex 12.6809 -20.4111 3.8147e-07
      vertex 13.0627 -20.7373 3.8147e-07
    endloop
  endfacet
  facet normal 0.852614 -0.522542 0
    outer loop
      vertex 7.94878 -21.5472 2.4
      vertex 8.21115 -21.1191 3.8147e-07
      vertex 8.21115 -21.1191 2.4
    endloop
  endfacet
  facet normal 0.852614 -0.522542 0
    outer loop
      vertex 8.21115 -21.1191 3.8147e-07
      vertex 7.94878 -21.5472 2.4
      vertex 7.94878 -21.5472 3.8147e-07
    endloop
  endfacet
  facet normal 0.99881 0.0487757 0
    outer loop
      vertex 27.6567 -19.7372 2.4
      vertex 27.65 -19.6 3.8147e-07
      vertex 27.65 -19.6 2.4
    endloop
  endfacet
  facet normal 0.99881 0.0487757 0
    outer loop
      vertex 27.65 -19.6 3.8147e-07
      vertex 27.6567 -19.7372 2.4
      vertex 27.6567 -19.7372 3.8147e-07
    endloop
  endfacet
  facet normal 0 1 -0
    outer loop
      vertex 48.75 -21 3.8147e-07
      vertex 29.05 -21 2.4
      vertex 48.75 -21 2.4
    endloop
  endfacet
  facet normal 0 1 0
    outer loop
      vertex 29.05 -21 2.4
      vertex 48.75 -21 3.8147e-07
      vertex 29.05 -21 3.8147e-07
    endloop
  endfacet
  facet normal -0.0487757 0.99881 0
    outer loop
      vertex 48.8872 -20.9933 3.8147e-07
      vertex 48.75 -21 2.4
      vertex 48.8872 -20.9933 2.4
    endloop
  endfacet
  facet normal -0.0487757 0.99881 0
    outer loop
      vertex 48.75 -21 2.4
      vertex 48.8872 -20.9933 3.8147e-07
      vertex 48.75 -21 3.8147e-07
    endloop
  endfacet
  facet normal -0.427542 -0.903996 0
    outer loop
      vertex 49.2858 -9.10657 3.8147e-07
      vertex 49.41 -9.16531 2.4
      vertex 49.2858 -9.10657 2.4
    endloop
  endfacet
  facet normal -0.427542 -0.903996 -0
    outer loop
      vertex 49.41 -9.16531 2.4
      vertex 49.2858 -9.10657 3.8147e-07
      vertex 49.41 -9.16531 3.8147e-07
    endloop
  endfacet
  facet normal -1 0 0
    outer loop
      vertex 50.15 -19.6 3.8147e-07
      vertex 50.15 -10.4 2.4
      vertex 50.15 -10.4 3.8147e-07
    endloop
  endfacet
  facet normal -1 -0 0
    outer loop
      vertex 50.15 -10.4 2.4
      vertex 50.15 -19.6 3.8147e-07
      vertex 50.15 -19.6 2.4
    endloop
  endfacet
  facet normal -0.59615 0.802873 0
    outer loop
      vertex 49.6381 -20.6822 3.8147e-07
      vertex 49.5278 -20.7641 2.4
      vertex 49.6381 -20.6822 2.4
    endloop
  endfacet
  facet normal -0.59615 0.802873 0
    outer loop
      vertex 49.5278 -20.7641 2.4
      vertex 49.6381 -20.6822 3.8147e-07
      vertex 49.5278 -20.7641 3.8147e-07
    endloop
  endfacet
  facet normal 0.941544 0.336889 0
    outer loop
      vertex 27.7566 -20.1358 2.4
      vertex 27.7103 -20.0064 3.8147e-07
      vertex 27.7103 -20.0064 2.4
    endloop
  endfacet
  facet normal 0.941544 0.336889 0
    outer loop
      vertex 27.7103 -20.0064 3.8147e-07
      vertex 27.7566 -20.1358 2.4
      vertex 27.7566 -20.1358 3.8147e-07
    endloop
  endfacet
  facet normal 0.989133 0.147023 0
    outer loop
      vertex 27.6769 -19.8731 2.4
      vertex 27.6567 -19.7372 3.8147e-07
      vertex 27.6567 -19.7372 2.4
    endloop
  endfacet
  facet normal 0.989133 0.147023 0
    outer loop
      vertex 27.6567 -19.7372 3.8147e-07
      vertex 27.6769 -19.8731 2.4
      vertex 27.6769 -19.8731 3.8147e-07
    endloop
  endfacet
  facet normal 0.0490662 -0.998796 0
    outer loop
      vertex 28.9128 -9.00674 3.8147e-07
      vertex 29.05 -9 2.4
      vertex 28.9128 -9.00674 2.4
    endloop
  endfacet
  facet normal 0.0490662 -0.998796 0
    outer loop
      vertex 29.05 -9 2.4
      vertex 28.9128 -9.00674 3.8147e-07
      vertex 29.05 -9 3.8147e-07
    endloop
  endfacet
  facet normal -0.514067 0.85775 0
    outer loop
      vertex 49.5278 -20.7641 3.8147e-07
      vertex 49.41 -20.8347 2.4
      vertex 49.5278 -20.7641 2.4
    endloop
  endfacet
  facet normal -0.514067 0.85775 0
    outer loop
      vertex 49.41 -20.8347 2.4
      vertex 49.5278 -20.7641 3.8147e-07
      vertex 49.41 -20.8347 3.8147e-07
    endloop
  endfacet
  facet normal -0.857827 -0.513939 0
    outer loop
      vertex 49.9847 -9.74004 3.8147e-07
      vertex 49.9141 -9.6222 2.4
      vertex 49.9141 -9.6222 3.8147e-07
    endloop
  endfacet
  facet normal -0.857827 -0.513939 0
    outer loop
      vertex 49.9141 -9.6222 2.4
      vertex 49.9847 -9.74004 3.8147e-07
      vertex 49.9847 -9.74004 2.4
    endloop
  endfacet
  facet normal -0.99881 -0.0487757 0
    outer loop
      vertex 50.15 -10.4 3.8147e-07
      vertex 50.1433 -10.2628 2.4
      vertex 50.1433 -10.2628 3.8147e-07
    endloop
  endfacet
  facet normal -0.99881 -0.0487757 0
    outer loop
      vertex 50.1433 -10.2628 2.4
      vertex 50.15 -10.4 3.8147e-07
      vertex 50.15 -10.4 2.4
    endloop
  endfacet
  facet normal 0 -1 0
    outer loop
      vertex 29.05 -9 3.8147e-07
      vertex 48.75 -9 2.4
      vertex 29.05 -9 2.4
    endloop
  endfacet
  facet normal 0 -1 -0
    outer loop
      vertex 48.75 -9 2.4
      vertex 29.05 -9 3.8147e-07
      vertex 48.75 -9 3.8147e-07
    endloop
  endfacet
  facet normal -0.147023 0.989133 0
    outer loop
      vertex 49.0231 -20.9731 3.8147e-07
      vertex 48.8872 -20.9933 2.4
      vertex 49.0231 -20.9731 2.4
    endloop
  endfacet
  facet normal -0.147023 0.989133 0
    outer loop
      vertex 48.8872 -20.9933 2.4
      vertex 49.0231 -20.9731 3.8147e-07
      vertex 48.8872 -20.9933 3.8147e-07
    endloop
  endfacet
  facet normal 0.595802 0.803132 -0
    outer loop
      vertex 28.2722 -20.7641 3.8147e-07
      vertex 28.1618 -20.6822 2.4
      vertex 28.2722 -20.7641 2.4
    endloop
  endfacet
  facet normal 0.595802 0.803132 0
    outer loop
      vertex 28.1618 -20.6822 2.4
      vertex 28.2722 -20.7641 3.8147e-07
      vertex 28.1618 -20.6822 3.8147e-07
    endloop
  endfacet
  facet normal 0.243049 0.970014 -0
    outer loop
      vertex 28.7769 -20.9731 3.8147e-07
      vertex 28.6436 -20.9397 2.4
      vertex 28.7769 -20.9731 2.4
    endloop
  endfacet
  facet normal 0.243049 0.970014 0
    outer loop
      vertex 28.6436 -20.9397 2.4
      vertex 28.7769 -20.9731 3.8147e-07
      vertex 28.6436 -20.9397 3.8147e-07
    endloop
  endfacet
  facet normal 0.99881 -0.0487757 0
    outer loop
      vertex 27.65 -10.4 2.4
      vertex 27.6567 -10.2628 3.8147e-07
      vertex 27.6567 -10.2628 2.4
    endloop
  endfacet
  facet normal 0.99881 -0.0487757 0
    outer loop
      vertex 27.6567 -10.2628 3.8147e-07
      vertex 27.65 -10.4 2.4
      vertex 27.65 -10.4 3.8147e-07
    endloop
  endfacet
  facet normal 1 -0 0
    outer loop
      vertex 27.65 -19.6 2.4
      vertex 27.65 -10.4 3.8147e-07
      vertex 27.65 -10.4 2.4
    endloop
  endfacet
  facet normal 1 0 0
    outer loop
      vertex 27.65 -10.4 3.8147e-07
      vertex 27.65 -19.6 2.4
      vertex 27.65 -19.6 3.8147e-07
    endloop
  endfacet
  facet normal -0.671694 0.740829 0
    outer loop
      vertex 49.7399 -20.5899 3.8147e-07
      vertex 49.6381 -20.6822 2.4
      vertex 49.7399 -20.5899 2.4
    endloop
  endfacet
  facet normal -0.671694 0.740829 0
    outer loop
      vertex 49.6381 -20.6822 2.4
      vertex 49.7399 -20.5899 3.8147e-07
      vertex 49.6381 -20.6822 3.8147e-07
    endloop
  endfacet
  facet normal -0.99881 0.0487757 0
    outer loop
      vertex 50.1433 -19.7372 3.8147e-07
      vertex 50.15 -19.6 2.4
      vertex 50.15 -19.6 3.8147e-07
    endloop
  endfacet
  facet normal -0.99881 0.0487757 0
    outer loop
      vertex 50.15 -19.6 2.4
      vertex 50.1433 -19.7372 3.8147e-07
      vertex 50.1433 -19.7372 2.4
    endloop
  endfacet
  facet normal -0.970014 -0.243049 0
    outer loop
      vertex 50.1231 -10.1269 3.8147e-07
      vertex 50.0897 -9.9936 2.4
      vertex 50.0897 -9.9936 3.8147e-07
    endloop
  endfacet
  facet normal -0.970014 -0.243049 0
    outer loop
      vertex 50.0897 -9.9936 2.4
      vertex 50.1231 -10.1269 3.8147e-07
      vertex 50.1231 -10.1269 2.4
    endloop
  endfacet
  facet normal -0.904108 -0.427304 0
    outer loop
      vertex 50.0434 -9.86424 3.8147e-07
      vertex 49.9847 -9.74004 2.4
      vertex 49.9847 -9.74004 3.8147e-07
    endloop
  endfacet
  facet normal -0.904108 -0.427304 0
    outer loop
      vertex 49.9847 -9.74004 2.4
      vertex 50.0434 -9.86424 3.8147e-07
      vertex 50.0434 -9.86424 2.4
    endloop
  endfacet
  facet normal -0.671534 -0.740973 0
    outer loop
      vertex 49.6381 -9.31779 3.8147e-07
      vertex 49.7399 -9.41005 2.4
      vertex 49.6381 -9.31779 2.4
    endloop
  endfacet
  facet normal -0.671534 -0.740973 -0
    outer loop
      vertex 49.7399 -9.41005 2.4
      vertex 49.6381 -9.31779 3.8147e-07
      vertex 49.7399 -9.41005 3.8147e-07
    endloop
  endfacet
  facet normal -0.514228 -0.857653 0
    outer loop
      vertex 49.41 -9.16531 3.8147e-07
      vertex 49.5278 -9.23594 2.4
      vertex 49.41 -9.16531 2.4
    endloop
  endfacet
  facet normal -0.514228 -0.857653 -0
    outer loop
      vertex 49.5278 -9.23594 2.4
      vertex 49.41 -9.16531 3.8147e-07
      vertex 49.5278 -9.23594 3.8147e-07
    endloop
  endfacet
  facet normal -0.0490662 -0.998796 0
    outer loop
      vertex 48.75 -9 3.8147e-07
      vertex 48.8872 -9.00674 2.4
      vertex 48.75 -9 2.4
    endloop
  endfacet
  facet normal -0.0490662 -0.998796 -0
    outer loop
      vertex 48.8872 -9.00674 2.4
      vertex 48.75 -9 3.8147e-07
      vertex 48.8872 -9.00674 3.8147e-07
    endloop
  endfacet
  facet normal -0.336889 0.941544 0
    outer loop
      vertex 49.2858 -20.8934 3.8147e-07
      vertex 49.1564 -20.9397 2.4
      vertex 49.2858 -20.8934 2.4
    endloop
  endfacet
  facet normal -0.336889 0.941544 0
    outer loop
      vertex 49.1564 -20.9397 2.4
      vertex 49.2858 -20.8934 3.8147e-07
      vertex 49.1564 -20.9397 3.8147e-07
    endloop
  endfacet
  facet normal -0.243049 0.970014 0
    outer loop
      vertex 49.1564 -20.9397 3.8147e-07
      vertex 49.0231 -20.9731 2.4
      vertex 49.1564 -20.9397 2.4
    endloop
  endfacet
  facet normal -0.243049 0.970014 0
    outer loop
      vertex 49.0231 -20.9731 2.4
      vertex 49.1564 -20.9397 3.8147e-07
      vertex 49.0231 -20.9731 3.8147e-07
    endloop
  endfacet
  facet normal 0.989133 -0.147023 0
    outer loop
      vertex 27.6567 -10.2628 2.4
      vertex 27.6769 -10.1269 3.8147e-07
      vertex 27.6769 -10.1269 2.4
    endloop
  endfacet
  facet normal 0.989133 -0.147023 0
    outer loop
      vertex 27.6769 -10.1269 3.8147e-07
      vertex 27.6567 -10.2628 2.4
      vertex 27.6567 -10.2628 3.8147e-07
    endloop
  endfacet
  facet normal 0.970014 -0.243049 0
    outer loop
      vertex 27.6769 -10.1269 2.4
      vertex 27.7103 -9.9936 3.8147e-07
      vertex 27.7103 -9.9936 2.4
    endloop
  endfacet
  facet normal 0.970014 -0.243049 0
    outer loop
      vertex 27.7103 -9.9936 3.8147e-07
      vertex 27.6769 -10.1269 2.4
      vertex 27.6769 -10.1269 3.8147e-07
    endloop
  endfacet
  facet normal 0.514067 0.85775 -0
    outer loop
      vertex 28.39 -20.8347 3.8147e-07
      vertex 28.2722 -20.7641 2.4
      vertex 28.39 -20.8347 2.4
    endloop
  endfacet
  facet normal 0.514067 0.85775 0
    outer loop
      vertex 28.2722 -20.7641 2.4
      vertex 28.39 -20.8347 3.8147e-07
      vertex 28.2722 -20.7641 3.8147e-07
    endloop
  endfacet
  facet normal 0.85775 0.514067 0
    outer loop
      vertex 27.8859 -20.3778 2.4
      vertex 27.8153 -20.26 3.8147e-07
      vertex 27.8153 -20.26 2.4
    endloop
  endfacet
  facet normal 0.85775 0.514067 0
    outer loop
      vertex 27.8153 -20.26 3.8147e-07
      vertex 27.8859 -20.3778 2.4
      vertex 27.8859 -20.3778 3.8147e-07
    endloop
  endfacet
  facet normal 0.7405 0.672056 0
    outer loop
      vertex 28.0601 -20.5899 2.4
      vertex 27.9678 -20.4882 3.8147e-07
      vertex 27.9678 -20.4882 2.4
    endloop
  endfacet
  facet normal 0.7405 0.672056 0
    outer loop
      vertex 27.9678 -20.4882 3.8147e-07
      vertex 28.0601 -20.5899 2.4
      vertex 28.0601 -20.5899 3.8147e-07
    endloop
  endfacet
  facet normal 0.970014 0.243049 0
    outer loop
      vertex 27.7103 -20.0064 2.4
      vertex 27.6769 -19.8731 3.8147e-07
      vertex 27.6769 -19.8731 2.4
    endloop
  endfacet
  facet normal 0.970014 0.243049 0
    outer loop
      vertex 27.6769 -19.8731 3.8147e-07
      vertex 27.7103 -20.0064 2.4
      vertex 27.7103 -20.0064 3.8147e-07
    endloop
  endfacet
  facet normal 0.904108 0.427304 0
    outer loop
      vertex 27.8153 -20.26 2.4
      vertex 27.7566 -20.1358 3.8147e-07
      vertex 27.7566 -20.1358 2.4
    endloop
  endfacet
  facet normal 0.904108 0.427304 0
    outer loop
      vertex 27.7566 -20.1358 3.8147e-07
      vertex 27.8153 -20.26 2.4
      vertex 27.8153 -20.26 3.8147e-07
    endloop
  endfacet
  facet normal -0.904108 0.427304 0
    outer loop
      vertex 49.9847 -20.26 3.8147e-07
      vertex 50.0434 -20.1358 2.4
      vertex 50.0434 -20.1358 3.8147e-07
    endloop
  endfacet
  facet normal -0.904108 0.427304 0
    outer loop
      vertex 50.0434 -20.1358 2.4
      vertex 49.9847 -20.26 3.8147e-07
      vertex 49.9847 -20.26 2.4
    endloop
  endfacet
  facet normal -0.803003 -0.595976 0
    outer loop
      vertex 49.9141 -9.6222 3.8147e-07
      vertex 49.8322 -9.51185 2.4
      vertex 49.8322 -9.51185 3.8147e-07
    endloop
  endfacet
  facet normal -0.803003 -0.595976 0
    outer loop
      vertex 49.8322 -9.51185 2.4
      vertex 49.9141 -9.6222 3.8147e-07
      vertex 49.9141 -9.6222 2.4
    endloop
  endfacet
  facet normal -0.595915 -0.803047 0
    outer loop
      vertex 49.5278 -9.23594 3.8147e-07
      vertex 49.6381 -9.31779 2.4
      vertex 49.5278 -9.23594 2.4
    endloop
  endfacet
  facet normal -0.595915 -0.803047 -0
    outer loop
      vertex 49.6381 -9.31779 2.4
      vertex 49.5278 -9.23594 3.8147e-07
      vertex 49.6381 -9.31779 3.8147e-07
    endloop
  endfacet
  facet normal -0.427304 0.904108 0
    outer loop
      vertex 49.41 -20.8347 3.8147e-07
      vertex 49.2858 -20.8934 2.4
      vertex 49.41 -20.8347 2.4
    endloop
  endfacet
  facet normal -0.427304 0.904108 0
    outer loop
      vertex 49.2858 -20.8934 2.4
      vertex 49.41 -20.8347 3.8147e-07
      vertex 49.2858 -20.8934 3.8147e-07
    endloop
  endfacet
  facet normal 0.514228 -0.857653 0
    outer loop
      vertex 28.2722 -9.23594 3.8147e-07
      vertex 28.39 -9.16531 2.4
      vertex 28.2722 -9.23594 2.4
    endloop
  endfacet
  facet normal 0.514228 -0.857653 0
    outer loop
      vertex 28.39 -9.16531 2.4
      vertex 28.2722 -9.23594 3.8147e-07
      vertex 28.39 -9.16531 3.8147e-07
    endloop
  endfacet
  facet normal 0.242912 -0.970048 0
    outer loop
      vertex 28.6436 -9.06028 3.8147e-07
      vertex 28.7769 -9.0269 2.4
      vertex 28.6436 -9.06028 2.4
    endloop
  endfacet
  facet normal 0.242912 -0.970048 0
    outer loop
      vertex 28.7769 -9.0269 2.4
      vertex 28.6436 -9.06028 3.8147e-07
      vertex 28.7769 -9.0269 3.8147e-07
    endloop
  endfacet
  facet normal 0.803132 0.595802 0
    outer loop
      vertex 27.9678 -20.4882 2.4
      vertex 27.8859 -20.3778 3.8147e-07
      vertex 27.8859 -20.3778 2.4
    endloop
  endfacet
  facet normal 0.803132 0.595802 0
    outer loop
      vertex 27.8859 -20.3778 3.8147e-07
      vertex 27.9678 -20.4882 2.4
      vertex 27.9678 -20.4882 3.8147e-07
    endloop
  endfacet
  facet normal -0.7405 0.672056 0
    outer loop
      vertex 49.7399 -20.5899 3.8147e-07
      vertex 49.8322 -20.4882 2.4
      vertex 49.8322 -20.4882 3.8147e-07
    endloop
  endfacet
  facet normal -0.7405 0.672056 0
    outer loop
      vertex 49.8322 -20.4882 2.4
      vertex 49.7399 -20.5899 3.8147e-07
      vertex 49.7399 -20.5899 2.4
    endloop
  endfacet
  facet normal -0.803132 0.595802 0
    outer loop
      vertex 49.8322 -20.4882 3.8147e-07
      vertex 49.9141 -20.3778 2.4
      vertex 49.9141 -20.3778 3.8147e-07
    endloop
  endfacet
  facet normal -0.803132 0.595802 0
    outer loop
      vertex 49.9141 -20.3778 2.4
      vertex 49.8322 -20.4882 3.8147e-07
      vertex 49.8322 -20.4882 2.4
    endloop
  endfacet
  facet normal -0.85775 0.514067 0
    outer loop
      vertex 49.9141 -20.3778 3.8147e-07
      vertex 49.9847 -20.26 2.4
      vertex 49.9847 -20.26 3.8147e-07
    endloop
  endfacet
  facet normal -0.85775 0.514067 0
    outer loop
      vertex 49.9847 -20.26 2.4
      vertex 49.9141 -20.3778 3.8147e-07
      vertex 49.9141 -20.3778 2.4
    endloop
  endfacet
  facet normal -0.970014 0.243049 0
    outer loop
      vertex 50.0897 -20.0064 3.8147e-07
      vertex 50.1231 -19.8731 2.4
      vertex 50.1231 -19.8731 3.8147e-07
    endloop
  endfacet
  facet normal -0.970014 0.243049 0
    outer loop
      vertex 50.1231 -19.8731 2.4
      vertex 50.0897 -20.0064 3.8147e-07
      vertex 50.0897 -20.0064 2.4
    endloop
  endfacet
  facet normal -0.989133 0.147023 0
    outer loop
      vertex 50.1231 -19.8731 3.8147e-07
      vertex 50.1433 -19.7372 2.4
      vertex 50.1433 -19.7372 3.8147e-07
    endloop
  endfacet
  facet normal -0.989133 0.147023 0
    outer loop
      vertex 50.1433 -19.7372 2.4
      vertex 50.1231 -19.8731 3.8147e-07
      vertex 50.1231 -19.8731 2.4
    endloop
  endfacet
  facet normal -0.941544 0.336889 0
    outer loop
      vertex 50.0434 -20.1358 3.8147e-07
      vertex 50.0897 -20.0064 2.4
      vertex 50.0897 -20.0064 3.8147e-07
    endloop
  endfacet
  facet normal -0.941544 0.336889 0
    outer loop
      vertex 50.0897 -20.0064 2.4
      vertex 50.0434 -20.1358 3.8147e-07
      vertex 50.0434 -20.1358 2.4
    endloop
  endfacet
  facet normal -0.989133 -0.147023 0
    outer loop
      vertex 50.1433 -10.2628 3.8147e-07
      vertex 50.1231 -10.1269 2.4
      vertex 50.1231 -10.1269 3.8147e-07
    endloop
  endfacet
  facet normal -0.989133 -0.147023 0
    outer loop
      vertex 50.1231 -10.1269 2.4
      vertex 50.1433 -10.2628 3.8147e-07
      vertex 50.1433 -10.2628 2.4
    endloop
  endfacet
  facet normal -0.941511 -0.336982 0
    outer loop
      vertex 50.0897 -9.9936 3.8147e-07
      vertex 50.0434 -9.86424 2.4
      vertex 50.0434 -9.86424 3.8147e-07
    endloop
  endfacet
  facet normal -0.941511 -0.336982 0
    outer loop
      vertex 50.0434 -9.86424 2.4
      vertex 50.0897 -9.9936 3.8147e-07
      vertex 50.0897 -9.9936 2.4
    endloop
  endfacet
  facet normal -0.740829 -0.671694 0
    outer loop
      vertex 49.8322 -9.51185 3.8147e-07
      vertex 49.7399 -9.41005 2.4
      vertex 49.7399 -9.41005 3.8147e-07
    endloop
  endfacet
  facet normal -0.740829 -0.671694 0
    outer loop
      vertex 49.7399 -9.41005 2.4
      vertex 49.8322 -9.51185 3.8147e-07
      vertex 49.8322 -9.51185 2.4
    endloop
  endfacet
  facet normal -0.336825 -0.941567 0
    outer loop
      vertex 49.1564 -9.06028 3.8147e-07
      vertex 49.2858 -9.10657 2.4
      vertex 49.1564 -9.06028 2.4
    endloop
  endfacet
  facet normal -0.336825 -0.941567 -0
    outer loop
      vertex 49.2858 -9.10657 2.4
      vertex 49.1564 -9.06028 3.8147e-07
      vertex 49.2858 -9.10657 3.8147e-07
    endloop
  endfacet
  facet normal -0.146739 -0.989175 0
    outer loop
      vertex 48.8872 -9.00674 3.8147e-07
      vertex 49.0231 -9.0269 2.4
      vertex 48.8872 -9.00674 2.4
    endloop
  endfacet
  facet normal -0.146739 -0.989175 -0
    outer loop
      vertex 49.0231 -9.0269 2.4
      vertex 48.8872 -9.00674 3.8147e-07
      vertex 49.0231 -9.0269 3.8147e-07
    endloop
  endfacet
  facet normal -0.242912 -0.970048 0
    outer loop
      vertex 49.0231 -9.0269 3.8147e-07
      vertex 49.1564 -9.06028 2.4
      vertex 49.0231 -9.0269 2.4
    endloop
  endfacet
  facet normal -0.242912 -0.970048 -0
    outer loop
      vertex 49.1564 -9.06028 2.4
      vertex 49.0231 -9.0269 3.8147e-07
      vertex 49.1564 -9.06028 3.8147e-07
    endloop
  endfacet
  facet normal 0.671897 -0.740645 0
    outer loop
      vertex 28.0601 -9.41005 3.8147e-07
      vertex 28.1618 -9.31779 2.4
      vertex 28.0601 -9.41005 2.4
    endloop
  endfacet
  facet normal 0.671897 -0.740645 0
    outer loop
      vertex 28.1618 -9.31779 2.4
      vertex 28.0601 -9.41005 3.8147e-07
      vertex 28.1618 -9.31779 3.8147e-07
    endloop
  endfacet
  facet normal 0.904108 -0.427304 0
    outer loop
      vertex 27.7566 -9.86424 2.4
      vertex 27.8153 -9.74004 3.8147e-07
      vertex 27.8153 -9.74004 2.4
    endloop
  endfacet
  facet normal 0.904108 -0.427304 0
    outer loop
      vertex 27.8153 -9.74004 3.8147e-07
      vertex 27.7566 -9.86424 2.4
      vertex 27.7566 -9.86424 3.8147e-07
    endloop
  endfacet
  facet normal 0.941511 -0.336982 0
    outer loop
      vertex 27.7103 -9.9936 2.4
      vertex 27.7566 -9.86424 3.8147e-07
      vertex 27.7566 -9.86424 2.4
    endloop
  endfacet
  facet normal 0.941511 -0.336982 0
    outer loop
      vertex 27.7566 -9.86424 3.8147e-07
      vertex 27.7103 -9.9936 2.4
      vertex 27.7103 -9.9936 3.8147e-07
    endloop
  endfacet
  facet normal 0.857827 -0.513939 0
    outer loop
      vertex 27.8153 -9.74004 2.4
      vertex 27.8859 -9.6222 3.8147e-07
      vertex 27.8859 -9.6222 2.4
    endloop
  endfacet
  facet normal 0.857827 -0.513939 0
    outer loop
      vertex 27.8859 -9.6222 3.8147e-07
      vertex 27.8153 -9.74004 2.4
      vertex 27.8153 -9.74004 3.8147e-07
    endloop
  endfacet
  facet normal 0.803003 -0.595976 0
    outer loop
      vertex 27.8859 -9.6222 2.4
      vertex 27.9678 -9.51185 3.8147e-07
      vertex 27.9678 -9.51185 2.4
    endloop
  endfacet
  facet normal 0.803003 -0.595976 0
    outer loop
      vertex 27.9678 -9.51185 3.8147e-07
      vertex 27.8859 -9.6222 2.4
      vertex 27.8859 -9.6222 3.8147e-07
    endloop
  endfacet
  facet normal 0.595567 -0.803306 0
    outer loop
      vertex 28.1618 -9.31779 3.8147e-07
      vertex 28.2722 -9.23594 2.4
      vertex 28.1618 -9.31779 2.4
    endloop
  endfacet
  facet normal 0.595567 -0.803306 0
    outer loop
      vertex 28.2722 -9.23594 2.4
      vertex 28.1618 -9.31779 3.8147e-07
      vertex 28.2722 -9.23594 3.8147e-07
    endloop
  endfacet
  facet normal 0.147023 0.989133 -0
    outer loop
      vertex 28.9128 -20.9933 3.8147e-07
      vertex 28.7769 -20.9731 2.4
      vertex 28.9128 -20.9933 2.4
    endloop
  endfacet
  facet normal 0.147023 0.989133 0
    outer loop
      vertex 28.7769 -20.9731 2.4
      vertex 28.9128 -20.9933 3.8147e-07
      vertex 28.7769 -20.9731 3.8147e-07
    endloop
  endfacet
  facet normal 0.427304 0.904108 -0
    outer loop
      vertex 28.5142 -20.8934 3.8147e-07
      vertex 28.39 -20.8347 2.4
      vertex 28.5142 -20.8934 2.4
    endloop
  endfacet
  facet normal 0.427304 0.904108 0
    outer loop
      vertex 28.39 -20.8347 2.4
      vertex 28.5142 -20.8934 3.8147e-07
      vertex 28.39 -20.8347 3.8147e-07
    endloop
  endfacet
  facet normal 0.336889 0.941544 -0
    outer loop
      vertex 28.6436 -20.9397 3.8147e-07
      vertex 28.5142 -20.8934 2.4
      vertex 28.6436 -20.9397 2.4
    endloop
  endfacet
  facet normal 0.336889 0.941544 0
    outer loop
      vertex 28.5142 -20.8934 2.4
      vertex 28.6436 -20.9397 3.8147e-07
      vertex 28.5142 -20.8934 3.8147e-07
    endloop
  endfacet
  facet normal 0.672056 0.7405 -0
    outer loop
      vertex 28.1618 -20.6822 3.8147e-07
      vertex 28.0601 -20.5899 2.4
      vertex 28.1618 -20.6822 2.4
    endloop
  endfacet
  facet normal 0.672056 0.7405 0
    outer loop
      vertex 28.0601 -20.5899 2.4
      vertex 28.1618 -20.6822 3.8147e-07
      vertex 28.0601 -20.5899 3.8147e-07
    endloop
  endfacet
  facet normal 0.146739 -0.989175 0
    outer loop
      vertex 28.7769 -9.0269 3.8147e-07
      vertex 28.9128 -9.00674 2.4
      vertex 28.7769 -9.0269 2.4
    endloop
  endfacet
  facet normal 0.146739 -0.989175 0
    outer loop
      vertex 28.9128 -9.00674 2.4
      vertex 28.7769 -9.0269 3.8147e-07
      vertex 28.9128 -9.00674 3.8147e-07
    endloop
  endfacet
  facet normal 0.336825 -0.941567 0
    outer loop
      vertex 28.5142 -9.10657 3.8147e-07
      vertex 28.6436 -9.06028 2.4
      vertex 28.5142 -9.10657 2.4
    endloop
  endfacet
  facet normal 0.336825 -0.941567 0
    outer loop
      vertex 28.6436 -9.06028 2.4
      vertex 28.5142 -9.10657 3.8147e-07
      vertex 28.6436 -9.06028 3.8147e-07
    endloop
  endfacet
  facet normal 0.0487757 0.99881 -0
    outer loop
      vertex 29.05 -21 3.8147e-07
      vertex 28.9128 -20.9933 2.4
      vertex 29.05 -21 2.4
    endloop
  endfacet
  facet normal 0.0487757 0.99881 0
    outer loop
      vertex 28.9128 -20.9933 2.4
      vertex 29.05 -21 3.8147e-07
      vertex 28.9128 -20.9933 3.8147e-07
    endloop
  endfacet
  facet normal 0.427542 -0.903996 0
    outer loop
      vertex 28.39 -9.16531 3.8147e-07
      vertex 28.5142 -9.10657 2.4
      vertex 28.39 -9.16531 2.4
    endloop
  endfacet
  facet normal 0.427542 -0.903996 0
    outer loop
      vertex 28.5142 -9.10657 2.4
      vertex 28.39 -9.16531 3.8147e-07
      vertex 28.5142 -9.10657 3.8147e-07
    endloop
  endfacet
  facet normal 0.740829 -0.671694 0
    outer loop
      vertex 27.9678 -9.51185 2.4
      vertex 28.0601 -9.41005 3.8147e-07
      vertex 28.0601 -9.41005 2.4
    endloop
  endfacet
  facet normal 0.740829 -0.671694 0
    outer loop
      vertex 28.0601 -9.41005 3.8147e-07
      vertex 27.9678 -9.51185 2.4
      vertex 27.9678 -9.51185 3.8147e-07
    endloop
  endfacet
  facet normal -0.991442 0.13055 0
    outer loop
      vertex 16.1037 -6.86176 3.8147e-07
      vertex 16.125 -6.7 0.4
      vertex 16.125 -6.7 3.8147e-07
    endloop
  endfacet
  facet normal -0.991442 0.13055 0
    outer loop
      vertex 16.125 -6.7 0.4
      vertex 16.1037 -6.86176 3.8147e-07
      vertex 16.1037 -6.86176 0.4
    endloop
  endfacet
  facet normal 0.130518 0.991446 -0
    outer loop
      vertex 15.5 -7.325 3.8147e-07
      vertex 15.3382 -7.3037 0.4
      vertex 15.5 -7.325 0.4
    endloop
  endfacet
  facet normal 0.130518 0.991446 0
    outer loop
      vertex 15.3382 -7.3037 0.4
      vertex 15.5 -7.325 3.8147e-07
      vertex 15.3382 -7.3037 3.8147e-07
    endloop
  endfacet
  facet normal -0.130518 -0.991446 0
    outer loop
      vertex 15.5 -6.075 3.8147e-07
      vertex 15.6618 -6.0963 0.4
      vertex 15.5 -6.075 0.4
    endloop
  endfacet
  facet normal -0.130518 -0.991446 -0
    outer loop
      vertex 15.6618 -6.0963 0.4
      vertex 15.5 -6.075 3.8147e-07
      vertex 15.6618 -6.0963 3.8147e-07
    endloop
  endfacet
  facet normal -0.382725 -0.923862 0
    outer loop
      vertex 15.6618 -6.0963 3.8147e-07
      vertex 15.8125 -6.15873 0.4
      vertex 15.6618 -6.0963 0.4
    endloop
  endfacet
  facet normal -0.382725 -0.923862 -0
    outer loop
      vertex 15.8125 -6.15873 0.4
      vertex 15.6618 -6.0963 3.8147e-07
      vertex 15.8125 -6.15873 3.8147e-07
    endloop
  endfacet
  facet normal -0.608908 0.793241 0
    outer loop
      vertex 15.9419 -7.14194 3.8147e-07
      vertex 15.8125 -7.24127 0.4
      vertex 15.9419 -7.14194 0.4
    endloop
  endfacet
  facet normal -0.608908 0.793241 0
    outer loop
      vertex 15.8125 -7.24127 0.4
      vertex 15.9419 -7.14194 3.8147e-07
      vertex 15.8125 -7.24127 3.8147e-07
    endloop
  endfacet
  facet normal -0.923963 0.382482 0
    outer loop
      vertex 16.0413 -7.0125 3.8147e-07
      vertex 16.1037 -6.86176 0.4
      vertex 16.1037 -6.86176 3.8147e-07
    endloop
  endfacet
  facet normal -0.923963 0.382482 0
    outer loop
      vertex 16.1037 -6.86176 0.4
      vertex 16.0413 -7.0125 3.8147e-07
      vertex 16.0413 -7.0125 0.4
    endloop
  endfacet
  facet normal 0.793125 0.609059 0
    outer loop
      vertex 15.0581 -7.14194 0.4
      vertex 14.9587 -7.0125 3.8147e-07
      vertex 14.9587 -7.0125 0.4
    endloop
  endfacet
  facet normal 0.793125 0.609059 0
    outer loop
      vertex 14.9587 -7.0125 3.8147e-07
      vertex 15.0581 -7.14194 0.4
      vertex 15.0581 -7.14194 3.8147e-07
    endloop
  endfacet
  facet normal 0.923963 0.382482 0
    outer loop
      vertex 14.9587 -7.0125 0.4
      vertex 14.8963 -6.86176 3.8147e-07
      vertex 14.8963 -6.86176 0.4
    endloop
  endfacet
  facet normal 0.923963 0.382482 0
    outer loop
      vertex 14.8963 -6.86176 3.8147e-07
      vertex 14.9587 -7.0125 0.4
      vertex 14.9587 -7.0125 3.8147e-07
    endloop
  endfacet
  facet normal 0.608908 0.793241 -0
    outer loop
      vertex 15.1875 -7.24127 3.8147e-07
      vertex 15.0581 -7.14194 0.4
      vertex 15.1875 -7.24127 0.4
    endloop
  endfacet
  facet normal 0.608908 0.793241 0
    outer loop
      vertex 15.0581 -7.14194 0.4
      vertex 15.1875 -7.24127 3.8147e-07
      vertex 15.0581 -7.14194 3.8147e-07
    endloop
  endfacet
  facet normal 0.608908 -0.793241 0
    outer loop
      vertex 15.0581 -6.25806 3.8147e-07
      vertex 15.1875 -6.15873 0.4
      vertex 15.0581 -6.25806 0.4
    endloop
  endfacet
  facet normal 0.608908 -0.793241 0
    outer loop
      vertex 15.1875 -6.15873 0.4
      vertex 15.0581 -6.25806 3.8147e-07
      vertex 15.1875 -6.15873 3.8147e-07
    endloop
  endfacet
  facet normal -0.923963 -0.382482 0
    outer loop
      vertex 16.1037 -6.53824 3.8147e-07
      vertex 16.0413 -6.3875 0.4
      vertex 16.0413 -6.3875 3.8147e-07
    endloop
  endfacet
  facet normal -0.923963 -0.382482 0
    outer loop
      vertex 16.0413 -6.3875 0.4
      vertex 16.1037 -6.53824 3.8147e-07
      vertex 16.1037 -6.53824 0.4
    endloop
  endfacet
  facet normal -0.793125 0.609059 0
    outer loop
      vertex 15.9419 -7.14194 3.8147e-07
      vertex 16.0413 -7.0125 0.4
      vertex 16.0413 -7.0125 3.8147e-07
    endloop
  endfacet
  facet normal -0.793125 0.609059 0
    outer loop
      vertex 16.0413 -7.0125 0.4
      vertex 15.9419 -7.14194 3.8147e-07
      vertex 15.9419 -7.14194 0.4
    endloop
  endfacet
  facet normal -0.130518 0.991446 0
    outer loop
      vertex 15.6618 -7.3037 3.8147e-07
      vertex 15.5 -7.325 0.4
      vertex 15.6618 -7.3037 0.4
    endloop
  endfacet
  facet normal -0.130518 0.991446 0
    outer loop
      vertex 15.5 -7.325 0.4
      vertex 15.6618 -7.3037 3.8147e-07
      vertex 15.5 -7.325 3.8147e-07
    endloop
  endfacet
  facet normal -0.382725 0.923862 0
    outer loop
      vertex 15.8125 -7.24127 3.8147e-07
      vertex 15.6618 -7.3037 0.4
      vertex 15.8125 -7.24127 0.4
    endloop
  endfacet
  facet normal -0.382725 0.923862 0
    outer loop
      vertex 15.6618 -7.3037 0.4
      vertex 15.8125 -7.24127 3.8147e-07
      vertex 15.6618 -7.3037 3.8147e-07
    endloop
  endfacet
  facet normal 0 0 -1
    outer loop
      vertex 16.1037 -6.86176 0.4
      vertex 16.1037 -6.53824 0.4
      vertex 16.125 -6.7 0.4
    endloop
  endfacet
  facet normal 0 0 -1
    outer loop
      vertex 16.0413 -7.0125 0.4
      vertex 16.1037 -6.53824 0.4
      vertex 16.1037 -6.86176 0.4
    endloop
  endfacet
  facet normal 0 0 -1
    outer loop
      vertex 16.0413 -7.0125 0.4
      vertex 16.0413 -6.3875 0.4
      vertex 16.1037 -6.53824 0.4
    endloop
  endfacet
  facet normal 0 0 -1
    outer loop
      vertex 15.9419 -7.14194 0.4
      vertex 16.0413 -6.3875 0.4
      vertex 16.0413 -7.0125 0.4
    endloop
  endfacet
  facet normal 0 0 -1
    outer loop
      vertex 15.9419 -7.14194 0.4
      vertex 15.9419 -6.25806 0.4
      vertex 16.0413 -6.3875 0.4
    endloop
  endfacet
  facet normal 0 0 -1
    outer loop
      vertex 15.8125 -7.24127 0.4
      vertex 15.9419 -6.25806 0.4
      vertex 15.9419 -7.14194 0.4
    endloop
  endfacet
  facet normal 0 0 -1
    outer loop
      vertex 15.8125 -7.24127 0.4
      vertex 15.8125 -6.15873 0.4
      vertex 15.9419 -6.25806 0.4
    endloop
  endfacet
  facet normal 0 0 -1
    outer loop
      vertex 15.6618 -7.3037 0.4
      vertex 15.8125 -6.15873 0.4
      vertex 15.8125 -7.24127 0.4
    endloop
  endfacet
  facet normal 0 0 -1
    outer loop
      vertex 15.6618 -7.3037 0.4
      vertex 15.6618 -6.0963 0.4
      vertex 15.8125 -6.15873 0.4
    endloop
  endfacet
  facet normal 0 0 -1
    outer loop
      vertex 15.5 -7.325 0.4
      vertex 15.6618 -6.0963 0.4
      vertex 15.6618 -7.3037 0.4
    endloop
  endfacet
  facet normal 0 0 -1
    outer loop
      vertex 15.5 -7.325 0.4
      vertex 15.5 -6.075 0.4
      vertex 15.6618 -6.0963 0.4
    endloop
  endfacet
  facet normal 0 0 -1
    outer loop
      vertex 15.3382 -7.3037 0.4
      vertex 15.5 -6.075 0.4
      vertex 15.5 -7.325 0.4
    endloop
  endfacet
  facet normal 0 0 -1
    outer loop
      vertex 15.3382 -7.3037 0.4
      vertex 15.3382 -6.0963 0.4
      vertex 15.5 -6.075 0.4
    endloop
  endfacet
  facet normal 0 0 -1
    outer loop
      vertex 15.1875 -7.24127 0.4
      vertex 15.3382 -6.0963 0.4
      vertex 15.3382 -7.3037 0.4
    endloop
  endfacet
  facet normal 0 0 -1
    outer loop
      vertex 15.1875 -7.24127 0.4
      vertex 15.1875 -6.15873 0.4
      vertex 15.3382 -6.0963 0.4
    endloop
  endfacet
  facet normal 0 0 -1
    outer loop
      vertex 15.0581 -7.14194 0.4
      vertex 15.1875 -6.15873 0.4
      vertex 15.1875 -7.24127 0.4
    endloop
  endfacet
  facet normal 0 0 -1
    outer loop
      vertex 15.0581 -7.14194 0.4
      vertex 15.0581 -6.25806 0.4
      vertex 15.1875 -6.15873 0.4
    endloop
  endfacet
  facet normal 0 0 -1
    outer loop
      vertex 14.9587 -7.0125 0.4
      vertex 15.0581 -6.25806 0.4
      vertex 15.0581 -7.14194 0.4
    endloop
  endfacet
  facet normal 0 0 -1
    outer loop
      vertex 14.9587 -7.0125 0.4
      vertex 14.9587 -6.3875 0.4
      vertex 15.0581 -6.25806 0.4
    endloop
  endfacet
  facet normal 0 0 -1
    outer loop
      vertex 14.8963 -6.86176 0.4
      vertex 14.9587 -6.3875 0.4
      vertex 14.9587 -7.0125 0.4
    endloop
  endfacet
  facet normal 0 0 -1
    outer loop
      vertex 14.8963 -6.86176 0.4
      vertex 14.8963 -6.53824 0.4
      vertex 14.9587 -6.3875 0.4
    endloop
  endfacet
  facet normal 0 -0 -1
    outer loop
      vertex 14.8963 -6.53824 0.4
      vertex 14.8963 -6.86176 0.4
      vertex 14.875 -6.7 0.4
    endloop
  endfacet
  facet normal 0.991442 0.13055 0
    outer loop
      vertex 14.8963 -6.86176 0.4
      vertex 14.875 -6.7 3.8147e-07
      vertex 14.875 -6.7 0.4
    endloop
  endfacet
  facet normal 0.991442 0.13055 0
    outer loop
      vertex 14.875 -6.7 3.8147e-07
      vertex 14.8963 -6.86176 0.4
      vertex 14.8963 -6.86176 3.8147e-07
    endloop
  endfacet
  facet normal 0.382725 0.923862 -0
    outer loop
      vertex 15.3382 -7.3037 3.8147e-07
      vertex 15.1875 -7.24127 0.4
      vertex 15.3382 -7.3037 0.4
    endloop
  endfacet
  facet normal 0.382725 0.923862 0
    outer loop
      vertex 15.1875 -7.24127 0.4
      vertex 15.3382 -7.3037 3.8147e-07
      vertex 15.1875 -7.24127 3.8147e-07
    endloop
  endfacet
  facet normal -0.991442 -0.13055 0
    outer loop
      vertex 16.125 -6.7 3.8147e-07
      vertex 16.1037 -6.53824 0.4
      vertex 16.1037 -6.53824 3.8147e-07
    endloop
  endfacet
  facet normal -0.991442 -0.13055 0
    outer loop
      vertex 16.1037 -6.53824 0.4
      vertex 16.125 -6.7 3.8147e-07
      vertex 16.125 -6.7 0.4
    endloop
  endfacet
  facet normal 0.991442 -0.13055 0
    outer loop
      vertex 14.875 -6.7 0.4
      vertex 14.8963 -6.53824 3.8147e-07
      vertex 14.8963 -6.53824 0.4
    endloop
  endfacet
  facet normal 0.991442 -0.13055 0
    outer loop
      vertex 14.8963 -6.53824 3.8147e-07
      vertex 14.875 -6.7 0.4
      vertex 14.875 -6.7 3.8147e-07
    endloop
  endfacet
  facet normal -0.608908 -0.793241 0
    outer loop
      vertex 15.8125 -6.15873 3.8147e-07
      vertex 15.9419 -6.25806 0.4
      vertex 15.8125 -6.15873 0.4
    endloop
  endfacet
  facet normal -0.608908 -0.793241 -0
    outer loop
      vertex 15.9419 -6.25806 0.4
      vertex 15.8125 -6.15873 3.8147e-07
      vertex 15.9419 -6.25806 3.8147e-07
    endloop
  endfacet
  facet normal -0.793125 -0.609059 0
    outer loop
      vertex 16.0413 -6.3875 3.8147e-07
      vertex 15.9419 -6.25806 0.4
      vertex 15.9419 -6.25806 3.8147e-07
    endloop
  endfacet
  facet normal -0.793125 -0.609059 0
    outer loop
      vertex 15.9419 -6.25806 0.4
      vertex 16.0413 -6.3875 3.8147e-07
      vertex 16.0413 -6.3875 0.4
    endloop
  endfacet
  facet normal 0.382725 -0.923862 0
    outer loop
      vertex 15.1875 -6.15873 3.8147e-07
      vertex 15.3382 -6.0963 0.4
      vertex 15.1875 -6.15873 0.4
    endloop
  endfacet
  facet normal 0.382725 -0.923862 0
    outer loop
      vertex 15.3382 -6.0963 0.4
      vertex 15.1875 -6.15873 3.8147e-07
      vertex 15.3382 -6.0963 3.8147e-07
    endloop
  endfacet
  facet normal 0.130518 -0.991446 0
    outer loop
      vertex 15.3382 -6.0963 3.8147e-07
      vertex 15.5 -6.075 0.4
      vertex 15.3382 -6.0963 0.4
    endloop
  endfacet
  facet normal 0.130518 -0.991446 0
    outer loop
      vertex 15.5 -6.075 0.4
      vertex 15.3382 -6.0963 3.8147e-07
      vertex 15.5 -6.075 3.8147e-07
    endloop
  endfacet
  facet normal 0.793125 -0.609059 0
    outer loop
      vertex 14.9587 -6.3875 0.4
      vertex 15.0581 -6.25806 3.8147e-07
      vertex 15.0581 -6.25806 0.4
    endloop
  endfacet
  facet normal 0.793125 -0.609059 0
    outer loop
      vertex 15.0581 -6.25806 3.8147e-07
      vertex 14.9587 -6.3875 0.4
      vertex 14.9587 -6.3875 3.8147e-07
    endloop
  endfacet
  facet normal 0.923963 -0.382482 0
    outer loop
      vertex 14.8963 -6.53824 0.4
      vertex 14.9587 -6.3875 3.8147e-07
      vertex 14.9587 -6.3875 0.4
    endloop
  endfacet
  facet normal 0.923963 -0.382482 0
    outer loop
      vertex 14.9587 -6.3875 3.8147e-07
      vertex 14.8963 -6.53824 0.4
      vertex 14.8963 -6.53824 3.8147e-07
    endloop
  endfacet
endsolid OpenSCAD_Model
